cn_0,"客户端版本:%s 资源版本:%u"
cn_1,下载最新版的伊丁天堂
cn_2,连接游戏服务器...(准备就绪)
cn_3,"更新数据中 (%s, %u->%u) %u%%, 请稍等..."
cn_4,"更新数据中 (%s, %u->%u), 请稍等..."
cn_5,连接服务器...
cn_6,连接服务器...(已连接)
cn_7,连接服务器...(失败)
cn_8,连接服务器....(协议错误)
cn_9,"连接失败, 请重新尝试"
cn_10,连接服务器...(握手中)
cn_11,正在加载游戏资源，此过程不消耗流量，请放心等待...
cn_12,连接更新服务器...
cn_13,连接更新服务器...(获取更新中)
cn_14,连接更新服务器...(失败)
cn_15,"更新失败, 请重新尝试"
cn_16,"接收更新中...(%u/%u) %s"
cn_17,"更新数据中(全部更新, %u->%u), 请稍等..."
cn_18,"更新数据中(局部更新, %u->%u), 请稍等..."
cn_19,"更新失败, 请重新启动. (未知更新信息:%s)"
cn_20,"更新失败, 请重新启动. (无效更新信息:%s)"
cn_21,"解压数据中 (%s, %u->%u), 请稍等...(%d%%)"
cn_22,"更新失败, 请重新启动. (解压数据失败)"
cn_23,"更新数据出错, 将重新下载或解压预设资源。"
cn_24,更新数据失败，请重新尝试下载更新
cn_25,请退出游戏后，腾出不少于%fG的空间，再点击屏幕重新进行更新
cn_26,设备剩余空间不足，无法进行更新
cn_27,　确定　|　取消　
cn_28,　确定　
cn_29,"无法使用微信登入，请确保设备已安装相关组件"
cn_30,"\fK客户端版本:%s 资源版本:%u"
cn_31,帐号已经存在
cn_32,密码错误
cn_33,"帐号被锁，请联系cs@lakoo.cn\n请提供帐户详细资讯，标题：伊丁天堂-帐户问题"
cn_34,有另外一位玩家已经登入
cn_35,帐号或密码的格式有误
cn_36,错误代码:%d
cn_37,登入失败，%s
cn_38,帐号和密码不能为空，请确认输入
cn_39,确认密码不一致，请重新确认输入
cn_40,微信服务器未回应，请重新打开伊丁天堂，点击开始游戏
cn_41,"\fK帐号"
cn_42,"\fK密码"
cn_43,"\fK登 入"
cn_44,"\fK注 册"
cn_45,"\fK取 消"
cn_46,"\fK密码确认"
cn_47,"\fK登入"
cn_48,提示
cn_49,王族
cn_50,骑士
cn_51,精灵
cn_52,法师
cn_53,暗夜精灵
cn_54,龙骑士
cn_55,幻术士
cn_56,未知职业
cn_57,人物
cn_58,背包
cn_59,魔法
cn_60,任务
cn_61,书签
cn_62,社交
cn_63,综合
cn_64,血盟
cn_65,离开
cn_66,关于
cn_67,确定
cn_68,取消
cn_69,请设置书签名字:
cn_70,添加书签
cn_71,书签
cn_72,确认删除书签
cn_73,真的要删除'%s'吗?
cn_74,一键发送聊天
cn_75,聊天快捷键
cn_76,确定离开游戏?
cn_77,"重新开始 | 返回选服 | 离开游戏"
cn_78,复活
cn_79,请选择复活方式
cn_80,"附近城镇"
cn_81,"连线中断, 原因: %u"
cn_82,连线中断
cn_83,请选择目标物品
cn_84,负重
cn_85,"\fK人 物"
cn_86,"\fK锁 定"
cn_87,"\fK整 理"
cn_88,正义
cn_89,邪恶
cn_90,中立
cn_91,"密  语"
cn_92,"邮  件"
cn_93,"封  锁"
cn_94,"删  除"
cn_95,玩家名称
cn_96,玩家血盟
cn_97,玩家称号
cn_98,职业
cn_99,等级
cn_100,添加好友
cn_101,公告栏：
cn_102,血盟名称：
cn_103,盟主：
cn_104,占有城池：
cn_105,成员人数：
cn_106,欢迎加入血盟！！！
cn_107,充值
cn_108,设定
cn_109,成功登入游戏
cn_110,请输入数量：
cn_111,"商  店"
cn_112,总价
cn_113,"\fK购  买"
cn_114,"\fK卖  出"
cn_115,请选择新角色
cn_116,请输入角色名称
cn_117,请选择推荐配点或者手动调整属性点数。
cn_118,请确定自定义分配的属性点
cn_119,暂时未开放该角色，请重新选择
cn_120,请分配所有剩余属性点
cn_121,系统错误，请重新输入
cn_122,新角色名称已存在，请重新输入
cn_123,新角色名称无效，请重新输入
cn_124,创造角色失败（错误能力值），请重新尝试
cn_125,创造角色失败（角色空间已满），请重新尝试
cn_126,无效的角色名称，请重新输入
cn_127,无效的角色创造信息
cn_128,"组  队"
cn_129,加好友
cn_130,"交  易"
cn_131,"密  语"
cn_132,"对 话"
cn_133,主动攻击
cn_134,"黑名单"
cn_135,\f3无效类型
cn_136,创建队伍
cn_137,"离  开"
cn_138,申请理由请控制在%d个汉字或%d个字母內。
cn_139,\f=取消交易
cn_140,\f2交易成功
cn_141,"交  易"
cn_142,请输入物品数量：
cn_143,"\f7未锁定"
cn_144,"\f7已锁定"
cn_145,"\fK锁定交易"
cn_146,"\fK确定交易"
cn_147,"我的物品 \f=(交易有风险，请谨防诈骗)"
cn_148,寄卖市场
cn_149,成功售出
cn_150,未售出
cn_151,购买
cn_152,出售
cn_153,领取
cn_154,物品
cn_155,名称
cn_156,剩余时间
cn_157,价格
cn_158,状态
cn_159,"\fK购买"
cn_160,"\fK取消"
cn_161,"\fK领取"
cn_162,输入搜索名称
cn_163,输入搜索名称过长
cn_164,选择出售数量：
cn_165,"\fK全部"
cn_166,选择出售价格：
cn_167,"总价"
cn_168,选择出售期限：
cn_169,12小时
cn_170,24小时
cn_171,48小时
cn_172,手续费：
cn_173,"\fK出  售"
cn_174,"\fK取  消"
cn_175,请输入出售数量
cn_176,请输入出售价格
cn_177,"\f3受诅咒的\n"
cn_178,"\f2受祝福的\n"
cn_179,"\f>职业："
cn_180,"\f>[所有职业]"
cn_181,"\f>[王]"
cn_182,"\f>[骑]"
cn_183,"\f>[精]"
cn_184,"\f>[法]"
cn_185,"%s\f>对小怪/大怪的伤害：%d/%d\n"
cn_186,"%s%s防御：%d\n"
cn_187,"%s\f>材质：%s\n重量：%u\n"
cn_188,"\f3不可交易\n"
cn_189,"\f2不会损坏\n"
cn_190,"\f>双手武器\n"
cn_191,"%s\f3无法强化\n"
cn_192,"%s\f2安定：%d\n"
cn_193,"%s\f>%s强化：%+d\n"
cn_194,"%s\f>%s损坏：%d\n"
cn_195,"%s\f>%s命中：%+d\n"
cn_196,"%s\f>%s伤害：%+d\n"
cn_197,"%s\f>%s远程命中：%+d\n"
cn_198,"%s\f>%s远程物攻：%+d\n"
cn_199,"%s\f>%s力量：%+d\n"
cn_200,"%s\f>%s敏捷：%+d\n"
cn_201,"%s\f>%s体质：%+d\n"
cn_202,"%s\f>%s精神：%+d\n"
cn_203,"%s\f>%s智力：%+d\n"
cn_204,"%s\f>%s毅力：%+d\n"
cn_205,"%s\f>%s幸运：%+d\n"
cn_206,"%s\f>%s体力：%+d\n"
cn_207,"%s\f>%s魔力：%+d\n"
cn_208,"%s\f>%s魔防：%+d\n"
cn_209,"%s\f>%s抵抗冰冻：%+d\n"
cn_210,"%s\f>%s抵抗石化：%+d\n"
cn_211,"%s\f>%s抵抗昏睡：%+d\n"
cn_212,"%s\f>%s抵抗暗盲：%+d\n"
cn_213,"%s\f>%s抵抗眩晕：%+d\n"
cn_214,"%s\f>%s抵抗束搏：%+d\n"
cn_215,"\f2吸取体力\n"
cn_216,"\f2吸取魔力\n"
cn_217,"%s\f>%s体力恢复：%+d\n"
cn_218,"%s\f>%s魔力恢复：%+d\n"
cn_219,"%s\f>%s魔攻：%+d\n"
cn_220,"\f2加速效果\n"
cn_221,"%s\f>营养度：%d\n"
cn_222,"%s\f>照明范围：%d\n"
cn_223,"%s\f>%s火防：%+d\n"
cn_224,"%s\f>%s水防：%+d\n"
cn_225,"%s\f>%s风防：%+d\n"
cn_226,"%s\f>%s土防：%+d\n"
cn_227,"%s未鉴定\n\n提示：可在道具店购买鉴定卷轴进行鉴定"
cn_228,"\fK使  用"
cn_229,"\fK销  毁"
cn_230,"\fK出  售"
cn_231,"\fK体力"
cn_232,"\fK魔力"
cn_233,"\fK经验"
cn_234,"\fK等级"
cn_235,血盟:
cn_236,称号:
cn_237,"\fK物理攻击"
cn_238,"\fK魔法攻击"
cn_239,"\fK物理防御"
cn_240,"\fK魔法防御"
cn_241,"\fK移速/攻速"
cn_242,"\fK远程闪避"
cn_243,"\fK火　　防"
cn_244,"\fK水　　防"
cn_245,"\fK风　　防"
cn_246,"\fK土　　防"
cn_247,"\fK饱饿度"
cn_248,"\fK力量"
cn_249,"\fK体质"
cn_250,"\fK敏捷"
cn_251,"\fK智力"
cn_252,"\fK精神"
cn_253,"\fK毅力"
cn_254,"\fK剩余"
cn_255,"\fK修改称号"
cn_256,"\fK分配属性"
cn_257,"\fK属  性"
cn_258,"\fK装  备"
cn_259,"\fK背  包"
cn_260,"属  性"
cn_261,"\fK添 加"
cn_262,"\fK发  言"
cn_263,"\f8用户名 信息"
cn_264,"\f9综  合"
cn_265,"\f9附  近"
cn_266,"\f9世  界"
cn_267,"\f9血  盟"
cn_268,"\f9队  伍"
cn_269,"\f9密  语"
cn_270,"\f9系  统"
cn_271,"\fQ综  合"
cn_272,"\fQ附  近"
cn_273,"\fQ世  界"
cn_274,"\fQ血  盟"
cn_275,"\fQ队  伍"
cn_276,"\fQ密  语"
cn_277,"\fQ系  统"
cn_278,"当  前"
cn_279,"大  喊"
cn_280,"世  界"
cn_281,"血  盟"
cn_282,"队  伍"
cn_283,"密  语"
cn_284,"装  备"
cn_285,"\fK属  性"
cn_286,"\fK装  备"
cn_287,"\fK背  包"
cn_288,"背  包"
cn_289,"\f2操作已取消"
cn_290,"\f2操作无效 请选择武器"
cn_291,"\f2操作无效 请选择防具"
cn_292,"\f2操作无效 请选择饰品"
cn_293,"\fK确定"
cn_294,"\fK最  大"
cn_295,"\f2无效字符"
cn_296,"\f2内容过长，请重新输入"
cn_297,"客户端版本:%u (%s) 资源版本:%u 服务器版本:%u"
cn_298,指令错误
cn_299,"\f3错|"
cn_300,"\f>内|"
cn_301,"\fF世|"
cn_302,"\fC盟|"
cn_303,"\fU队|"
cn_304,"\fa交|"
cn_305,"\f<联|"
cn_306,"\fH喊|"
cn_307,"\fK聊|"
cn_308,"\fP密|"
cn_309,"\fK力量"
cn_310,"\fK体质"
cn_311,"\fK敏捷"
cn_312,"\fK精神"
cn_313,"\fK智力"
cn_314,"\fK毅力"
cn_315,"\fK剩余点数"
cn_316,"\fK确定"
cn_317,"\fK取消"
cn_318,"魔  法"
cn_319,"\fK普通魔法"
cn_320,"\fQ普通魔法"
cn_321,"\fK职业魔法"
cn_322,"\fQ职业魔法"
cn_323,"\f7距离：%u"
cn_324,"\f7距离：全屏"
cn_325,"\fP消耗MP：%u"
cn_326,"\fH消耗物品：%s"
cn_327,"\fH消耗物品：无"
cn_328,"\fK使 用"
cn_329,"社  交"
cn_330,"\fQ好  友"
cn_331,"\fQ队  伍"
cn_332,"\fQ血  盟"
cn_333,"\fQ邮  件"
cn_334,"\fQ黑名单"
cn_335,"\fK确 定"
cn_336,"\fK取 消"
cn_337,"仓  库"
cn_338,仓库空间：
cn_339,背包空间：
cn_340,"\fK存  入"
cn_341,"\fK取  出"
cn_342,是
cn_343,否
cn_344,"背景音乐 :"
cn_345,"声音特效 :"
cn_346,"\fK血盟 ："
cn_347,"\fK职业 ："
cn_348,"\fK体力 ："
cn_349,"\fK魔力 ："
cn_350,"\fK等级 ："
cn_351,"\fK防御 ："
cn_352,"\fK力量 ："
cn_353,"\fK敏捷 ："
cn_354,"\fK体质 ："
cn_355,"\fK精神 ："
cn_356,"\fK毅力 ："
cn_357,"\fK智力 ："
cn_358,"\f>开始游戏"
cn_359,"\fK王 族"
cn_360,"\fK骑 士"
cn_361,"\fK法 师"
cn_362,"\fK精 灵"
cn_363,"\f>选择职业"
cn_364,"\f>返 回"
cn_365,"\f>创造角色"
cn_366,"\fK请输入角色名称"
cn_367,"\f>手动调整"
cn_368,"\fK剩余点数"
cn_369,"\f>取 消"
cn_370,"\f>确 定"
cn_371,输入的角色名称字必须在(1-%d)中文或(1-%d)英文的范围内
cn_372,"\f7可以创造新角色"
cn_373,"\f:王族"
cn_374,"\f:骑士"
cn_375,"\f:法师"
cn_376,"\f:精灵"
cn_377,"\f>推荐配点"
cn_378,"\f>推荐配点"
cn_379,"\f>推荐配点"
cn_380,"\f>推荐配点"
cn_381,"\f>推荐配点"
cn_382,"\f>推荐配点"
cn_383,"\f>推荐配点"
cn_384,"\f>推荐配点"
cn_385,　　　操作难度：★★★☆拥有高贵不凡的血统和崇高的名望，荣誉和权威的象徵！可穿戴大部分的武器和装备，秉承皇室血脉，富有凝聚力，可发动号召，组建血盟！
cn_386,　　　操作难度：★★以手中之剑立誓，必将铲除邪恶，扞卫和平！是勇敢与忠诚的象徵。拥有强健的体魄和强大的韧性，可装备重型盔甲，他们的力量更会为手中的武器增加优势，造成更大伤害！
cn_387,　　　操作难度：★★★★★受创世神蒂安眷顾，天赋异能，能领悟自然法则之力，学习魔法技能，拥有强大的远程输出能力。种类繁多的魔法技能，多重选择的发展方向，诠释魔法的至高真谛！
cn_388,　　　操作难度：★★☆热爱和平，向往正义与自由，对待其他生物都非常友善，但极度敌视邪恶种族。他们的能力是最为平衡的，能使用多种类的武器装备和魔法，拥有多种成长方向！
cn_389,"力量：力量影响\fW负重\f>、\fW近战物攻\f>、\fW近战命中\f>\n敏捷：敏捷影响\fW远程闪避\f>、\fW远程物攻\f>、\fW远程命中\f>\n体质：体质影响负\fW重量\f>、角色升等级时所增加\fW体力值\f>、\fW体力恢复量\f>以及\fW命中抵抗\f>\n精神：精神影响角色升等级时所增加\fW魔力值\f>、\fW魔力恢复量\f>、\fW魔法防御\f>和\fW治愈魔法的治疗量\f>\n智力：智力影响\fW施法成功机率\f>、\fW魔攻\f>、及使用魔法时\fW减少消耗的魔力\f>\n毅力：毅力影响召唤术所能\fW召唤魔物的数量\f>，骑士和王族的\fW近战暴击几率\f>，王族的毅力值对于所能招收的\fW血盟成员数量\f>，额外毅力属性(装备／临时状态)不影响血盟成员数量"
cn_390,确定永久删除角色“%s”吗？
cn_391,"\f=[普通区]"
cn_392,"\f2[安全区]"
cn_393,"\f3[战斗区]"
cn_394,"\f6!!!错误区域!!!"
cn_395,"一键发言频道为:\fW%s"
cn_396,"\f3没有选中目标，无法进行该操作"
cn_397,"精灵夜视 :"
cn_398,"踢  除"
cn_399,加好友
cn_400,"\fK储值"
cn_401,防御:%d
cn_402,"\fK请输入书签名称:"
cn_403,请输入物品数量：
cn_404,请输入数量：
cn_405,"\f3你的情绪恢复到正常。"
cn_406,"\f2从身体的深处感到热血沸腾。"
cn_407,"\f2身体内深刻的感觉到充满了森林的活力。"
cn_408,"\f2从身体的深处感到热血沸腾。"
cn_409,"\f3等级 %u 以下才可使用此道具。"
cn_410,"\fG你的身体开始麻痹，无法动弹。"
cn_411,"\fG你的身体开始僵直石化，无法动弹。"
cn_412,"\fG你开始沉睡。"
cn_413,"\fa被冻结了。"
cn_414,"\fa处于昏迷状态。"
cn_415,"\fa双脚受困无法移动。"
cn_416,"\fG你可以动了。"
cn_417," 的"
cn_418,"当前坐标: (%u,%u)"
cn_419,"服务器启动: %02d-%02d-%02d %02d:%02d:%02d"
cn_420,"纹理资料: 数量=%u 已载入=%u (%uKB) 最大可被载入=%uKB, //420"
cn_421,"未知方向"
cn_422,"\f3什么!"
cn_423,"错误：对话档 不存在"
cn_424,"\fP数量：%u"
cn_425,"\fK请输入文字:"
cn_426,"\fK请输入新称号名称:"
cn_427,"返回"
cn_428,"服务器公告"
cn_429,"\f3描述不存在!!"
cn_430,加血盟
cn_431,离开血盟
cn_432,"\f2你的精神力变强。"
cn_433,请输入新血盟的名称
cn_434,"%s\f3冷却：%.1f秒\n"
cn_435,"%s\f=套装:[%s]\n"
cn_436,输入内容不能为空
cn_437,请输入正确的邮件格式
cn_438,"\f3你说得太快了"
cn_439,"微信："
cn_440,登出
cn_441,"\fK成  就"
cn_442,服务器维护中!
cn_443,"\f3重复发言太快了！"
cn_444,"无法进入游戏 (%d) ：侦测到ROOT"
cn_445,"无法进入游戏 (%d) ：侦测到模拟器"
cn_446,"无法进入游戏 (%d) ：运行环境异常： %s "
cn_447,"无法进入游戏 (%d) ：无法读取游戏档案"
cn_448,"\fK完 成"
cn_449,切换物品锁定状态
cn_450,"\f9销  毁"
cn_451,确认销毁
cn_452,真的要销毁'%s'吗?
cn_453,"\f3侦测到外挂、模拟器或自动化工具"
cn_454,"\f=到期日：%s\n"
cn_455,开始游戏
cn_456,帐号复原
cn_457,"\f9成  就"
cn_458,服务器人数已满。排队中，目前位置：%d
cn_459,读取订阅资讯失败，请重试
cn_460,"请等待确认订阅弹窗，勿进行任何操作\n订阅成功后，请按确定并重新启动游戏"
cn_461,"订阅即将过期，要现在续订吗？ (宽限期：%d秒)"
cn_462,订阅
cn_463,"\f2您现在是游客登入状态，移除 伊丁天堂 后，数据将无法保留\n请与游戏内的永生者完成帐户绑定"
cn_464,绑定帐号
cn_465,"\f3绑定帐号失败，请检查登入状态"
cn_466,"\f=绑定帐号后，游戏将重新启动"
cn_467,"\f3绑定帐号失败，帐号已被使用"
cn_468,正在连接帐号服务器??
cn_469,"Lv %d"
cn_470,确定取消删除角色“%s”吗？
cn_471,(删除中)
cn_472,"\fK此角色将于到期时间被删除"
cn_473,"\f=取消删除请按橙黄删除键"
cn_474,此帐号未创建角色，继续请按开始游戏
cn_475,"恢复帐户仅供已绑定帐户的用户使用\n其他用户请按取消返回，直接开始游戏"
cn_476,　确定恢复　|　取消　
cn_477,"\fK更  新"
cn_478,阶级
cn_479,职等
cn_480,盟主
cn_481,守护
cn_482,精英
cn_483,学徒
cn_484,确认要离开血盟吗？
cn_485,请输入新称号：
cn_486,请选择新阶级：
cn_487,　守护　|　精英　|　学徒　
cn_488,"\f=血盟已经由盟主申请解散，最终解散时间为%s"
cn_489,赋予称号
cn_490,赋予阶级
cn_491,解散血盟
cn_492,取消解散
cn_493,"\f=血盟公告："
cn_494,确认要取消解散血盟吗？
cn_495,确认要请离玩家“%s”吗？
cn_496,请输入血盟公告：
cn_497,请离血盟
cn_498,玩家守则
cn_499,"感谢和欢迎进入伊丁天堂，基于维护长期稳定公平的游戏环境原则，我们（拉阔游戏，下同），请玩家仔细阅读以下玩家守则，并在伊丁天堂游玩中遵照执行。玩家创建游戏角色进入伊丁天堂，即被视为同意接受以下玩家守则。若对玩家守则有任何疑问，请发信 cs@lakoo.cn。\n\n\f=[帐户安全]\f>\n\n1.伊丁天堂游戏是使用微信账户登录，我们服务器无法分辨：已通过微信验证的帐户登录行为，是否为本人所为。\n2.强烈建议玩家加强用于登录伊丁天堂的微信账户的安全设定。\n3.强烈建议玩家的微信帐户绑定本人手机号码。\n4.在创建帐号时，按照《网络游戏管理暂行规定》及文化部《关于规范网络游戏运营加强事中事后监管工作的通知》的要求，您必须进行实名注册。您进行实名注册时，应提供有关您本人真实、合法、准确、有效的身份信息及其他相关信息，且不得以他人身份资料进行实名注册。在创建完成后的使用过程中，如提供个人信息发生改变，应及时更新。如果您提供的信息不真实、误导、不准确、过期、不详尽的，我们有权立即终止本协议并封停或者删除您的用户帐号，所造成的一切责任和后果由您自行承担。如您需要修改所提供的个人身份资料信息（譬如改名、身份证号重号等）的，应当提供公安机关相应的证明，我们确认后会及时、有效地为您提供该项服务。\n5.伊丁天堂会按照国家相关要求将您的实名注册信息运用于防沉迷系统之中，即可能会根据您的实名注册信息判断您是否年满18周岁，从而决定是否对您的游戏账号予以防沉迷限制。\n6.玩家游戏数据只保留最近90天，超过90天的数据将会删除，无法提供查询。\n7.同一 IP 在同一区服，登录数量最高限制为5个。如果登录数量超过5个，我们将对所有帐户进行冻结处理，情节较轻的冻结帐户7天，情节严重的永久冻结帐户。\n8.帐户密码标志着帐户的使用权。玩家帐户使用的密码不得以任何理由给予另外一个玩家。若玩家将密码透露给第三方，意味着将帐户的使用权也转让给了第三方，由此产生的帐户以及游戏道具损失由玩家自行负责！\n9.如您发现您的帐号被非法使用或者有其他异常情况，可以通知我们采取暂停该帐号使用的措施。我们因根据您的请求采取相应措施而造成您及其他用户损失的，由您自行承担。您应当提供与帐号注册时相一致的身份信息，否则无义务提供相应的服务。\n\n\f=[游戏角色命名]\f>\n\n游戏中的名字开始只作为一种称呼，但是随着您在游戏中的经历，它将不仅仅只是一个称谓，更代表一个人品格、信誉和能力。请慎重使用赋予您的这种权利，让您的名字跟随您在游戏数据中写下漂亮的篇章。\n虽然人物昵称、血盟名称等名称可以由您来命名，但是为了维护游戏世界中的洁净与和谐，我们不允许出现包括但不限于：国内外政治敏感人物、涉嫌反动、恐怖主义敏感词、迷信、性别歧视、种族歧视、宗教、淫秽、粗俗、诽谤、恐吓、攻击性、污辱性、可能引起普遍误会的、违禁药品等内容的名称。\n另有特殊情况（如利用类似他人游戏名字故意违反游戏守则），将在核实其行为后，锁号处罚。\n\n\f=[关于交易]\f>\n\n1.物品区分为：不可交易，只可寄卖和可个人交易。\n2.物品的交易属性会在物品的描述内说明。\n3.我们不会主动干涉，来源正常的金币或物品，在游戏内外交易。\n4.我们不主张玩家在游戏外，以真实货币或物品进行游戏金币或物品的交易。\n5.若玩家坚持在游戏外进行交易的，由此带来的一切风险和损失由玩家自行承担。我们不参与解决任何游戏外交易所产生的玩家之间的纠纷。\n6.若游戏内外的交易内容，涉及恶意利用漏洞的产出，我们将回溯交易，追回异常产出。\n7.如在游戏中发现异常交易，可能会被禁止交易功能。\n8.我们不提供游戏历程等数据查询服务，若玩家因采取法律行动需要，申请调取游戏历程作为证据，请以角色对应帐户联系我们，并提供取证文书与身份证件的彩色照片。\n\n\f=[游戏管理员(GM)]\f>\n\n1.游戏内 GM 名称清单：GM01~GM99；在这个清单之外的，声称自己是 GM 的角色都是假的，欢迎玩家举报。\n2.GM名称颜色皆为特殊的黄或纯黑变色。\n3.任何 GM 都不会在游戏、论坛或任何途径，向玩家索要帐户密码等资讯，请勿被骗。\n4.任何 GM 或我们的同事，都不会在游戏内或游戏外，向玩家贩卖金币、装备和物品。所有以 GM 或者官方名义出售金币、装备和物品的都是骗子，欢迎玩家举报。\n\n\f=[游戏PK规则]\f>\n\n在伊丁天堂世界内，对手击杀（即 PK 您的敌人或其它玩家），认为是游戏的一部分而不是骚扰性的。\n在游戏中玩家需要切换 PK 模式后才能 PK 其他玩家，当玩家进行 PK 成功杀死其他玩家后，系统会有记录，并影响玩家的正义值。同时，游戏中也设计了禁止 PK 的安全区域。我们不主张也不反对玩家在游戏世界中的快意恩仇。\n但在某些极端或过分骚扰的情况下，请联系 GM，视情况处理。\n\n\f=[伊丁天堂不允许的行为]\f>\n\n聊天频道内不允许行为\n1.发布游戏外虚拟道具与真实货币交易的讯息。\n2.重复发送高度相似讯息，引起其他玩家的困扰和投诉。\n3.发送包括但不限于：政治、政治人物、反动、歧视、宗教、迷信、淫秽、诽谤、恐吓、恐怖主义、攻击性、污辱性、违禁药品等讯息。\n4.利用文字变色伪装系统讯息，引起玩家普遍误会，如：伪装成怪物掉落宝物的讯息。\n5.冒充官方，散布谣言，企图破坏游戏环境。\n6.传播任何与伊丁天堂游戏无关的资讯，引起其他玩家的困扰和投诉。\n其他不允许行为\n1.冒充 GM，实行欺诈，散布谣言等方式，从中得利。\n2.宣传非官方发布的伊丁天堂客户端、外挂工具、方法等（外挂工具包含按键精灵，物理辅助点击器等）。\n3.恶意利用游戏漏洞获利，影响游戏世界的公平。\n4.使用非官方发布程式作弊，包括但不限于：自动打怪、自动练级、自动吃药、自动完成任务、加速行走等等，超出游戏设计合理范围的操作。\n玩家若有以上行为，经过确认后，我们会视乎实际情况，采用以下的行动：\n\f3禁止交易\n\f3强制下线\f>\n\f3暂时锁号\f>\n\f3强制修改角色名称\f>\n\f3追回物品和金钱\f>\n\f3永久锁号\f>\n\n\f=[游戏不受理的请求]\f>\n\n1.玩家请求追回因自身疏忽大意而损失的虚拟财产，如：游戏交易系统正常，玩家交易时未认真检视交易物品。\n2.玩家请求追回因线下交易而损失的虚拟财产。\n3.玩家无理要求解锁因违反伊丁天堂玩家守则而被执行强制措施的帐户，玩家可查询被锁原因、配合官方复查、合理申诉帐户解锁。\n4.玩家请求追回因正常游戏设定而损失的虚拟财产，如：强化装备失败，角色死亡掉落物品，减经验等。\n5.玩家请求追回因听信谣言而损失的虚拟财产，任何讯息请以官网资讯为准，切勿听信谣言。\n6.伪造虚假讯息，企图欺骗官方管理员，获取利益的行为。\n\n\f=[游戏服务之变更及中断]\f>\n\n1.我们拥有所提供的游戏服务内容之制作、追加、变更、删除、维护、保全、保安、解释等的权利，为了维持游戏内的秩序和游戏性，公司可以采取必要的措施。另外，为了提供完整之游戏服务，可根据营运上或技术上的必要性变更服务。\n2.根据第1项变更服务时，我们将在变更之前于游戏服务内公告相关内容。\n3.我们为提供圆满之服务给申请服务之用户，可未经用户额外同意，设置或变更(更新)个别软件、保安软件、支付套件等。但安装广告软件等跟服务无关之软件时，必须告知用户并事先取得同意。\n4.因转让营业、分割、合并等中止营业、提供游戏之合约到期、游戏服务营利等经营不善、难以持续游戏服务时，可中断所有服务。有前述情形时， 应于30日前于游戏服务网页上将游戏服务中断之讯息、中断日期、中断事由、补偿条件等公告。如遇到无法透过事前通知之不得已情形时，我们得采取事后告知之方式通知游戏服务用户。\n5.我们不承担由于服务更改或中断而导致用户预期的非真实的收益损失，或用户未取得公司非直接提供的优惠(包括但不限于需透过参与活动而取得优惠)而导致的任何损失。\n\n\f=[责任限制]\f>\n\n在任何情况下，不论我们是否已经告知该损害，也不论该诉讼是否基于合约、侵害知识产权、侵权、过失或其他请求依据，我们对于您因本守则相关或衍生的或任何他人、团体诉讼、或任何损失、损害、诉讼、请求或其他程序所生的任何偶然性损害、间接性损害、惩罚性赔偿、法定赔偿、定额赔偿、预期利益、或特别损害，我们对您皆不负任何责任。您同意不提出任何与上述责任限制不符的诉讼。部份上述的责任限制在某些管辖地可能不被允许，若有任一法院认为应适用此管辖地的法律，我们应在法律许可的最大程度范围内予以免责。\n\n\f=[重要提示]\f>\n\n我们有权根据伊丁天堂的发展和需要，保留修改本《玩家守则》的权利。修改《玩家守则》时，我们将会在伊丁天堂游戏官方主页公告修改内容，而不另对玩家进行个别通知。请玩家留意官方主页的公告。\n\n本《玩家守则》自2019年8月8日生效。"
cn_500,选择目标
cn_501,"\f=Boss: %s 出现了！ (%s) [ %s]"
cn_502,购买记录已绑定至其他游戏帐号，请按确定查看详情
cn_503,举报
cn_504,目标玩家
cn_505,举报类型
cn_506,外挂
cn_507,其他
cn_508,补充说明:(100字内)
cn_509,洛基的谜题
cn_510,"A | B | C | D "
cn_511,同意并遵守
cn_512,本地帐号
cn_513,"\n(参考编号：%s)"
cn_514,订阅验证发生未知错误
cn_515,订阅帐户验证错误
cn_516,订阅帐户验证无效
cn_517,订阅帐户与游戏帐户不符
cn_518,订阅帐户与游戏帐户不符
cn_519,订阅帐户已关联其他游戏帐户
cn_520,"%s\f=最低使用等级：%d\n"
cn_521,"%s\f=最高使用等级：%d\n"
cn_522,"%s\f=使用位置：%s (%u,%u)\n"
cn_523,"\f=帐号被锁，将会在 %s 解锁。"
cn_524,"\f3帐号永久被锁"
cn_525,"\n(原因: %s)\n请联系cs@lakoo.cn\n请提供帐户详细资讯，标题：伊丁天堂-帐户问题"
cn_526,确认丢弃物品
cn_527,真的要丢弃'%s'吗?
cn_528,联系客服
cn_529,常见问题
cn_530,帮助资讯
cn_531,选择反馈类型
cn_532,反馈问题说明描述
cn_533,官方微信公众号:伊丁天堂（ID：Teoncn）
cn_534,联系邮箱:cs@lakoo.cn
cn_535,请于左边反馈类型栏选择需要提交的问题类型
cn_536,提交反馈
cn_537,输入内容已超出限制长度
cn_538,请你绑定游戏账号再反馈问题
cn_539,提交成功，请留意你登录游戏的帐号邮箱内查看回覆
cn_540,ID
cn_541,角色名称
cn_542,角色等级
cn_543,角色职业
cn_544,客户端版本
cn_545,帐号:
cn_546,角色:
cn_547,关键词:
cn_548,系统提示:
cn_549,描述:
cn_550,输入绑定游戏角色的帐号
cn_551,输入游戏里的角色名称
cn_552,反馈问题的关键字
cn_553,游戏出现错误后出现的系统提示
cn_554,描述问题出现的时间、操作、困扰或者期望的解决方案等
cn_555,BUG反馈
cn_556,月费问题
cn_557,游戏问题
cn_558,投诉建议
cn_559,角色异常
cn_560,登入被拒
cn_561,"\fP消耗HP：%u"
cn_562,"重置快捷键："
cn_563,向左
cn_564,向右
cn_565,伊丁天堂需要系统权限存取游戏帐号和资源
cn_566,信息
cn_567,公告
cn_568,更新内容
cn_569,选择查看
cn_570,内容
cn_571,请于左边选择有关公告内容
cn_572,你寻找的目标不在当前地区
cn_573,版本归属
cn_574,"\fK临时魔法"
cn_575,"\fQ临时魔法"
cn_576,"\fC你正被 \f=%s \fC袭击，已将其加入仇恨名单，无需开启PK即可攻击对方"
cn_577,受击提醒：
cn_578,管理
cn_579,设置
cn_580,兑换码
cn_581,请输入兑换码：
cn_582,确定兑换
cn_583,录影
cn_584,兑换码规则描述：
cn_585,选择服务器
cn_586,服务器
cn_587,请先选择游戏服务器
cn_588,操作
cn_589,"\f=%s 刷出 [%s] %s"
cn_590,寄卖市场
cn_591,成功购买被封印的誓约书[15天]后，将直接解封并增加360小时的有效誓约。
cn_592,寄卖超过6小时后无人购买，可重新上架或取回
cn_593,"* 请核对价格，购买后不可撤销。"
cn_594,剩余%s
cn_595,重新上架
cn_596,取回
cn_597,我要寄卖
cn_598,请选择寄卖物品
cn_599,正在寄卖
cn_600,寄卖已超时
cn_601,武器
cn_602,防具
cn_603,道具
cn_604,单手剑
cn_605,双手剑
cn_606,钝器
cn_607,匕首
cn_608,杖
cn_609,弓
cn_610,矛
cn_611,单手矛
cn_612,双手钝器
cn_613,头盔
cn_614,盔甲
cn_615,T恤
cn_616,斗篷
cn_617,手套
cn_618,鞋
cn_619,盾牌
cn_620,腰带
cn_621,项链
cn_622,戒指
cn_623,耳环
cn_624,臂甲
cn_625,箭矢
cn_626,魔杖
cn_627,宝石
cn_628,补给品
cn_629,卷轴
cn_630,魔法书
cn_631,材料
cn_632,其他
cn_633,"单价"
cn_634,"数量"
cn_635,价格排序
cn_636,总数
cn_637,已售数量
cn_638,收益
cn_639,总收益：
cn_640,一键提取
cn_641,领取收益
cn_642,寄卖比例：
cn_643,已出售
cn_644,搜寻不到你输入的物品名称
cn_645,全部
cn_646,请等待确认付费弹窗，勿进行任何操作
cn_647,正在与服务器验证付费结果，勿进行任何操作
cn_648,处理已超时，如有问题请联系客服
cn_649,服务器验证失败，错误代码:%d
cn_650,付费并验证成功，请检查
cn_651,再次付费操作会尝试验证上次失败的交易(最多三次)
cn_652,无法进行付费流程，请检查绑定帐号状态
cn_653,"* 请核对价格，寄卖后不可撤回。"
cn_654,"套装 [%s] --- %s"
cn_655,请先绑定帐号后再继续付费
cn_656,血盟战旗
cn_657,请为您的血盟战旗设定旗号
cn_658,修改战旗
cn_659,"1.选战旗造型，定旗号，旗号独一无二（限制长度为一个中文字符或者两个英文字符）。\n2.每款不同造型的战旗各自有独立的售价。\n3.每个血盟仅有一次设定战旗的机会，选定战旗后，不可更改。"
cn_660,正在验证您的会员订阅纪录，请稍等
cn_661,成功验证会员订阅纪录
cn_662,没有查询到会员订阅纪录。如有问题，请联系客服
cn_663,您的会员订阅已过期，请续费会员
cn_664,使用
cn_665,伊丁天堂秀
cn_666,兑换
cn_667,纹饰
cn_668,预设
cn_669,背景
cn_670,人物
cn_671,效果
cn_672,"\f3所需消耗物品数量不足"
cn_673,时长
cn_674,"\f3无法在已兑换的栏位保存伊丁天堂秀"
cn_675,"\f3无法兑换已拥有的伊丁天堂秀组合"
cn_676,"\f3兑换失败，你无法兑换会员专属的伊丁天堂秀元素。"
cn_677,"将要在第 %hhu 栏兑换伊丁天堂秀，消耗 %d 件物品："
cn_678,"1.每个角色拥有有I、II、III栏位，I为预设伊丁天堂秀，不可更改。\n2.伊丁天堂秀由人物、背景、效果三种元素组合而成，每种元素的序号为1-10。\n3.带*号的序号为会员专属元素。\n4.兑换伊丁天堂秀需要消耗魔法染料，选择的时长不同，则消耗的魔法染料数量不同。\n5.特殊魔法染料可以兑换固定组合的伊丁天堂秀。\n6.II,III栏目仅能保留一套伊丁天堂秀，若重复兑换，则会替换。\n7.“存储”仅是存储当前栏目的元素组合序号，并未生效，“兑换”成功才能让伊丁天堂秀生效。"
cn_679,"背景 %hhu，人物 %hhu，效果 %hhu"
cn_680,"持续时间：%hhu 天"
cn_681,"\f2存储成功"
cn_682,"\f2兑换成功，伊丁天堂秀组合已生效"
cn_683,确认兑换
cn_684,"\f3所需消耗物品数量不足"
cn_685,"1.纹饰持续时间：%hhu 天。\n2.兑换纹饰需要消耗魔法染料。\n3.不可同时存在多种纹饰。\n4.重复多次兑换不可叠加有效时间，仅以最新有效期为准。"
cn_686,"将要兑换 %hhu 号纹饰，消耗 %d 件物品："
cn_687,玩家资料
cn_688,玩家资料
cn_689,伊丁天堂秀
cn_690,存储
cn_691,兑换
cn_692,下一套
cn_693,上一套
cn_694,过期时间
cn_695,王
cn_696,骑
cn_697,法
cn_698,精
cn_699,魔法染料
cn_700,"\f=预设造型，无需兑换"
cn_701,"\f2您获得 %s"
cn_702,福利
cn_703,"锁定快捷键："
cn_704,NPC坐标
cn_705,取消指引
cn_706,会员专属
cn_707,队员名片
cn_708,请登入已绑定的帐号，继续会员订阅流程
cn_709,错误：订阅会员须先与游戏内的永生者完成帐户绑定
cn_710,订单ID已被使用
cn_711,会员订单ID已被其他游戏帐号绑定
cn_712,受击切换：
cn_713,多点触控：
cn_714,切换快捷键：
cn_715,您未拥有誓约书，不能使用第二套快捷键
cn_716,显示等级：
cn_717,帐号仓库
cn_718,血盟仓库
cn_719,角色仓库
cn_720,"与服务器连线中断，将重新建立连线: %u"
cn_721,重新连线
cn_722,支持并评分
cn_723,反馈吐槽
cn_724,继续体验
cn_725,感谢您安装并使用伊丁天堂，请问您在伊丁天堂内的体验如何？
cn_726,进行中
cn_727,已完成
cn_728,邀请游戏
cn_729,我的邀请链接
cn_730,复制
cn_731,分享
cn_732,邀请新玩家进行游戏，当他（她）满足一定条件你可获得丰厚奖励哦！
cn_733,"奖励规则——\n1.每个帐户（邀请方）都有独立的超链，邀请方通过自身的超链邀请新晋帐户（受邀方）。\n2.受邀方达到特定的状态时，邀请方可以获得系统奖励。\n3.邀请方可以同时邀请多个新晋帐户。\n4.邀请方和受邀方必须同服，不可跨服跨平台。\n5.受邀方的任意角色达到30，49，59级或者订购会员时，邀请方获得系统奖励。\n6.邀请礼包I（30级）：终极治愈药水*10，强化自我加速药水*3。\n7.邀请礼包Ⅱ（49级）：破旧的高级变形卷轴*3\n8.邀请礼包Ⅲ（59级）：高级变形卷轴*3\n9.邀请月费礼包：对防具强化的卷轴*1，对武器强化的卷轴*1"
cn_734,复制成功
cn_735,复制失败
cn_736,"%s\f=伊丁秘录:%s\n"
cn_737,任务列表
cn_738,循环任务
cn_739,可接
cn_740,不可接
cn_741,不可交
cn_742,可交
cn_743,能力分布
cn_744,属性影响说明
cn_745,"附近城镇 | 原地复活 "
cn_746,"地图"
cn_747,"请输入坐标"
cn_748,"\f2你的位置"
cn_749,"区域"
cn_750,"世界"
cn_751,"NPC"
cn_752,"此区域没有小地图"
cn_753,"\f3请输入正确的坐标格式"
cn_754,"\f3已超出地图坐标"
cn_755,"\f2指引"
cn_756,"\f2传送"
cn_757,"你所在区域的空间不稳定，无法使用路线指引功能。"
cn_758,"血盟"
cn_759,"敌对血盟："
cn_760,"战绩："
cn_761,"荣誉"
cn_762,"最后登入时间"
cn_763,"盟战排行榜"
cn_764,"战绩"
cn_765,"总战评"
cn_766,"战榜"
cn_767,"战帖"
cn_768,"请选择将宣战的血盟"
cn_769,"宣战"
cn_770,"确定对%s宣战吗?"
cn_771,"投降"
cn_772,"休战"
cn_773,"地图暂未开放"
cn_774,"你所在区域的空间不稳定，无法确定位置"
cn_775,"添加"
cn_776,"删除"
cn_777,"视频攻略"
cn_778,"新手入门"
cn_779,"进阶教学"
cn_780,"玩家视频"
cn_781,"即将进入视频教学"
cn_782,"视频名称：%s\n强烈推荐第一次玩本游戏观看，以后如果想继续了解操作教学，请点击视频列表查看"
cn_783,"　跳过视频　|　观看教学　"
cn_784,"立即前往"
cn_785,"直接拒战"
cn_786,"此装备已有保护"
cn_787,"　替换　|　取消　"
cn_788,受击特效：
cn_789,"此装备已有强力保护"
cn_790,"了解方位"
cn_791,"操作快捷键"
cn_792,"变形系统"
cn_793,"穿戴装备"
cn_794,"攻击怪物"
cn_795,"鉴定物品"
cn_796,"学习魔法"
cn_797,"强化装备"
cn_798,"真的要丢弃%d个%s吗?"
cn_799,类型
cn_800,到期时间
cn_801,无
cn_802,奖励
cn_803,会员
cn_804,十年
cn_805,封印
cn_806,试用
cn_807,血盟名称
cn_808,人数
cn_809,盟主名称
cn_810,"\f>%s魔伤：%+d\n"
cn_811,赏金猎人
cn_812,猎人 :
cn_813,PK值 :
cn_814,赏金 :
cn_815,剩余追猎次数:
cn_816,目标 :
cn_817,剩余时间:
cn_818,放弃追猎
cn_819,追猎目标
cn_820,规则说明
cn_821,规则内容
cn_822,普通区
cn_823,冒险区
cn_824,"%s逃窜到%s(%d,%d),请在%d分钟内追捕目标。"
cn_825,"需要消耗%d本被封印的誓约书[15天]才能放监"
cn_826,\f3因魔力不足而无法使用魔法。
cn_827,"\f9讯 息"
cn_828,"\fQ讯 息"
cn_829,"\fC你闪避了 \f=%s \fC的攻击"
cn_830,"\f=%s \fC攻击了你，造成了 \f=%d点伤害"
cn_831,"\f=%s \fC使用魔法攻击了你，造成了 \f=%d点伤害"
cn_832,\f2锁定状态下不能强化
cn_833,"近战物攻"
cn_834,"远程物攻"
cn_835,"魔法能力"
cn_836,"续航能力"
cn_837,"体能强度"
cn_838,"操作难度"
cn_839,"创建角色"
cn_840,"可以创建新角色"
cn_841,"你处于受保护状态，不可执行此操作，达到45级后将解除"
cn_842,"战斗"
cn_843,"快捷键"
cn_844,"重新开始"
cn_845,"返回选服"
cn_846,"离开游戏"
cn_847,"确认关闭"
cn_848,"关闭后，你的属性点将恢复至重置前的状态。"
cn_849,"确定 | 取消"
cn_850,"\f=属性点不能超过35"
cn_851,"\f=你还有初始属性点剩余，请先分配"
cn_852,"确认分配"
cn_853,"你确定这样分配各项属性吗？"
cn_854,"初始属性"
cn_855,"附加属性"
cn_856,"属性影响"
cn_857,"推荐简介"
cn_858,"规  则"
cn_859,"配置初始属性"
cn_860,"剩余点数"
cn_861,"推荐方案"
cn_862,"推荐方案1"
cn_863,"推荐方案2"
cn_864,"推荐方案3"
cn_865,"推荐方案4"
cn_866,"配置附加属性"
cn_867,"lv %d"
cn_868,"选择属性"
cn_869,"重置属性"
cn_870,"角色生成时的点数对人物属性的影响大于角色50级之后获得的点数。\n\n一、\fW角色生成时加点属性的影响\n\f>力量：力量影响\fW负重\f>、\fW近战物攻\f>和\fW近战命中\f>\n敏捷：敏捷影响\fW防御\f>、\fW远程闪避\f>、\fW远程物攻\f>和\fW远程命中\f>\n体质：体质影响负\fW重量\f>、角色升等级时所增加\fW体力值\f>、\fW体力恢复量\f>和\fW命中抵抗\f>\n精神：精神影响角色升等级时所增加\fW魔力值\f>、\fW魔力恢复量\f>以及\fW魔法防御\f>\n智力：智力影响\fW施法成功机率\f>、\fW魔攻\f>、及使用魔法时\fW减少消耗的魔力\f>\n毅力：毅力影响召唤术所能\fW召唤魔物的数量\f>，\fW王族\f>的毅力值影响\fW血盟成员数量\f>\n\n二、角色50级获得配点属性的影响\n力量：力量影响\fW负重\f>、\fW近战物攻\f>、\fW近战命中\f>\n敏捷：敏捷影响\fW远程闪避\f>、\fW远程物攻\f>、\fW远程命中\f>\n体质：体质影响负\fW重量\f>、角色升等级时所增加\fW体力值\f>、\fW体力恢复量\f>以及\fW命中抵抗\f>\n精神：精神影响角色升等级时所增加\fW魔力值\f>、\fW魔力恢复量\f>、\fW魔法防御\f>和\fW治愈魔法的治疗量\f>\n智力：智力影响\fW施法成功机率\f>、\fW魔攻\f>、及使用魔法时\fW减少消耗的魔力\f>\n毅力：毅力影响召唤术所能\fW召唤魔物的数量\f>，骑士和王族的\fW近战暴击几率\f>，王族的毅力值对于所能招收的\fW血盟成员数量\f>，额外毅力属性(装备／临时状态)不影响血盟成员数量"
cn_871,"一、\fW首次配点\n\f>1.当角色首次达到35级时，可以配置[初始属性]点数\n2.配点完成后，角色将根据配置好的点数重新升级到当前等级\n3.[初始属性]点数配置对角色成长影响巨大，且不能轻易更改，请玩家慎重考虑\n\n二、\fW普通重置\n\f>1.角色在50级及以上，可使用[生命圣泉]，重置全部的[初始属性]和[附加属性]\n2.[初始属性]和[附加属性]配点完成后，角色将根据配置好的点数重新升级到当前等级\n3.使用道具(例如淬体药水和炼魔药水)获得的额外体力和魔力，重置后将不被保留\n\n三、\fW轮回\n\f>1.角色在50级及以上，可使用[轮回奥术]，重置全部的[初始属性]和[附加属性]并使角色回到10级\n2.[初始属性]配点完成后，角色将根据配置好的点数重新升级到10级\n3.轮回后的角色会拥有轮回前等级的[附加属性]点数，供自行分配(例如69级角色轮回，回到10级后会拥有20点可分配点数)\n4.使用道具(例如淬体药水和炼魔药水)获得的额外体力和魔力，重置后将不被保留\n5.每次使用轮回奥术后，将有7天的保护期，期间不可使用生命圣泉\n6.如在保护期内使用轮回奥术，保护期将重新计算7天，但和已过的保护期合计为一个保护期周期\n7.一个保护期周期内使用轮回奥术，如当前等级低于激活本周期时使用轮回奥术时的等级，则重置50级至激活本周期时使用轮回奥术时的等级的「附加属性」；如当前等级高于激活本周期时使用轮回奥术时的等级，则重置50级至当前等级的「附加属性」"
cn_872,"优势：体力超高\n不足：魔法防御、物理防御、物理攻击能力较低\n发展：体盾型补助，依托超高体力，为血盟成员提供支援和鼓励，唯一能建立血盟的角色。"
cn_873,"优势：物理攻击力超高\n不足：物理防御、魔法防御低\n发展：力量型补助，能成为战士，也能为血盟成员提供支援和鼓励，唯一能建立血盟的角色。"
cn_874,"优势：体力和物理攻击力较高\n不足：物理防御、魔法防御低\n发展：亚力量型补助，能为血盟成员提供支援和鼓励，唯一能建立血盟的角色。"
cn_875,"优势：物理暴击机率高，血盟成员数高\n不足：体力较低，物理防御、魔法防御低\n发展：暴伤型补助，能成为战士，也能为血盟成员提供支援和鼓励，唯一能建立血盟的角色。"
cn_876,"优势：魔法防御高，恢复魔法速度快\n不足：体力较低，物理防御低，攻击能力低\n发展：魔抗型补助，依托超高魔抗，为血盟成员提供支援和鼓励，唯一能建立血盟的角色。"
cn_877,"优势：超高物理攻击力\n不足：防御较低，体力较少\n发展：前期练功快速，中期开始以来装备成型，在装备成型后，拥有强大的攻击能力，承担队伍的核心攻击。"
cn_878,"优势：超高体力，负重能力强\n不足：防御较低，物理攻击力一般\n发展：前期练功速度较低，中期开始以来装备成型，在装备成型后，拥有超高体力，承担队伍的核心体盾。"
cn_879,"优势：攻防兼备，拥有续航能力\n不足：十分依赖治愈之盔\n发展：前期练功速度一般，成型较慢，成型后有不错的续航能力和魔法防御，适合单人练功。"
cn_880,"优势：超高远程攻击能力和物理防御\n不足：体力较少，魔法防御一般\n发展：远程射手，适合学习风元素魔法，后期可以继续强化远程攻击能力或增加魔法能力或增加魔法防御。"
cn_881,"优势：魔法攻击高。\n不足：魔法防御、物理防御、远程攻击能力一般\n发展：类魔法师，适合学习火、土、水元素魔法，更加倾向使用近战攻击配合魔法治疗和伤害。"
cn_882,"优势：体力超高\n不足：魔法防御、物理防御、远程攻击能力一般\n发展：万能型射手，学习风元素魔法，强化远程攻击能力；学习火元素魔法，提升近战攻击能力；学习水、土元素魔法，提升续航能力。"
cn_883,"优势：近战攻击兼备魔法攻击\n不足：体力较少，魔法防御、物理防御、远程攻击能力一般\n发展：魔法战士，适合学习火、土元素魔法，后期可以补强体力和防御，但更加适合继续深造近战和魔法能力。"
cn_884,"优势：远程攻击兼备魔法攻击\n不足：体力较少，魔法防御一般\n发展：平均型射手，适合学习风、土元素魔法，后期继续加强魔法能力和远程攻击能力。"
cn_885,"优势：魔法防御高\n不足：物理防御低，魔法能力低，远程攻击能力低。\n发展：魔法防御型射手，学习风元素魔法，强化远程攻击能力；学习火元素魔法，提升近战攻击能力；学习水、土元素魔法，提升续航能力。"
cn_886,"优势：魔法能力高，魔法防御高，超高爆发能力\n不足：物理防御低\n发展：传统的魔法师，后期能继续加强魔法能力，达到瞬间秒人，但请注意自保。 "
cn_887,"优势：体力较高，魔法防御较高\n不足：早期魔法伤害偏低\n发展：舍弃了攻击能力增加了生存能力，后期能继续加强魔法能力，要善于搭配攻击魔法和续航魔法。"
cn_888,"战期:%s"
cn_889,"会员"
cn_890,"[未开通]"
cn_891,"被封印的誓约书[15天] "
cn_892,"十年誓约书 "
cn_893,"会员福利"
cn_894,"简介"
cn_895,"须知"
cn_896,"确认购买"
cn_897,"免费获得誓约书 | 会员誓约书在同一帐号下全服全角色通用 | 寄卖物品，费用减少 | 可以穿戴会员专属的特定装备或特定装饰 | 免费试用3天"
cn_898,"成功订阅会员，可获得誓约书，可进入誓约书区域。\n誓约书有效期与会员的到期期限一致。 | 会员誓约书在玩家同一帐号下的所有服务器下的所有角色通用。 | 会员帐号在寄卖中心寄卖物品时，系统将减少部分手续费。 | 会员可以穿戴会员专属的装备：和平戒指、月辉耳环。 | 首次订阅会员，免费试用3天。"
cn_899,"誓约书是玩家在伊丁大陆通行的唯一凭证。\n誓约书获得方式：\n1.购买并使用被封印的誓约书[15天]，获得15天时效的誓约书。\n3.活动或限时赠与的免费誓约书。\n注意：不同类别的誓约书共存时，会同时消耗，不可相互叠加时效，同类别的誓约书可叠加时效。\n伊丁大陆划分：\n1.誓约书区域：古老隧道，马洛斯地区，自然之地（精灵园林、妖魔村、妖魔城堡），德雷克山岳，沙棘木及后续新增地图。\n2.非誓约书区域：试炼之地，应许之岛，应许之岛地监一层和二层。\n"
cn_900,"\f=会员订阅须知：\n订阅会员按月付费，订阅会员可获得誓约书，誓约书是玩家在伊丁大陆通行的唯一凭证。\n(订阅会员之前，请您确认以下讯息，避免造成损失)\n1.您将订阅会员的帐户：%s \n2.会员每月40元，按月付费，每月自动续费。\n3.首次订阅会员免费试用3天。试用期内可随时取消订阅，但请注意：取消订阅将视为自动放弃剩余试用时间。\n4.若您重新安装伊丁天堂，选择恢复帐户，即可自动恢复已订阅的会员服务。\n5.取消订阅：在会员到期前24小时外，您可在 App Store > 账号设定 > 订阅项目，管理或取消"伊丁天堂-会员"的订阅，退订从下一月周期生效，当月期间不能退订。\n6.若您未在会员到期前24小时退订，则视为自动续订下一月周期，并将会收到续订通知，续订费用将从您的 iTunes 帐号内收取。\n"
cn_901,"被封印的誓约书[15天]\n1.每本40元，一次性付费。\n2.被封印的誓约书[15天]仅适用于角色所在服务器。\n3.被封印的誓约书[15天]使用后获得15天时效的誓约书。\n4.被封印的誓约书[15天]，可多次使用，叠加时效。\n"
cn_902,"誓约书是玩家在伊丁大陆通行的唯一凭证。\n誓约书获得方式：\n1.购买并使用被封印的誓约书[15天]，获得15天时效的誓约书。\n3.活动或限时赠与的免费誓约书。\n注意：不同类别的誓约书共存时，会同时消耗，不可相互叠加时效，同类别的誓约书可叠加时效。\n伊丁大陆划分：\n1.誓约书区域：古老隧道，马洛斯地区，自然之地（精灵园林、妖魔村、妖魔城堡），德雷克山岳，沙棘木及后续新增地图。\n2.非誓约书区域：试炼之地，应许之岛，应许之岛地监一层和二层。\n"
cn_903,"%s，您想购买被封印的誓约书[15天]吗？\n(确定之前，请您确认以下讯息，避免造成损失)\n1.每本40元，一次性付费。\n2.被封印的誓约书[15天]仅适用于角色所在服务器。\n3.被封印的誓约书[15天]使用后获得15天时效的誓约书。\n"
cn_904,"为感谢首批进入伊丁天堂的用户，蒂安神与之签订免费通行伊丁大陆收费地图的誓约书。\n蒂安神仅与纯善之人签订十年誓约书，任何违反玩家守则的角色，系统将回收其帐号上的十年誓约书。\n十年誓约书是系统赠送，不可再获得，可以自主选择放弃。"
cn_905,"剩余 %d 天"
cn_906,"誓约书"
cn_907,"视频"
cn_908,"取消销毁"
cn_909,"已锁定物品不能销毁"
cn_910,"已装备物品不能销毁"
cn_911,"你即将要销毁的物品，确定后不可恢复"
cn_912,"受击方向："
cn_913,"解压过程不消耗流量，请耐心等待。"
cn_914,"更新补丁包过程不消耗流量，请耐心等待。"
cn_915,"推荐方案5"
cn_916,"推荐方案6"
cn_917,"优势：魔法攻击力、物理攻击力都高，能有效利用有吸魔能力的武器来恢复魔力\n不足：物理防御、魔法防御都低，自身魔力恢复能力低\n发展：魔法战士，大部分时间需要依赖近战攻击配合法杖来吸取魔力；后期能加强魔法能力，要善于利用物理攻击和魔法攻击。"
cn_918,"1. 你当前的等级为 %d 等，可重置[初始属性]和[附加属性]。\n2. [初始属性]由固定属性点和自由属性点组成，在创建角色时由系统自动分配。根据角色职业的不同，系统分配的固定属性点和自由属性点也有不同。重置[初始属性]时，固定属性点不可重置，只可重置自由属性点。\n3. [附加属性]从角色50级开始，每升1级可获1点，由玩家自由分配。重置[附加属性]时，玩家将从50级开始逐级逐点重新分配，直至到达当前等级。\n4. [重置属性]最终完成并按下“确定”键后，该次重置立即生效，不可逆转。角色将根据新的[初始属性]和[附加属性]重新升级至 %d 等。"
cn_919,"\f3你处于受保护状态，不可执行此操作，成长至45级后解除保护"
cn_920,"经验"
cn_921,"自动切换："
cn_922,"剩余 %d:%d:%d "
cn_923,"自己的战评"
cn_924,"对方血盟"
cn_925,"对方的战评"
cn_926,"结束时间"
cn_927,"历史战绩"
cn_928,"\f3你不能重覆购买"
cn_929,"\f3未鉴定物品无法强化"
cn_930,"\f=请放入准备使用的强化卷轴"
cn_931,"强化等级≥安定值的装备\n强化失败会损坏装备"
cn_932,"强化等级≥安定值的装备\n强化失败会清空强化等级"
cn_933,"强化等级≥安定值的装备\n强化失败会降低强化等级"
cn_934,"\f=请放入准备强化的武器"
cn_935,"\f=请放入准备强化的防具"
cn_936,"\f=请放入准备强化的饰品"
cn_937,"强化"
cn_938,"销毁物品"
cn_939,"地图系统"
cn_940,"请按确定授权微信账号登录游戏，授权成功后游戏将会重新启动"
cn_941,"价格:"
cn_942,"\f3目标处于安全区域，不受攻击"
cn_943,"\f=请放入准备使用的保护卷轴"
cn_944,"\f=只能对强化等级等于或大于安定值的装备使用"
cn_945,"\f=你还有附加属性点剩余，请先分配"
cn_946,"\f=该装备已达到强化等级上限"
cn_947,"\f=只能对强化等级12以下的武器使用"
cn_948,"释放"
cn_949,"微信登录信息已过期，请重新授权登录。"
cn_950,"\f3未开启PK，不可发动攻击。"
cn_951,"\fK近战命中"
cn_952,"\fK远程命中"
cn_953,"\fK命中抵抗"
cn_954,"\fK移　　速"
cn_955,"\fK攻　　速"
cn_956,"\fK抵抗致盲"
cn_957,"\fK抵抗石化"
cn_958,"\fK抵抗沉默"
cn_959,"\fK抵抗中毒"
cn_960,"\fK抵抗眩晕"
cn_961,"\fK抵抗冰冻"
cn_962,"\f>%s沉默抵抗：%+d\n"
cn_963,"\f>%s中毒抵抗：%+d\n"
cn_964,"已装备物品无法进行强化"
cn_965,"帐号登入"
cn_966,"游客登入"
cn_967,"邮箱登入"
cn_968,"请选择登入方式"
cn_969,"重选服务器"
cn_970,"当前服务器排队人数：\\f3%d\\f>，建议您选择其他服务器."
cn_971,"%s治疗能力：%+d\n"
cn_972,"\f3金币不足"
cn_973,"瑕疵宝具"
cn_974,"武器"
cn_975,"防具"
cn_976,"饰品"
cn_977,"\f3您没有权限执行此操作"
cn_978,"讨伐模式"
cn_979,"\f3不可攻击队友"
cn_980,"\f3不可攻击战时盟友"
cn_981,"通用魔法"
cn_982,"王族职业秘典"
cn_983,"骑士职业战技"
cn_984,"精灵职业魔法"
cn_985,"法师职业魔法"
cn_986,"魔法I"
cn_987,"魔法II"
cn_988,"魔法III"
cn_989,"魔法IV"
cn_990,"魔法V"
cn_991,"魔法VI"
cn_992,"秘典I"
cn_993,"秘典II"
cn_994,"秘典III"
cn_995,"秘典IV"
cn_996,"秘典V"
cn_997,"秘典VI"
cn_998,"战技I"
cn_999,"战技II"
cn_1000,"战技III"
cn_1001,"战技IV"
cn_1002,"战技V"
cn_1003,"战技VI"
cn_1004,"你可以在主界面-游戏视频中重新观看此教学视频 "
cn_1005,"请输入角色名:"
cn_1006,"请输入血盟名:"
cn_1007,"请输入盟徽名:"
cn_1008,"净化药水"
cn_1009,"武器净化药水"
cn_1010,"一阶"
cn_1011,"二阶"
cn_1012,"三阶"
cn_1013,"四阶"
cn_1014,"防具净化药水"
cn_1015,"一阶"
cn_1016,"二阶"
cn_1017,"三阶"
cn_1018,"四阶"
cn_1019,"饰品净化药水"
cn_1020,"一阶"
cn_1021,"二阶"
cn_1022,"三阶"
cn_1023,"四阶"
cn_1024,"制作材料"
cn_1025,"金属"
cn_1026,"银"
cn_1027,"秘银"
cn_1028,"钢铁"
cn_1029,"黄金"
cn_1030,"奥钢"
cn_1031,"铁"
cn_1032,"魔石"
cn_1033,"碎宝石"
cn_1034,"品质宝石"
cn_1035,"高品质宝石"
cn_1036,"其他宝石"
cn_1037,"动物材料"
cn_1038,"骨头"
cn_1039,"毛皮"
cn_1040,"羽翼"
cn_1041,"毒液"
cn_1042,"血肉"
cn_1043,"植物材料"
cn_1044,"图腾"
cn_1045,"树枝"
cn_1046,"皮革"
cn_1047,"其他材料"
cn_1048,"体力恢复类"
cn_1049,"魔力恢复类"
cn_1050,"加速类"
cn_1051,"其他补给品"
cn_1052,"卷轴"
cn_1053,"强化卷轴"
cn_1054,"传送卷轴"
cn_1055,"其他卷轴"
cn_1056,"变形"
cn_1057,"变形卷轴"
cn_1058,"一级变形卷轴"
cn_1059,"二级变形卷轴"
cn_1060,"三级变形卷轴"
cn_1061,"高级变形卷轴"
cn_1062,"特殊变形卷轴"
cn_1063,"魔化卷轴"
cn_1064,"精粹"
cn_1065,"魔法材料"
cn_1066,"魔法消耗"
cn_1067,"元素"
cn_1068,"创造怪物魔杖"
cn_1069,"闪电魔杖"
cn_1070,"变形魔杖"
cn_1071,"驱逐魔杖"
cn_1072,"藏宝图"
cn_1073,"藏宝图碎片"
cn_1074,"藏宝图碎片1"
cn_1075,"藏宝图碎片2"
cn_1076,"藏宝图碎片3"
cn_1077,"藏宝图碎片4"
cn_1078,"活动物品"
cn_1079,"当前活动物品"
cn_1080,"箭"
cn_1081,"银箭"
cn_1082,"秘银箭"
cn_1083,"帐号所在服务器合并后超过4个角色的上限，不可再建立新角色"
cn_1084,"普通模式："
cn_1085,"语音模式："
cn_1086,"单次提取物品不可超过180种"
cn_1087,"队伍语音"
cn_1088,"语音"
cn_1089,"开启"
cn_1090,"关闭"
cn_1091,"购买"
cn_1092,"队员列表"
cn_1093,"音量设置"
cn_1094,"退出语音"
cn_1095,"你已进入队伍语音频道，频道剩余时间%02u:%02u"
cn_1096,"\f3未加入队伍，不可使用语音"
cn_1097,"\fW队伍语音功能需要开启麦克风权限，请在设备设定中允许麦克风权限"
cn_1098,"\f3未加入队伍，无法生成队员名片"
cn_1099,"语音设定"
cn_1100,"麦克风"
cn_1101,"扬声器"
cn_1102,"服务器正在维护中，预计开放时间%s"
cn_1103,"请拖放相同种类的装备到[主装备]和[副装备]栏"
cn_1104,"所选[副装备]强化等级必需大于等于安定值。"
cn_1105,"所选主装备和副装备种类不同"
cn_1106,"所选主装备的最低使用等级不高于副装备的最低使用等级%d级"
cn_1107,"所选副装备无最低使用等级，主装备的最低使用等级不可超过%d级"
cn_1108,"[继承结果]的强化等级小于等于[副装备]的强化等级。"
cn_1109,"还有装备没有保存，不能退出"
cn_1110,"强化等级融合继承规则"
cn_1111,"融合继承方法："
cn_1112,"1. 玩家从背包拖动一件[主装备]和一件[副装备]到对应的栏位。\n\n2. [主装备]和[副装备]必须满足以下条件才可进行继承：\n   1) [主装备]和[副装备]必须种类相同。\n   2) [主装备]和[副装备]必须为通过装备制作或重锻生成的装备。\n   3) [主装备]和[副装备]的强化等级必须大于等于安定值。\n   4) [主装备]的最低使用等级不可高于[副装备]的最低使用等级20级。\n   5) 如[副装备]没有最低使用等级，则[主装备]的最低使用等级不可超过52级。\n\n3. 根据所选[主装备]和[副装备]的最低使用等级和强化等级，将显示出融合继承所需的金币。\n\n4. 点击融合继承，将消耗对应金币，在[继承结果]栏生成继承结果。\n\n5. [继承结果]的强化等级必定为[主装备]强化等级~[副装备]强化等级之间的一级。\n\n6. [主装备]和[副装备]间的强化等级差越小，完美融合继承的机率越高。\n\n7. 玩家可从[主装备]、[副装备]和[继承结果]中任选一件保存，其余两件将被放弃，且不可撤回。\n\n8. 融合继承的结果装备，不可再次作为[主装备]参与继承。但对其使用强化卷轴致其等级发生变化后（如等级±0，则不算等级发生变化），则可作为[主装备]。"
cn_1113,"\fW背包装备"
cn_1114,"\fW融合继承"
cn_1115,"副装备"
cn_1116,"转移强化等级的装备"
cn_1117,"主装备"
cn_1118,"继承强化等级的装备"
cn_1119,"继承结果"
cn_1120,"融合继承"
cn_1121,"保留"
cn_1122,"请选择需要保留的装备，然后点击保留进行保存"
cn_1123,"保留成功"
cn_1124,"领奖"
cn_1125,"积分兑换"
cn_1126,"抽奖"
cn_1127,"请加入[副装备]。"
cn_1128,"请加入[主装备]。"
cn_1129,"请确认以下参与强化继承的装备：\n副装备：%s\n主装备：%s\n结果装备：%s\n\f=概率:%s"
cn_1130,"融合继承"
cn_1131,"保存结果"
cn_1132,"\f=确认最终保留的装备后，\n将放弃另外两件装备，且不可撤回。"
cn_1133,"消耗金币"
cn_1134,"\f3积分不足，兑换需要消耗%u积分"
cn_1135,"积分"
cn_1136,"音效"
cn_1137,"系统"
cn_1138,"屏幕适配："
cn_1139,"此功能暂未开放"
cn_1140,"确  定"
cn_1141,"释  放"
cn_1142,"请从左侧选择您希望查看的帮助资讯"
cn_1143,"游戏介面"
cn_1144,"\f21.1 状态"
cn_1145,"\f21.2 操作技巧"
cn_1146,"游戏系统"
cn_1147,"\f22.1 装备制作说明"
cn_1148,"\f22.2 强化"
cn_1149,"\f22.3 战斗PK"
cn_1150,"\f22.3 血盟"
cn_1151,"\f22.4 盟战规则"
cn_1152,"\f22.5 变形"
cn_1153,"\f22.6 交易"
cn_1154,"\f22.7 社交"
cn_1155,"\f22.8 传送"
cn_1156,"\f22.9 正义值"
cn_1157,"\f22.10 死亡惩罚"
cn_1158,"玩家守则"
cn_1159,"联系我们"
cn_1160,"关于"
cn_1161,"或以上"
cn_1162,"所选[主装备]强化等级必需超过安定值。"
cn_1163,"所选[副装备]与[主装备]强化等级差必需大于等于0小于等于%d。"
cn_1164,"此地图无法切换装备"
cn_1165,"融合继承的结果装备，不可再次作为主装备参与继承"
cn_1166,"\f3不可作为主装备参与融合继承\n"
cn_1167,"画面"
cn_1168,"环境特效"
cn_1169,"\fK输入发送信息"
cn_1170,"\fK发送信息至[%s]"
cn_1171,"大喊"
cn_1172,"世界"
cn_1173,"密语"
cn_1174,"队伍"
cn_1175,"血盟"
cn_1176,"系统"
cn_1177,"讯息"
cn_1178,"\f9讯 息"
cn_1179,"\fQ讯 息"
cn_1180,"\fK战斗纪录"
cn_1181,"\f=%s \fD闪避了你的攻击"
cn_1182,"\fD你攻击了 \f=%s \fD，造成了 \f=%d点伤害"
cn_1183,"\fD你使用魔法攻击了 \f=%s \fD，造成了 \f=%d点伤害"
cn_1184,"\fE你获得了\f=%s\fE的效果"
cn_1185,"\fE你失去了\f=%s\fE的效果"
cn_1186,"\fD你对 \f=%s \fD施放 \f=%s \fD的效果成功了"
cn_1187,"\fD你对 \f=%s \fD施放 \f=%s \fD的效果失败了"
cn_1188,"\f=%s \fC对你施放 \f=%s \fC的效果成功了"
cn_1189,"\f=%s \fC对你施放 \f=%s \fC的效果失败了"
cn_1190,"\f=%s\fB需要冷却\f=%s秒"
cn_1191,"\f=%s\fB冷却完毕"
cn_1192,"\f[剩余%d次"
cn_1193,"\f[剩余次数不足!"
cn_1194,"玩家"
cn_1195,"奖金"
cn_1196,"时间"
cn_1197,"\f[规则"
cn_1198,"\f[一键领取"
cn_1199,"合共%d金币"
cn_1200,"恭喜你获得以下红包"
cn_1201,"\f[金币"
cn_1202,"\f[一键开启"
cn_1203,"\f[返回"
cn_1204,"\f[再开一次"
cn_1205,"\f[红包"
cn_1206,"\f[幸运榜"
cn_1207,"\f[富豪榜"
cn_1208,"\f[累计奖池"
cn_1209,"\f[规则"
cn_1210,"1. 选择不同价格，点击「开始」键开始落下红包雨。\n\n2. 红包雨落下的过程中，玩家需手动点击落下的红包，最多可获得9个红包。\n\n3. 玩家可点击「一键领取」键跳过点击红包的过程。点击后，系统将自动为玩家领取9个红包。\n\n4. 红包雨结束后，玩家可手动逐个打开红包或选择「一键打开」全部红包。\n\n5. 如玩家在付款后关闭游戏或断线，再次上线后，所得奖金自动加入背包，不作额外提示。"
cn_1211,"\f[开始"
cn_1212,"\fK等级体力上限"
cn_1213,"\fK等级魔力上限"
cn_1214,"体力最大上限"
cn_1215,"魔力最大上限"
cn_1216,"红包"
cn_1217,"来自%s的红包"
cn_1218,"发红包"
cn_1219,"发红包纪录"
cn_1220,"收红包纪录"
cn_1221,"好友红包"
cn_1222,"世界红包"
cn_1223,"血盟红包"
cn_1224,"队伍红包"
cn_1225,"类型:"
cn_1226,"个数:"
cn_1227,"金额:"
cn_1228,"总额:"
cn_1229,"寄语:"
cn_1230,"对象:"
cn_1231,"随机"
cn_1232,"均等"
cn_1233,"\f21.1 角色信息"
cn_1234,"\f21.2 游戏时间"
cn_1235,"\f21.3 状态(buff)显示"
cn_1236,"\f21.4 角色菜单"
cn_1237,"\f21.5 交互菜单"
cn_1238,"\f21.6 常用操作"
cn_1239,"\f21.7 快捷键"
cn_1240,"\f21.8 系统信息"
cn_1241,"\f21.9 地图视窗"
cn_1242,"\f21.10 视频攻略"
cn_1243,"\f21.10 聊天视窗"
cn_1244,"\f21.11 充值视窗"
cn_1245,"\f22.1 社交"
cn_1246,"\f22.2 交易"
cn_1247,"\f22.3 装备"
cn_1248,"\f22.4 装备强化"
cn_1249,"\f22.5 正义值"
cn_1250,"\f22.6 战斗"
cn_1251,"\f22.7 血盟"
cn_1252,"\f22.9 物资状态"
cn_1253,"\f22.10 变形"
cn_1254,"\f22.11 传送"
cn_1255,"装备制作说明【主神蒂安】"
cn_1256,"\f2 马洛斯-武器"
cn_1257,"\f23.1.1 武士刀"
cn_1258,"\f23.1.2 大马士革刀"
cn_1259,"\f23.1.3 银长剑"
cn_1260,"\f23.1.4 卡萨战矛"
cn_1261,"\f23.1.5 精钢巨斧"
cn_1262,"\f23.1.6 玛娜之杖"
cn_1263,"\f23.1.7 巴德匕首"
cn_1264,"\f23.1.8 十字短弓"
cn_1265,"\f2 马洛斯-防具"
cn_1266,"\f23.2.1 尖刺皮帽"
cn_1267,"\f23.2.2 骑士头盔"
cn_1268,"\f23.2.3 巴拉尔头盔"
cn_1269,"\f23.2.4 油布斗篷"
cn_1270,"\f23.2.5 银纹斗篷"
cn_1271,"\f23.2.6 红纹斗篷"
cn_1272,"\f23.2.7 防护斗篷"
cn_1273,"\f23.2.8 T恤"
cn_1274,"\f23.2.9 软皮甲"
cn_1275,"\f23.2.10 卡司特链甲"
cn_1276,"\f23.2.11 体力手套"
cn_1277,"\f23.2.12 魔力手套"
cn_1278,"\f23.2.13 软皮靴"
cn_1279,"\f23.2.14 短靴"
cn_1280,"\f23.2.15 长靴"
cn_1281,"\f23.2.16 小盾牌"
cn_1282,"\f23.2.17 大盾牌"
cn_1283,"\f23.2.18 莉雅项链"
cn_1284,"\f23.2.19 破旧的体力腰带"
cn_1285,"\f23.2.20 破旧的能量腰带"
cn_1286,"\f23.2.21 破旧的魔力腰带"
cn_1287,"红包规则\n1、四种红包途径\n\n1）好友红包\n给指定好友发红包，可选择「好友红包」进行发送；\n发送时，好友必须在线；\n红包金额范围为5000金币至1000万金币；\n每次只能给1个好友发红包，如需给多个好友派发红包，可分多次发送。\n\n2）队伍红包\n给当前队伍成员发红包，可选择「队伍红包」进行发送；\n发送时，自己需处于组队状态；\n红包金额范围为5万金币至2000万金币；\n红包个数范围为1至8个；\n每个「队伍红包」系统将收取2%手续费，费用将在红包总金额中扣取。\n\n3）血盟红包\n给所在血盟的成员发红包，可选择「血盟红包」进行发送；\n发送时，需已加入血盟；\n红包金额范围为10万金币至5000万金币；\n红包个数范围为10个至50个；\n每个「血盟红包」系统将收取3%手续费，费用将在红包总金额中扣取。\n\n4）世界红包\n给伊丁天堂世界大众发红包，可选择「世界红包」进行发送；\n红包金额范围为50万金币至1亿金币；\n红包个数范围为20个至200个；\n每个「世界红包」系统收取4%手续费，费用将在红包总金额中扣取。\n\n2、均等红包与随机红包\n\n1）均等红包\n总金额平分到每个红包中，每个红包可获得的金币数将相同；\n\n2）随机红包\n总金额由全部红包随机分配，每个红包可获得的金币数随机，可能不相同。\n\n3、红包的接收与领取\n\n1）红包接收者需红包发出时在线并在离线前领取红包，一旦离线将失去领取该红包的资格；\n\n2）好友红包自己不可领取；\n\n3）队伍红包、血盟红包和世界红包，自己也可领取；\n\n4）红包个数有限，先领先得，领完即止。\n\n4、红包的超时处理\n\n1）收红包记录保留时间为红包发出后的12小时，仅保留当次在线获得领取资格的红包和已领取的红包，离线前未领取的红包将丧失领取资格，无法再领取，请在保留时间内且离线前及时领取，以免超时或离线红包消失无法领取；\n\n2）发红包记录保留时间共24小时，红包发出的12小时后，剩余未被领取的金币可被发红包者领回，24小时后，该发红包记录将超时消失，无论是否已领回剩余金币，均无法再领回，请及时领回。"
cn_1288,"请选择收红包的好友"
cn_1289,"请输入红包个数（1）"
cn_1290,"请输入红包金额（5仟~1000万）"
cn_1291,"请输入9字内寄语"
cn_1292,"请输入红包个数（1~8）"
cn_1293,"请输入红包金额（5万~2000万）"
cn_1294,"请输入红包个数（10~50）"
cn_1295,"请输入红包金额（10万~5000万）"
cn_1296,"请输入红包个数（20~200）"
cn_1297,"请输入红包金额（50万~1亿）"
cn_1298,"恭喜发财，万事如意"
cn_1299,"红包种类:%s\n\f=金额:%d"
cn_1300,"红包种类:%s\n类型:%s\n个数:%d\n\f=金额:%d"
cn_1301,"领回"
cn_1302,"超时"
cn_1303,"已开"
cn_1304,"已领"
cn_1305,"颜色"
cn_1306,"当前"
cn_1307,"你可消耗1张\fW$2064\f>返回指定城镇"
cn_1308,"\f2元素强化：%+d[ \f=%u\f2 ]\n"
cn_1309,"\f2元素特化：尚未开放，敬请期待\n"
cn_1310,"\f2天启魔能：%u/1000\n"
cn_1311,"\f2元素等级：%+u\n"
cn_1312,"\f2可融合元素的武器等级：%u-%u\n"
cn_1313,"元素强化"
cn_1314,"提取元素"
cn_1315,"融合元素"
cn_1316,"元素特化"
cn_1317,"提取结果"
cn_1318,"融合结果"
cn_1319,"武器源晶"
cn_1320,"武器"
cn_1321,"确定强化"
cn_1322,"确定提取"
cn_1323,"确定融合"
cn_1324,"确定特化"
cn_1325,"已经达到最大元素强化等级"
cn_1326,"\fW请选择四元素的特化效果"
cn_1327,"\f3金币不足"
cn_1328,"\f3天启源晶不足"
cn_1329,"尚未放入用于元素强化的武器"
cn_1330,"尚未选择将要强化的元素系"
cn_1331,"一道金光闪过，元素强化\f2成功\f>，武器的元素强化\f2等级+1\f>，元素伤害提升为\f2%u"
cn_1332,"一道白光闪过，元素强化\f3失败\f>，幸运的是元素强化等级并未下降"
cn_1333,"一道黑光闪过，元素强化失败，武器的元素强化等级-1"
cn_1334,"尚未放入准备提取元素的武器"
cn_1335,"一道金光闪过，你提取出了\f2完整的%s"
cn_1336,"尚未放入用于融合元素的武器"
cn_1337,"尚未放入用于融合元素的武器源晶"
cn_1338,"融合元素\f2成功\f>，获得了%s"
cn_1339,"\f=此功能暂未开放，敬请期待后续版本更新"
cn_1340,"武器的现有强化元素与所选的元素属不同元素系别\n是否\f3放弃\f>武器原有的元素继续强化？\n\f=当前武器：%s\n所选元素：%s"
cn_1341,"继续强化"
cn_1342,"武器的现有强化元素与所选源晶的元素属不同元素系别\n是否\f3放弃\f>武器原有的元素继续融合？\n\f=当前武器：%s\n所选元素：%s"
cn_1343,"继续融合"
cn_1344,"元素强化规则"
cn_1345,"\f=一、元素强化\n\n\fW1.条件和材料\n\f>1.1除了试炼之地任务获得的和初心者系列以外的[武器]\n1.2[武器]的强化等级必须达到安定值\n1.3消耗属性源晶和金币\n\fW2.基本规则\n\f>2.1当前最高元素强化等级：+5\n2.2消耗属性源晶等级、种类与数量：与元素强化等级有关，例如从元素强化+0升级至土元素强化+1时，需要消耗2颗1级土之源晶\n2.3元素强化成功时，元素强化等级+1\n2.4元素强化失败时，元素强化等级保持不变，装备不会损坏\n2.5不同系元素（如原武器爲+2水元素武器和选择元素系为风元素）强化时，将会替换武器原有的强化元素，重新提升元素等级\n\fW3.元素伤害\n\f>3.1远近战物理攻击时附加元素伤害\n3.2施放与元素武器同系列（如：水元素武器和冰锥）的魔法时增加元素伤害\n3.3元素伤害\n元素强化+1：+1 元素伤害\n元素强化+2：+2 元素伤害\n元素强化+3：+4 元素伤害\n元素强化+4：+7 元素伤害\n元素强化+5：+11元素伤害\n\n\f=二、提取元素\n\n\fW1.条件和材料\n\f>1.1拥有元素强化等级的[武器]\n1.2消耗对应等级的属性源晶和金币\n\fW2.基本规则\n\f>2.1消耗数量和属性源晶等级：与武器的元素强化属性以及等级有关\n2.2完整提取元素时，生成对应元素等级的[武器源晶]和失去元素强化等级的[武器]\n2.3不完整提取元素时，有80%的机会会生成对应元素等级-1的[武器源晶]和失去元素强化等级的[武器]\n2.4若想100%完整提取元素，可勾选[无损提取]选项，但需要额外消耗对应强化等级的属性源晶和金币\n\n\f=三、融合元素\n\n\fW1.条件和材料\n\f>1.1除了试炼之地任务获得的和初心者系列以外的[武器]\n1.2[武器]的强化等级必须达到安定值\n1.3元素武器源晶Lv.1-5\n\fW2.基本规则\n\f>2.1当前最高元素强化等级：+5\n2.2消耗金币：与融合元素的武器源晶等级有关\n2.3元素融合必然成功，融合后的武器获得武器源晶上的元素强化等级\n2.4不同系元素（如原武器爲+2水元素武器和选择的武器源晶为2级风之武器源晶）融合时，将会替换武器原有的强化元素\n2.5同系元素融合时，元素强化等级需低于所选择的武器源晶等级\n\n"
cn_1346,"武器的需要为试炼之地任务获得的和初心者系列以外的武器"
cn_1347,"武器的元素系列和武器源晶相同时，元素强化等级必须小于武器源晶等级"
cn_1348,"无损提取"
cn_1349,"选择\n元素"
cn_1350,"一道蓝光闪过，你只提取出了\f3%s"
cn_1351,"装备强化"
cn_1352,"武器强化"
cn_1353,"防具强化"
cn_1354,"天启源晶"
cn_1355,"天启魔能"
cn_1356,"饰品强化"
cn_1357,"其他卷轴"
cn_1358,"放入\n武器"
cn_1359," "
cn_1360,"放入武器"
cn_1361,"放入武器源晶"
cn_1362,"\f3天启魔能：%u/1000\n"
cn_1363,"一般"
cn_1364,"交易准许"
cn_1365,"组队准许"
cn_1366,"\f3[不可使用]"
cn_1367,"\f3「永恒」装备：不可继续强化，不可参与强化继承，不可参与元素强化。+0装备可在马洛斯武器店/防具店出售(古代铂金币)"
cn_1368,"\f3「永恒」道具：不可使用，不可交易，可在马洛斯道具店/魔法书商人处出售(古代铂金币)"
cn_1369,"注意事项：\n角色将从1级重新升级至10级，并根据初始属性从新生成属性。不论是否已分配附加属性，将保留50级至%d级的附加属性供重新分配。\n通过降级或使用物品获得的额外体力和魔力，将在重置后失效。"
cn_1370,"注意事项：\n角色将从1级重新升级至%d级，并根据以上配置从新生成属性。\n通过降级或使用物品获得的额外体力和魔力，将在重置后失效。"
cn_1371,"首次配点"
cn_1372,"轮  回"
cn_1373,"闲置超时，请重新连接"
cn_1374,"攻守势力"
cn_1375,"友军"
cn_1376,"敌军"
cn_1377,"内政"
cn_1378,"设置税率"
cn_1379,"税收"
cn_1380,"税率"
cn_1381,"修改"
cn_1382,"生效中"
cn_1383,"税金"
cn_1384,"领取"
cn_1385,"防御"
cn_1386,"守卫"
cn_1387,"雇佣"
cn_1388,"城门"
cn_1389,"修复"
cn_1390,"天"
cn_1391,"小时"
cn_1392,"分钟"
cn_1393,"秒"
cn_1394,"\f3%u%s后\n\f>可领取"
cn_1395,"城堡列表"
cn_1396,"管辖地区"
cn_1397,"宣战"
cn_1398,"开战中 %02u:%02u"
cn_1399,"城门修复"
cn_1400,"\f>当前城门处于\f3破损\f>状态\n\f>需要花费\fQ%u金币\f>修复城门至\f2坚固\f>状态吗?"
cn_1401,"\f3%u\f>秒后自动关闭"
cn_1402,"\f2%u\f>秒后自动于附近城镇复活"
cn_1403,"含税总价"
cn_1404,"\f=福利领取规则说明\f>\n1.\n2.\n3.\n4.\n5.\n6."
cn_1405,"等级：%d-%d\n"
cn_1406,"等级：%d或以上\n"
cn_1407,"等级：%d或以下\n"
cn_1408,"物攻：%d/%d [小怪/大怪]\n"
cn_1409,"防御：%d\n"
cn_1410,"营养: %d\n"
cn_1411,"冷却: %.1f秒\n"
cn_1412,"照明范围: %d\n"
cn_1413,"安定: %d\n"
cn_1414,"重量: %d\n"
cn_1415,"材质: %s\n"
cn_1416,"种类: 双手\n"
cn_1417,"种类: 单手\n"
cn_1418,"%s物攻: %+d\n"
cn_1419,"%s命中: %+d\n"
cn_1420,"\f3"
cn_1421,"NULL"
cn_1422,"%s魔攻: %+d\n"
cn_1423,"%s魔防: %+d\n"
cn_1424,"%s魔伤: %+d\n"
cn_1425,"%s魔法命中: %+d\n"
cn_1426,"\f2额外魔伤: %+d\n"
cn_1427,"%s最大物攻: %d%%\n"
cn_1428,"%s武器暴击: %d%%\n"
cn_1429,"%s力量: %+d\n"
cn_1430,"%s体质: %+d\n"
cn_1431,"%s智力: %+d\n"
cn_1432,"%s精神: %+d\n"
cn_1433,"%s敏捷: %+d\n"
cn_1434,"%s毅力: %+d\n"
cn_1435,"%s体力: %+d\n"
cn_1436,"%s魔力: %+d\n"
cn_1437,"%s体力恢复: %+d\n"
cn_1438,"%s魔力恢复: %+d\n"
cn_1439,"%s治愈: %+d\n"
cn_1440,"\f2幸运: %+d\n"
cn_1441,"%s吸血: %+d\n"
cn_1442,"%s吸魔: %+d\n"
cn_1443,"%s抵抗中毒: %+d\n"
cn_1444,"%s抵抗冰冻: %+d\n"
cn_1445,"%s抵抗石化: %+d\n"
cn_1446,"%s抵抗眩晕: %+d\n"
cn_1447,"%s抵抗暗盲: %+d\n"
cn_1448,"%s抵抗沉默: %+d\n"
cn_1449,"%s火防: %+d\n"
cn_1450,"%s水防: %+d\n"
cn_1451,"%s风防: %+d\n"
cn_1452,"%s土防: %+d\n"
cn_1453,"\fW受祝福的\n"
cn_1454,"\f3被诅咒的\n"
cn_1455,"\f2不会损坏\n"
cn_1456,"\f2元素等级: %d\n"
cn_1457,"\f2可融合元素的武器等级：%u-%u\n"
cn_1458,"\f2使用位置: %s\n"
cn_1459,"\f2(%d, %d)\n"
cn_1460,"\f2到期日: %s\n"
cn_1461,"\f3不可作为主装备参与融合继承\n"
cn_1462,"\f3损坏: %d\n"
cn_1463,"\f3不可交易\n"
cn_1464,"\f3不可销毁\n"
cn_1465,"\f3不可强化\n"
cn_1466,"\fW[%s]\n"
cn_1467,"%s--------- 普通强化 ---------\n"
cn_1468,"%s防御：%d\n"
cn_1469,"\f4--------- 元素强化 ---------\n"
cn_1470,"\f4等级: %s%+d\n"
cn_1471,"\f4元素伤害: %+d\n"
cn_1472,"\f4特化：尚未开放\n"
cn_1473,"\f4天启魔能：\f3%u\f4/1000\n"
cn_1474,"\f4天启魔能：%u/1000\n"
cn_1475,"\f4火"
cn_1476,"\f4水"
cn_1477,"\f4风"
cn_1478,"\f4土"
cn_1479,"\f2"
cn_1480,"\f="
cn_1481,"\f9战 斗"
cn_1482,"\fQ战 斗"
cn_1483,"%s------ 普通强化 ------\n"
cn_1484,"\f4------ 元素强化 ------\n"
cn_1485,"第 %d 天"
cn_1486,"已过期"
cn_1487,"福利领取结束时间至 %s"
cn_1488,"攻城战参战期间和作为城主期间不可删除角色。"
cn_1489,"伊丁大陆\n所有城镇"
cn_1490,"天选勋章"
cn_1491,"天选勋章：%d份/%d天"
cn_1492,"%d份"
cn_1493,"开通"
cn_1494,"确认消耗\fW%u\f>本被封印的誓约书[15天]\n增加\fW%d\f>天\fW天选勋章？"
cn_1495,"确认"
cn_1496,"您开通的\fR「天选勋章」\f>将于\fR%d\f>分钟后\f3到期失效\f>,请及时续订。"
cn_1497,"您开通的\fR「天选勋章」\f>即将\f3到期失效\f>,请及时续订。"
cn_1498,"取消|续订"
cn_1499,"伊丁大陆冒险者们可通过天选勋章界面开通天选勋章服务。\n开通成功后，服务生效期间冒险者在游戏内可享受天选勋章专属福利。\n开通须知：\n1、天选勋章开通后，同一账号下角色均可享受专属福利；\n2、天选勋章开通/续费消耗：\fW2\f>本\fW被封印的誓约书[15天]\f>/份；\n3、天选勋章每份有效时长：\fW30\f>天；\n4、天选勋章可一次性开通多期或有效期内续期，有效时长会累加；\n5、天选勋章专属福利自开通时起即可享受，至天选勋章过期失效时专属福利同时失效；\n6、天选勋章专属福利详情请查阅[服务详情]。"
cn_1500,"天选勋章成功开通后，服务生效期间可享受以下专属福利：\n\n1、一键切换第二套装备\n-开通天选勋章后，冒险者可通过菜单-人物-装备，设定第二套装备并通过装备左上角圆圈内[Ⅰ][Ⅱ]按钮进行第Ⅰ/Ⅱ套装备的一键切换；\n-装备切换按钮可拖动至快捷键栏中使用。\n\n2、专属每日登入奖励\n-开通天选勋章后，冒险者将获得专属每日登入奖励，可通过[福利]按钮进入福利界面领取；\n-专属每日奖励每天可领取一次，当天未领取的奖励，隔天将过期不可领取，不可补领；\n-专属每日奖励仅天选勋章服务生效期间最后一日的零点前可领取，天选勋章服务期最后一日的零点后及天选勋章服务失效后不可再领取。\n\n3、专属聊天表情包\n-开通天选勋章后，冒险者在天选勋章服务生效期间将可使用专属表情包；\n-使用方式：通过[聊天]-[表情]-[专属]选择使用。\n\n4、交易所寄卖免手续费\n-开通天选勋章后，冒险者在天选勋章服务生效期间通过交易所寄卖物品将免收寄卖手续费。\n\n5、交易所购物自动价格排序\n-开通天选勋章后，冒险者在天选勋章服务生效期间通过交易所选购物品时，物品列表将自动按单价从低至高排序列出。\n\n6、每日经验回购次数翻倍\n-开通天选勋章后，冒险者在天选勋章服务生效期间使用经验回购功能时，每日可使用次数将由原来的每日最多10次提升为每日最多20次。\n\n7、经验回购消耗减半\n-开通天选勋章后，冒险者在天选勋章服务生效期间使用经验回购功能时，每次回购消耗的神圣魔方数量将减半（减少后所需数量不足1个神圣魔方的部分按1个神圣魔方计算）。\n\n8、聊天发言间隔时间减半\n-开通天选勋章后，冒险者在天选勋章服务生效期间在各频道发言时的时间间隔限制将减半。\n\n9、世界及大喊频道颜色文字发言免收费\n-开通天选勋章后，冒险者在天选勋章服务生效期间可免费在[世界]频道及[大喊]频道使用颜色文字发言。\n\n10、地图书签记录上限增加至100个\n-开通天选勋章后，冒险者在天选勋章服务生效期间可额外使用第3-10号地图书签栏的共计70个地图书签位置。\n-天选勋章服务失效后，编号3-10的书签位置将被冻结，重新开通天选勋章服务后即可恢复使用。\n\n11、天选会员可以从新手辅助师处获得2段加速魔法直至50级（不含50级）。\n\n12、天选者商店\n50级或以上角色每天可在天选者商店以优惠价格限量购买补给品。\n\n13、每周隐藏之谷门票优惠\n天选勋章生效期间，每周五00:00~23:59，玩家可以到天选者商店（隐藏之谷专员）处以1000金币购买一张[隐藏之谷的古老石盒·誓]兑换券\n\n以上专属福利均随天选勋章服务失效而失效，敬请留意。"
cn_1501,"服务详情"
cn_1502,"在世界频道使用文字变色需要消耗少量古代铂金币或金币。\f=[天选勋章用户免费使用]\f>"
cn_1503,"网络异常，请检测网络连接状态"
cn_1504,"「天选勋章」专属功能，请先开通「天选勋章」后再尝试！"
cn_1505,"已领取"
cn_1506,"未领取"
cn_1507,"邪恶系"
cn_1508,"恶魔族"
cn_1509,"邪恶系[禁疗]"
cn_1510,"狼人"
cn_1511,"神族"
cn_1512,"海族"
cn_1513,"诅咒系"
cn_1514,"角色"
cn_1515,"龙族"
cn_1516,"建筑"
cn_1517,"%s命中抵抗: %+d\n"
cn_1518,"%s负重减免: %+d\n"
cn_1519,"%s物伤减免: %+d\n"
cn_1520,"%s魔伤减免: %+d\n"
cn_1521,"%s近战物攻: %+d\n"
cn_1522,"%s近战命中: %+d\n"
cn_1523,"* 请核对价格，寄卖后不可撤回\n* 天选勋章用户将免收手续费"
cn_1524,"\f=天选勋章用户免手续费"
cn_1525,"福利领取规则说明"
cn_1526,"一、\fW新手福利\f>：\n1、奖励对象：新建角色\n2、领取规则：\n- 建立角色当天为第1天，至第7天每天均有对应可领取的新手福利。\n- 福利可领取时，点击[领取]按钮即可领取当天全部奖励，领取时请确保背包有足够位置。\n- 当天的奖励只能当天领取，当天未领取的奖励将于当天23:59后过期不可再领取，无法补领。\n\n二、\fW回归福利\f>：\n1、奖励对象：等级≥40的回归角色\n2、领取规则：\n- 距上次登入≥30天且等级≥40的角色，登入时将激活回归福利。\n- 激活回归福利当天为第1天，至第7天每天均有对应可领取的回归福利。\n- 福利可领取时，点击[领取]按钮即可领取当天全部奖励，领取时请确保背包有足够位置。\n- 当天的奖励只能当天领取，当天未领取的奖励将于当天23:59后过期不可再领取，无法补领。\n\n三、\fW天选勋章专属福利\f>：\n1、奖励对象：天选勋章服务已开通并处于生效期间的账号下所有角色\n2、领取规则：\n- 账号已开通天选勋章服务，且处于服务生效期间，该账号下所有角色均可享受天选勋章专属福利。\n- 天选勋章专属福利每天均有对应可领取的福利。\n- 天选勋章专属福利每30天为一期，服务生效期间每期专属福利结束后将自动触发新一期。\n- 福利可领取时，点击[领取]按钮即可领取当天全部奖励，领取时请确保背包有足够位置。\n- 当天的奖励只能当天领取，当天未领取的奖励将于当天23:59后过期不可再领取，无法补领。\n- 每日奖励仅天选勋章服务生效期间最后一日的零点前可领取，天选勋章服务期最后一日的零点后及天选勋章服务失效后不可再领取。\n- 天选勋章过期失效后，专属福利仍处于一期福利期内时，重新开通天选勋章将接续原福利状态。\n- 天选勋章过期失效且专属福利项也已过期消失后重新开通天选勋章，将直接触发新一期福利。\n\n四、\fW福利图标\f>长期显示，奖励项除天选福利外，其他福利在无待领奖励时，将不再显示在列表中。"
cn_1527,"兽人"
cn_1528,"%s对%s的物攻：+%u\n"
cn_1529,"%s对种族的额外物攻：+%d\n"
cn_1530,"表情%u"
cn_1531,"专属"
cn_1532,"请选择要删除的书签！"
cn_1533,"不可接"
cn_1534,"取消引导"
cn_1535,"加入引导"
cn_1536,"任务引导框"
cn_1537,"抵制不良游戏，拒绝盗版游戏。注意自我保护，谨防受骗上当。适度游戏益脑，沉迷游戏伤身。合理安排时间，享受健康生活。"
cn_1538,"批准文号：国新出审[2019] 1541号 出版物号：ISBN 978-7-498-06514-8"
cn_1539,"续订"
cn_1540,"祝福机率:%d%%"
cn_1541,"装备工坊"
cn_1542,"材料"
cn_1543,"制作"
cn_1544,"材料"
cn_1545,"结果"
cn_1546,"重锻"
cn_1547,"\f3当前使用装备已切换为第 Ⅰ 套"
cn_1548,"\f3当前使用装备已切换为第 Ⅱ 套"
cn_1549,"\f3当前使用装备已切换为第 Ⅲ 套"
cn_1550,"取消|开通"
cn_1551,"\fD你对 \f=%s \fD的攻击触发了 \f=%s \fD，你受到 \f=%d 点反弹伤害"
cn_1552,"\f=%s \fD对你的攻击触发了 \f=%s \fD，反弹了 \f=%d 点伤害"
cn_1553,"[未开通]"
cn_1554,"客服回复"
cn_1555,"问题解决"
cn_1556,"继续咨询"
cn_1557,"魔法书合成"
cn_1558,"魔法书"
cn_1559,"职业魔法书"
cn_1560,"英雄项链"
cn_1561,"项链进阶"
cn_1562,"客服"
cn_1563,"描述:"
cn_1564,"描述问题出现的时间、操作、困扰或者期望的解决方案等"
cn_1565,"推荐说明\n优势：超高的近战物理攻击力、超高的体力成长\n劣势：魔法防御不足，缺乏灵活性\n\n培养方向\n1.纯暴力型\n装备选择物理攻击或者增加力量属性的，将物理输出发挥到极致，50级后的点数继续分配到力量属性，此方案消耗较大，需要持续使用恢复药水并且持续保持二段加速状态，也可以和补给型职业的配合组队。\n2.精神半坦型\n武器选择物理攻击的，防具选择防御装，在50级后的点数分配到精神属性（精神23）再后续补充力量，搭配魔法头盔·治愈，并使用魔能药剂恢复魔力，达到持久续航。"
cn_1566,"推荐1说明\n优势：超高的远程物理攻击力、较高的灵活性\n劣势：体力较低\n\n培养方向\n1.纯暴力型\n学习风元素魔法：多数以增强远程物理攻击力为主，风之光影为风系唯一保命魔法（仅PVP有效）\n装备选择物理攻击或者增加敏捷属性的，将物理输出发挥到极致，50级后的点数继续分配到敏捷属性，高敏捷可让三重矢减免魔力。\n2.续航型-1\n学习土元素魔法：多数以增加物理防御为主，土之荆棘为土系唯一对抗性魔法，可移除目标（PC）加速效果并遏制目标使用二段加速\n武器选择物理攻击的，防具选择防御装，在50级后的点数分配到精神属性（精神20）再后续补充敏捷，搭配净化精神，并使用魔能药剂恢复魔力，达到持久续航。\n3.续航型-2\n学习水元素魔法：以增益自身或者干扰目标并行，可通过水之元气提高治愈量，可通过污浊之水遏制目标（PC）恢复体力（禁疗）\n武器选择物理攻击的，防具选择防御装，在50级后的点数分配到精神属性（精神20）再后续补充敏捷，搭配净化精神，并使用魔能药剂恢复魔力，达到持久续航。"
cn_1567,"推荐2说明\n优势：较高的近战物理攻击力、较高的灵活性\n劣势：体力较低\n\n培养方向\n1.纯暴力型\n学习火元素魔法：以增强近战物理攻击力为主\n装备选择物理攻击或者增加力量属性的，将物理输出发挥到极致，50级后的点数继续分配到力量属性\n2.续航型-1\n学习火元素魔法：以增强近战物理攻击力为主\n武器选择物理攻击的，防具选择防御装，在50级后的点数分配到精神属性（精神20）再后续补充力量，搭配净化精神，并使用魔能药剂恢复魔力，达到持久续航。\n3.续航型-2\n学习土元素魔法：多数以增加物理防御为主，土之荆棘为土系唯一对抗性魔法，可移除目标（PC）加速效果并遏制目标使用二段加速\n武器选择物理攻击的，防具选择防御装，在50级后的点数分配到精神属性（精神20）再后续补充敏捷，搭配净化精神，并使用魔能药剂恢复魔力，达到持久续航。"
cn_1568,"推荐1说明\n优势：超高的魔法攻击力\n劣势：防御较低，体力较低\n\n培养方向\n1.纯魔法型\n武器选择增加魔法伤害的，防具选择增加智力、魔攻的或者减伤的装备，50级后的点数继续分配到智力属性，此方案消耗较大，需要持续使用魔能药剂或者搭配魔力夺取，魔力储量是该玩法的关键。\n2.续航型\n武器选择吸收魔力的，防具选择增加智力、魔攻的或者减伤的装备，50级后的点数继续分配到精神和智力属性，提高治愈能力和魔力恢复能力，从而达到较少消耗，持久续航。"
cn_1569,"推荐2说明\n优势：超高的魔法攻击力\n劣势：防御较低，体力较低\n\n培养方向\n1.魔武混合型\n武器选择增加物理伤害和吸魔的，防具选择增加智力、魔攻的或者减伤的装备，50级后的点数继续分配到智力和力量属性。因出生18力可获得二段攻速的增益，搭配吸魔、物理混合魔法的方式，实现持久续航。\n2.魔武切换型\n练功时武器选择吸魔的或者增加魔法伤害的，防具选择增加智力、魔攻的或者减伤的装备，50级后的点数继续分配到精神和智力属性，提高魔法攻击力和治愈能力。因出生18力可获得二段攻速的收益，练功采用吸魔武器，从而达到较少消耗，持久续航。PK采用魔法伤害武器，增加魔法伤害能力。"
cn_1570,"推荐1说明\n优势：较高的物理攻击力，物理暴击高，血盟成员多\n劣势：体力中等，防御中等\n\n培养方向\n暴击输出型\n武器选择物理攻击的，防具可以选择减伤、防御或者力量属性装，50级后的点数继续分配到毅力和力量上，确保毅力点数达到36（最大暴击机率）"
cn_1571,"推荐2说明\n优势：较高的物理攻击力，较高的续航能力\n劣势：体力中等，防御中等\n\n培养方向\n1.续航输出型\n武器选择物理攻击的，防具可以选择减伤、防御或者力量属性装，50级后的点数继续分配到精神和力量上，单纯练功型的玩法"
cn_1572,"修理"
cn_1573,"魔法笔记"
cn_1574,"普通魔法笔记"
cn_1575,"法师魔法笔记"
cn_1576,"骑士魔法笔记"
cn_1577,"王族魔法笔记"
cn_1578,"精灵魔法笔记"
cn_1579,"英雄项链 LV.2-LV.3"
cn_1580,"英雄项链 LV.4"
cn_1581,"英雄项链 LV.5"
cn_1582,"英雄项链 LV.6"
cn_1583,"\fK查强化"
cn_1584,"\fK查资讯"
cn_1585,"%s      ------ 普通强化+%d ------\n"
cn_1586,"%s      --------- 普通强化+%d ---------\n"
cn_1587,"验证订阅"
cn_1588,"实名认证"
cn_1589,"真实姓名:"
cn_1590,"身份证号码:"
cn_1591,"接受实名认证及防沉迷系统服务协议"
cn_1592,"根据国家防沉迷法规要求，请完善游戏防沉迷信息，以保障您顺畅享受游戏"
cn_1593,"终极变形卷轴"
cn_1594,"选择微信登录方式, 绑定帐号后会自动重启客户端"
cn_1595,"你的设备还没有安装微信客户端, 你可以下载安装微信或者使用手机微信扫码登录, 绑定帐号后会自动重启客户端"
cn_1596,"你的设备还没有安装微信客户端, 你可以下载安装微信或者使用手机微信扫码登录"
cn_1597,"微信登录"
cn_1598,"微信扫码登录"
cn_1599,"下载微信"
cn_1600,"点击移动"
cn_1601,"点击移动"
cn_1602,"微信扫码支付"
cn_1603,"%s移速: %+d%%"
cn_1604,"%s攻速: %+d%%"
cn_1605,"%s法速: %+d%%"
cn_1606,"%s力量: %+d"
cn_1607,"%s体质: %+d"
cn_1608,"%s敏捷: %+d"
cn_1609,"%s智力: %+d"
cn_1610,"%s意志: %+d"
cn_1611,"%s毅力: %+d"
cn_1612,"%s防御: %+d"
cn_1613,"%s远程闪避: %+d%%"
cn_1614,"%s魔攻: %+d"
cn_1615,"%s魔防: %+d"
cn_1616,"%s火防: %+d"
cn_1617,"%s土防: %+d"
cn_1618,"%s水防: %+d"
cn_1619,"%s风防: %+d"
cn_1620,"%s体力上限: %+d"
cn_1621,"%s魔力上限: %+d"
cn_1622,"%s近战物攻: %+d"
cn_1623,"%s远程物攻: %+d"
cn_1624,"%s近战命中: %+d"
cn_1625,"%s远程命中: %+d"
cn_1626,"%s神圣伤害: %+d"
cn_1627,"%s命中抵抗: %+d"
cn_1628,"%s体力恢复: %+d"
cn_1629,"%s魔伤: %+d"
cn_1630,"%s额外魔伤: %+d"
cn_1631,"变形"
cn_1632,"魔化"
cn_1633,"圣化"
cn_1634,"天选专用"
cn_1635,"%d 级可用"
cn_1636,"未解锁"
cn_1637,"变形时间: %d秒"
cn_1638,"变形列表"
cn_1639,"解锁"
cn_1640,"提取获得"
cn_1641,"提取"
cn_1642,"普通变形"
cn_1643,"目录"
cn_1644,"怪物"
cn_1645,"属性"
cn_1646,"怪物变形"
cn_1647,"解除变形"
cn_1648,"投骰"
cn_1649,"基本规则\n1.玩家在活动NPC处使用指定道具兑换骰子。\n2.玩家在棋盘上投掷骰子，每次消耗一个骰子。\n3.投掷骰子后，光标跟随骰子掷出的数字行走对应步数。\n4.光标停在格子上，如格子上有道具或事件，则可获得道具或触发事件。\n5.已触发过获得道具的格子，再次踩中时不会再次获得道具。\n6.已触发过事件的格子，再次踩中时会再次触发事件。\n7.棋盘终点设有大奖，玩家到达终点可获得大奖并进入下一张棋盘地图。\n8.掷出骰子后，玩家光标走完步数后必须刚好停在终点格子，才可获得大奖和进入下一张棋盘地图。否则，光标将根据多出的步数往回走。\n9.最后一幅地图完成后，可不断重複探索，但终点的终极大奖只可获得一次，重複探索时终极大奖将替换为其他奖励。\n\n事件类型\n1.前进X格：触发事件后，向前再走X格（具体前进格数根据事件决定）。\n2.后退X格：触发事件后，向后返回X格（具体后退格数根据事件决定）。"
cn_1650,"前进%d格"
cn_1651,"后退%d格"
cn_1652,"溃坏前方%d格"
cn_1653,"下次投骰获得X2机会"
cn_1654,"获得%s x %d"
cn_1655,"%s远程闪避: %+d\n"
cn_1656,"材料不足"
cn_1657,"\f3开通天选勳章后才可使用此变形。"
cn_1658,"\f3%u级才可使用此变形。"
cn_1659,"\f3变形材料不足。"
cn_1660,"%s对%s的物攻：+%u~%u\n"
cn_1661,"查看变形材料"
cn_1662,"查看解锁材料"
cn_1663,"材料"
cn_1664,"%s远程物攻: %+d\n"
cn_1665,"%s远程命中: %+d\n"
cn_1666,"活动变形"
cn_1667,"查看解锁条件"
cn_1668,"开通「天选勋章」可解锁"
cn_1669,"%s魔力恢复: %+d"
cn_1670,"%s物伤减免: %+d"
cn_1671,"请选择将要绑定的帐号，绑定帐号后会自动重启客户端"
cn_1672,"请选择将要绑定的帐号，绑定帐号后会自动重启客户端"
cn_1673,"活动变形暂未开放"
cn_1674,"请先选择需要分解的材料"
cn_1675,"确认身份证号码不一致，请重新确认输入"
cn_1676,"点击后将立刻变形"
cn_1677,"\fP消耗正义值：%u"
cn_1678,"补给品"
cn_1679,"加速类"
cn_1680,"其他"
cn_1681,"黑色秘银"
cn_1682,"等待确定中..."
cn_1683,"有更新资源包，请问您要现在下载吗？\n资源包大小：%.2fMB (建议WiFi环境下进行)"
cn_1684,"正在验证最新资源..."
cn_1685,"出现错误，请重新购买"
cn_1686,"错误操作，请重新购买"
cn_1687,"订单已取消"
cn_1688,"未知付款方式，请选择正确的付款方式"
cn_1689,"付款失败，请确认授权付款"
cn_1690,"商品已失效，请重新选择购买的商品"
cn_1691,"访问失败，请授权访问"
cn_1692,"无法连接网络"
cn_1693,"访问权限已撤销，请重新授权"
cn_1694,"未确认Apple Music隐私政策"
cn_1695,"正在申请访问权限，请及时处理"
cn_1696,"找不到商品，请重新选择商品"
cn_1697,"商品的折扣活动已结束"
cn_1698,"付款失败，请重新购买"
cn_1699,"商品价格发生变化，请重新购买"
cn_1700,"华为登录"
cn_1701,"Apple 登入"
cn_1702,"英雄纹章"
cn_1703,"万能药水"
cn_1704,"英雄药水"
cn_1705,"\f3请把快捷变形按键拖到快捷键键位"
cn_1706,"查看属性"
cn_1707,"进阶"
cn_1708,"x %u"
cn_1709,"Apple服务器未回应，请重新打开伊丁天堂，点击开始游戏"
cn_1710,"合成"
cn_1711,"无法登录（%d），请确保设备已安装相关组件"
cn_1712,"NULL"
cn_1713,"符石系统"
cn_1714,"孔位加工"
cn_1715,"镶嵌符石"
cn_1716,"取出符石"
cn_1717,"符石强化"
cn_1718,"符石淬炼"
cn_1719,"功能介绍"
cn_1720,"孔位加工\n\n1. 装备开孔：\n1) 开孔需消耗金币，有机率失败。失败时，仅损失金币，装备无损。\n2) 装备种类和孔位不同，开孔消耗的金币数和成功率不同。\n3) 暂时只有祝福武器可开2个孔。必须第1孔成功开孔后，才能开第2孔。\n2. 孔位精锻：\n1) 祝福武器的第二孔位、祝福防具的第一孔位可在开孔后进行精锻。精锻后的孔位可镶嵌特效符石。\n2) 精锻需要消耗金币，不同装备类型精锻时消耗的金币数不同。\n3) 精锻不会失败。\n4) 精锻的孔位上是否已镶嵌符石对精锻无影响，不会影响精锻效果。"
cn_1721,"符石镶嵌\n\n1.  镶嵌的符石类型需与装备类型一致。（防具精锻孔除外，可装备所有防具类普通符石）\n2. 普通孔位只能镶嵌普通符石，精锻孔位可镶嵌普通符石和特效符石。\n3. 不同阶级的装备可镶嵌的符石等级不同，等阶越高，可镶嵌符石等级越高。\n4. 已镶嵌符石的孔位，直接镶嵌新符石，旧符石将被销毁。\n5. 当穿戴的装备中镶嵌的符石中属性类型相同的符石总数多于3个时，只有最高等级的3个符石的效果会生效。\n6. 当状态（buff）类符石特效触发时，其他状态（buff）类符石的触发概率将衰减50%（同类符石不可重复触发）。\n7.已镶嵌符石的装备，若强化失败导致装备消失，装备上的符石也会随之消失。"
cn_1722,"符石取出：\n\n1. 符石取出需消耗道具「英雄纹章」。\n2. 取出所需的「英雄纹章」数量和符石等级相关。"
cn_1723,"符石升级：\n\n1. 消耗三颗低级的符石和一定量的金币，可升级成一颗高一级的符石。目前最高可升级符石至3级。\n2.用于升级消耗的符石，类型、属性和等级必须一致。\n3. 升级有成功率。符石等级不同，成功率不同。"
cn_1724,"符石淬炼：\n\n消耗任意三颗同类型同等级的符石，可获得一颗同类型同等级，而属性随机生成的符石，并有机率生成特效符石。"
cn_1725,"%s--------- 符石 ---------\n"
cn_1726,"孔%d：未开孔\n"
cn_1727,"未镶嵌符石\n"
cn_1728,"%s%+d%s\n"
cn_1729,"开孔"
cn_1730,"精锻"
cn_1731,"镶嵌"
cn_1732,"符石"
cn_1733,"武器符石"
cn_1734,"1级"
cn_1735,"2级"
cn_1736,"3级"
cn_1737,"4级"
cn_1738,"5级"
cn_1739,"防具符石"
cn_1740,"被封印的符石"
cn_1741,"其他"
cn_1742,"或"
cn_1743,"一. 孔位加工\n1. 装备开孔：\n1) 孔位是指装备上用于镶嵌符石的位置，需开孔后方可镶嵌符石。\n2) 开孔需消耗金币，有机率失败。失败时，仅损失金币，装备无损。\n3) 装备种类和孔位不同，开孔消耗的金币数和成功率不同。\n4) 暂时只有祝福武器可开2个孔。必须第1孔成功开孔后，才能开第2孔。\n2. 孔位精锻：\n1) 祝福武器的第二孔位、祝福防具的第一孔位可在开孔后进行精锻。精锻后的孔位可镶嵌特效符石。\n2) 精锻需要消耗金币，不同装备类型精锻时消耗的金币数不同。\n3) 精锻不会失败。\n4) 精锻的孔位上是否已镶嵌符石对精锻无影响，不会影响精锻效果。\n\n二. 镶嵌符石\n1. 只有已开孔的装备可镶嵌符石。\n2.  镶嵌的符石类型需与装备类型一致。（防具精锻孔除外，可装备所有防具类普通符石）\n3. 普通孔位只能镶嵌普通符石，精锻孔位可镶嵌普通符石和特效符石。\n4. 不同阶级的装备可镶嵌的符石等级不同，等级越高，可镶嵌符石等级越高。\n5. 已镶嵌符石的孔位，直接镶嵌新符石，旧符石将被销毁。可先通过「符石取出」将符石取下，详情可查阅「符石取出」。\n6. 当穿戴的装备中镶嵌的符石中属性类型相同的符石总数多于3个时，只有最高等级的3个符石的效果会生效。\n7. 当状态（buff）类符石特效触发时，其他状态（buff）类符石的触发概率将衰减50%（同类符石不可重复触发）。\n8.已镶嵌符石的装备，若强化失败导致装备消失，装备上的符石也会随之消失。\n\n三. 符石取出\n1. 如需取出已镶嵌在装备上的符石，可通过「符石取出」进行取出操作。\n2. 符石取出需消耗道具「英雄纹章」。\n3. 取出所需的「英雄纹章」数量和符石等级相关。\n\n四. 符石升级\n1. 通过「符石升级」，可消耗三颗低级的符石和一定量的金币，升级成一颗高一等的符石。目前最高可升级符石至3级。\n2.用于升级消耗的符石，类型、属性和等级必须一致。\n3. 升级有成功率。符石等级不同，成功率不同。\n\n五. 符石淬炼\n通过「符石淬炼」，消耗任意三颗同类型同等级的符石，可获得一颗同类型同等级，而属性随机生成的符石，并有机率生成特效符石。"
cn_1744,"素材符石\n×1"
cn_1745,"五阶"
cn_1746,"角色账号不匹配不能删除"
cn_1747,"角色转移有效期内不能被删除"
cn_1748,"序列号: %s"
cn_1749,"有效期: %s"
cn_1750,"序列号到期后才可以重新使用或删除"
cn_1751,"复制角色序列号"
cn_1752,"《伊丁天堂》角色转移免责条款\n\n在你提交“角色转移服务”申请前，我们郑重提醒你仔细阅读与该服务全部条款内容。\n\n我们是基于您已知悉并同意接受全部条款内容的前提下提供服务的，当你确认“生成角色序号”按钮，即表明您已知悉并同意接受全部条款，此后，你不得以未阅读，不了解或不同意下述条款而提出任何抗辩。\n\n1、序列号申请后带有效期（3天），3天内不可登入该角色。\n2、角色转移申请前请务必处理好角色背包内的物品，如转移后则无法还原。\n3、该功能只用于个人账号间的角色转移，如用于线下交易，可能存在风险和损失，需使用者自行承担，官方概不负责。\n4、角色转移将收取2本“被封印的誓约书”作为转移费用，请提前购买。当系统生成序列号后，将扣除誓约书，若因玩家操作不到导致序列号失效没有完成转移，该誓约书不作退还。\n5、角色转移满足转移条件，否则不得转移。"
cn_1753,"《伊丁天堂》角色转移免责条款\n\n在你激活“角色转移服务”申请前，我们郑重提醒你仔细阅读与该服务全部条款内容。\n\n我们是基于您已知悉并同意接受全部条款内容的前提下提供服务的，当你确认“激活”按钮，即表明您已知悉并同意接受全部条款，此后，你不得以未阅读，不了解或不同意下述条款而提出任何抗辩。\n\n1、角色转移序号激活后可马上登入。\n2、角色转移申请前已处理好角色背包内的物品，可交易物品无法转移。\n3、该功能只用于个人账号间的角色转移，如用于线下交易，可能存在风险和损失，需使用者自行承担，官方概不负责。\n4、角色转移将收取2本“被封印的誓约书”作为激活费用，请提前购买。\n5、角色转移满足转移条件，否则不得转移。"
cn_1754,"我已知悉上述免责声明，同意生成角色序号"
cn_1755,"我已知悉上述免责声明，同意激活角色"
cn_1756,"生成角色序号需消耗%u本誓约书"
cn_1757,"激活角色需消耗%u本誓约书"
cn_1758,"确认生成角色序号"
cn_1759,"确认激活角色"
cn_1760,"生成角色序号"
cn_1761,"激活角色"
cn_1762,"角色属性"
cn_1763,"属性道具使用情况"
cn_1764,"背包"
cn_1765,"角色仓库"
cn_1766,"回忆泉水"
cn_1767,"万能药"
cn_1768,"数量：%u"
cn_1769,"序号有效期:%s"
cn_1770,"角色资料"
cn_1771,"角色序列号生成成功"
cn_1772,"角色序号"
cn_1773,"复制"
cn_1774,"角色序号有效期至: %s"
cn_1775,"点击下方按钮键将返回登录界面。\n如果再次查看角色序号，可在角色选择页面处查看。"
cn_1776,"返回登录界面"
cn_1777,"序列号不能为空"
cn_1778,"请输入角色序号"
cn_1779,"确定"
cn_1780,"角色激活成功"
cn_1781,"下次可生成序号的时间: %s"
cn_1782,"重新登录，可在选角界面选择使用的角色"
cn_1783,"您的角色正在等待删除中，取消删除才可登入该角色"
cn_1784,"初心者卷轴"
cn_1785,"进阶经验魔方"
cn_1786,"消耗品"
cn_1787,"双手弓"
cn_1788,"单手弓"
cn_1789,"双手矛"
cn_1790,"单手钝器"
cn_1791,"双手杖"
cn_1792,"单手杖"
cn_1793,"灯"
cn_1794,"食物"
cn_1795,"任务道具"
cn_1796,"宠物道具"
cn_1797,"礼盒"
cn_1798,"种类: %s\n"
cn_1799,"\fD你对 \f=%s \fD的攻击触发了符石特效 \f=%s \fD，产生了 \f=%d 点伤害"
cn_1800,"\f=%s \fD对你的攻击触发了符石特效 \f=%s \fD，你受到了 \f=%d 点伤害"
cn_1801,"水元素魔法"
cn_1802,"土元素魔法"
cn_1803,"火元素魔法"
cn_1804,"风元素魔法"
cn_1805,"雷元素魔法"
cn_1806,"正在加载游戏资源，此过程不消耗流量，请放心等待... (剩余时间 %u:%u)"
cn_1807,"null"
cn_1808,"请于左边选择有关工单内容"
cn_1809,"等级+1"
cn_1810,"请从背包拖动装备至上方装备格子"
cn_1811,"%s有几率成功"
cn_1812,"请从背包拖动符石至上方符石格子"
cn_1813,"替换符石"
cn_1814,"替换"
cn_1815,"你确定要以下方新符石替换上方的旧符石吗？\n替换后，旧符石将会消失"
cn_1816,"请选择需要取出的符石"
cn_1817,"取出"
cn_1818,"你确定要消耗\f=英雄纹章×%d\f>取出这颗符石吗？"
cn_1819,"有几率出现以下三种结果之一"
cn_1820,"请从背包拖动3颗同等级的符石至上方符石格子"
cn_1821,"请确定是否开孔"
cn_1822,"请确定是否精锻"
cn_1823,"\fK物减魔减"
cn_1824,"\fK攻速移速"
cn_1825,"\f>条件:转生1次后可使用\n"
cn_1826,"\f=属性点数不能超过%u"
cn_1827,"圣灵武器"
cn_1828,"城堡武器升华至圣灵武器"
cn_1829,"武器升华"
cn_1830,"升华"
cn_1831,"可嵌符石：%d级及以下\n"
cn_1832,"圣灵石"
cn_1833,"更多..."
cn_1834,"素材符石\n×2"
cn_1835,"全部素材\n消失"
cn_1836,"强化失败，失去全部素材"
cn_1837,"强化失败，失去1个素材符石"
cn_1838,"强化失败，但没有失去素材"
cn_1839,"强化成功，获得XXX符石1个"
cn_1840,"\f>限制:未洗礼可使用\n"
cn_1841,"升级合成"
cn_1842,"升级"
cn_1843,"确定"
cn_1844,"\f22.12 符石相关"
cn_1845,"\f22.11.1 孔位"
cn_1846,"\f22.11.2 符石"
cn_1847,"\f22.12 圣光洗礼"
cn_1848,"符石数量不足"
cn_1849,"只可加入相同等级的符石"
cn_1850,"（当前操作包括镶嵌符石和替换符石）"
cn_1851,"格斗"
cn_1852,"专注"
cn_1853,"射击"
cn_1854,"精准"
cn_1855,"魔伤"
cn_1856,"聚神"
cn_1857,"毅力"
cn_1858,"力量"
cn_1859,"敏捷"
cn_1860,"零境"
cn_1861,"水魔法"
cn_1862,"土魔法"
cn_1863,"火魔法"
cn_1864,"风魔法"
cn_1865,"坚固"
cn_1866,"役魔"
cn_1867,"防护"
cn_1868,"灭魔"
cn_1869,"体力"
cn_1870,"魔力"
cn_1871,"巨石"
cn_1872,"魔泉"
cn_1873,"水防"
cn_1874,"土防"
cn_1875,"风防"
cn_1876,"火防"
cn_1877,"抵抗"
cn_1878,"闪避"
cn_1879,"体回"
cn_1880,"魔复"
cn_1881,"物免"
cn_1882,"魔免"
cn_1883,"物减"
cn_1884,"魔减"
cn_1885,"雷魔法"
cn_1886,"\f3此符石与所选装备种类不同"
cn_1887,"根据相关政策规定，未曾实名认证的玩家受到游戏试玩时长限制，您的当前试玩时间已结束，请进行实名认证以解锁账户限制。"
cn_1888,"根据相关政策规定，未曾实名认证的玩家无法在游戏内进行充值。如您想进行充值，请进行实名认证。"
cn_1889,"根据相关政策规定，未成年玩家平日每日游戏时长不得超过1.5小时，节假日每日不得超过3小时。您今日的游戏时间已结束。"
cn_1890,"根据相关政策规定，每日22时至次日8时不可向未成年人提供游戏服务。您今日的游戏时间已结束。"
cn_1891,"炼金"
cn_1892,"练成"
cn_1893,"精炼属性源晶"
cn_1894,"精炼"
cn_1895,"火属性源晶"
cn_1896,"水属性源晶"
cn_1897,"风属性源晶"
cn_1898,"土属性源晶"
cn_1899,"属性源晶"
cn_1900,"开通领取"
cn_1901,"续费领取"
cn_1902,"检测到root: 参考编号%d"
cn_1903,"检测到模拟器: 参考编号%d"
cn_1904,"检测到疑似外挂App: %s"
cn_1905,"检测到疑似外挂App: 参考编号%d"
cn_1906,"加载中"
cn_1907,"觉醒"
cn_1908,"你还未觉醒，无法学习觉醒系；觉醒可前往精灵园林找月光女神，精灵可选择风火水土系元素魔法，暗夜精灵可选择诅咒或暗影系魔法，觉醒时只能选择一系魔法。"
cn_1909,"觉醒风元素魔法"
cn_1910,"觉醒火元素魔法"
cn_1911,"觉醒土元素魔法"
cn_1912,"觉醒水元素魔法"
cn_1913,"觉醒诅咒魔法"
cn_1914,"觉醒暗影魔法"
cn_1915,"\f7最大魔力减免：%d"
cn_1916,"\f>[暗]"
cn_1917,"推荐1说明\n优势：较高的物理攻击力，物理暴击高，血盟成员多\n劣势：体力中等，防御中等\n\n培养方向\n暴击输出型\n武器选择物理攻击的，防具可以选择减伤、防御或者力量属性装，50级后的点数继续分配到毅力和力量上，确保毅力点数达到36（最大暴击机率）"
cn_1918,"推荐2说明\n优势：较高的物理攻击力，较高的续航能力\n劣势：体力中等，防御中等\n\n培养方向\n1.续航输出型\n武器选择物理攻击的，防具可以选择减伤、防御或者力量属性装，50级后的点数继续分配到精神和力量上，单纯练功型的玩法"
cn_1919,"请注意登入/绑定账号，需确保设备登入有双重认证的 Apple ID ，\n且 iCloud 为开启状态"
cn_1920,"Apple登陆需要iOS13.0或以上系统版本，请先升级后再来绑定"
cn_1921,"推荐1说明\n优势：高近战物理输出型配点\n劣势：防御较低、早期续航能力较弱\n\n培养方向\n暴击输出型\n武器选择钢爪、双刀等近战物理攻击的，防具可以选择命中抵抗、防御或者力量属性装。觉醒选择暗影系，50级以后加点偏重力量以加强暴击时的伤害，体质则可提高血量以及续航能力。"
cn_1922,"推荐2说明\n优势：手甲类中距离输出型配点，能最大化手甲的远程伤害\n劣势：续航能力较弱\n\n培养方向\n武器选择手甲，防具可以选择命中抵抗、血量以及敏捷属性装备。觉醒选择诅咒系，50级以后加点偏重敏捷，并且可以增加精神和智力以提高续航能力和魔力消耗减免。"
cn_1923,"推荐3说明\n优势：\n劣势：\n\n培养方向"
cn_1924,"推荐4说明\n优势：\n劣势：\n\n培养方向"
cn_1925,"提炼暗夜魔石"
cn_1926,"暗夜魔石"
cn_1927,"提炼"
cn_1928,"暗夜精灵"
cn_1929,"暗夜精灵职业魔法"
cn_1930,"暗夜精灵魔法笔记"
cn_1931,"双刀"
cn_1932,"手甲"
cn_1933,"钢爪"
cn_1934,"竞拍选择"
cn_1935,"当前价格"
cn_1936,"领先血盟"
cn_1937,"结束时间"
cn_1938,"关注"
cn_1939,"操作"
cn_1940,"成交血盟"
cn_1941,"结果"
cn_1942,"参拍盟屋"
cn_1943,"关注与出价"
cn_1944,"已结束盟屋"
cn_1945,"血盟资源:"
cn_1946,"成交"
cn_1947,"出价"
cn_1948,"观看"
cn_1949,"盟屋竞拍"
cn_1950,"领先"
cn_1951,"出局"
cn_1952,"参拍血盟"
cn_1953,"出价时间"
cn_1954,"状态"
cn_1955,"加价幅度:"
cn_1956,"\f3流拍"
cn_1957,"\f3你没有血盟"
cn_1958,"\f3出价失败，血盟资源不足"
cn_1959,"\f3已结束盟屋不能关注"
cn_1960,"飞刀"
cn_1961,"手里剑"
cn_1962,"福袋"
cn_1963,"万能药礼盒"
cn_1964,"请输入血盟ID"
cn_1965,"请输入血盟ID进行搜索"
cn_1966,"正常"
cn_1967,"失败"
cn_1968,"取消申请"
cn_1969,"加入血盟"
cn_1970,"联系盟主"
cn_1971,"ID"
cn_1972,"盟旗"
cn_1973,"等级"
cn_1974,"维护"
cn_1975,"要求等级"
cn_1976,"搜索"
cn_1977,"请输入申请理由："
cn_1978,"维护确认"
cn_1979,"领取祝福需血盟等级≥2且未处于维护失败状态！"
cn_1980,"  确认消耗以下数量的%s、血盟经验、血盟资源启动血盟维护吗？\n%s：%d本\n血盟经验：%d\n血盟资源：%d"
cn_1981,"退盟确认"
cn_1982,"退出血盟后荣誉点清零，未领取的血盟奖励将销毁，请确认"
cn_1983,"荣誉点：%d"
cn_1984,"盟副"
cn_1985,"日期"
cn_1986,"盟众"
cn_1987,"在线"
cn_1988,"辞去盟职"
cn_1989,"任命为%s"
cn_1990,"降职为盟众"
cn_1991,"禁言"
cn_1992,"解除禁言"
cn_1993,"批准"
cn_1994,"拒绝"
cn_1995,"加为好友"
cn_1996,"成功"
cn_1997,"失败"
cn_1998,"当前入盟等级限制：%d"
cn_1999,"血盟编号："
cn_2000,"血盟小屋："
cn_2001,"维护状态："
cn_2002,"血盟经验："
cn_2003,"血盟资源："
cn_2004,"核心成员"
cn_2005,"个人资讯"
cn_2006,"贡献经验："
cn_2007,"贡献资源："
cn_2008,"剩余祝福："
cn_2009,"捐献资源"
cn_2010,"领取祝福"
cn_2011,"血盟升级"
cn_2012,"血盟等级："
cn_2013,"经验上限："
cn_2014,"资源上限："
cn_2015,"晋级经验："
cn_2016,"晋级资源："
cn_2017,"晋级"
cn_2018,"每日维护消耗"
cn_2019,"血盟经验："
cn_2020,"血盟资源："
cn_2021,"当前维护状态：%s"
cn_2022,"立即维护"
cn_2023,"入盟审批"
cn_2024,"申请者名称"
cn_2025,"职等"
cn_2026,"申请理由"
cn_2027,"修改"
cn_2028,"公共仓库赋权"
cn_2029,"福利仓库"
cn_2030,"血盟资料"
cn_2031,"血盟成员"
cn_2032,"血盟管理"
cn_2033,"输入错误"
cn_2034,"记录"
cn_2035,"存取记录"
cn_2036,"存入"
cn_2037,"取出"
cn_2038,"禁言确认"
cn_2039,"确认将 \f= %s \f>禁言 \f= %s \f>吗？"
cn_2040,"请选择禁言时长："
cn_2041,"禁言"
cn_2042,"取消"
cn_2043,"%d分钟"
cn_2044,"%d小时"
cn_2045,"禁言"
cn_2046,"资源捐献"
cn_2047,"点击输入数量(<=%d)"
cn_2048,"个人获得荣誉点"
cn_2049,"输入金币数错误"
cn_2050,"你将捐献：\n\f=%s X %d\n\f>为血盟增加资源：\f2%d\n\f>自己获得荣誉点：\f2%d\n\f>请确认捐献吗？"
cn_2051,"捐献确认"
cn_2052,"我要捐献："
cn_2053,"数量："
cn_2054,"可增加资源："
cn_2055,"剩余捐献次数："
cn_2056,"被封印的誓约书[15天]"
cn_2057,"金币"
cn_2058,"捐献"
cn_2059,"血盟晋级"
cn_2060,"晋级确认"
cn_2061,"确认消耗以下血盟经验和血盟资源将血盟晋级为 %d 级吗？\n\n血盟经验：%d\n血盟资源：%d"
cn_2062,"晋级消耗"
cn_2063,"血盟经验："
cn_2064,"血盟资源："
cn_2065,"晋升后"
cn_2066,"血盟等级："
cn_2067,"成员上限："
cn_2068,"经验上限："
cn_2069,"资源上限："
cn_2070,"提取职级设定"
cn_2071,"提取职级更为："
cn_2072,"及以上"
cn_2073,"祝福领取"
cn_2074,"领取确认"
cn_2075,"确认消耗 \f3%d \f>荣誉点领取增益状态 \f= %s \f>吗？"
cn_2076,"增益状态领取提示：\n身上同时只能有一种血盟增益状态，若已有血盟增益状态，将被替换；\n状态有效时间%d分钟；\n死亡、过时、被相消，状态均会消失；\n本次领取需消耗荣誉点：%d\n当天剩余领取次数：%d/%d"
cn_2077,"请选择领取的状态："
cn_2078,"领取"
cn_2079,"请先选择需要分配的物品"
cn_2080,"选择的盟员错误，请刷新盟成员列表"
cn_2081,"请先选择分配的盟员"
cn_2082,"物品数量不足"
cn_2083,"派发确认"
cn_2084,"确认为选中的盟成员派发奖励 \f= %s \f>吗？"
cn_2085,"选择派发成员"
cn_2086,"成员名称"
cn_2087,"职等"
cn_2088,"选择"
cn_2089,"七日派发记录"
cn_2090,"成员名称"
cn_2091,"职等"
cn_2092,"奖励"
cn_2093,"福利管理"
cn_2094,"确定派发"
cn_2095,"查看记录"
cn_2096,"我的奖励"
cn_2097,"福利仓库"
cn_2098,"领取消耗荣誉点：%d"
cn_2099,"现有荣誉点：%d"
cn_2100,"我的奖励"
cn_2101,"记录"
cn_2102,"血盟系统说明"
cn_2103,"1.创建血盟\n等级≥30且没有血盟的王族冒险者可消耗一定数量的金币，在血盟管理员处建立属于自己的血盟。\n\n2.加入血盟\n加入血盟有两种方式：\n1）面对面加入：\n申请人与血盟盟主在游戏内处于同一屏幕内且点击对方头像能触发社交菜单，通过社交菜单上的「加入血盟」项可直接向血盟盟主发送入盟请求，血盟盟主将会在当前界面查看到入盟确认信息，盟主选择同意后即入盟成功，若盟主无操作或拒绝，则入盟不成功。 \n2）提交入盟申请加入：\n该加入方式是冒险者提交申请后，该申请会发送到被申请血盟的入盟审批栏中，由被申请人血盟的管理者进行审批，每日10点系统将清空所有未被审批的入盟申请。 \n申请与审批规则：\n每名冒险者最多可同时向5个血盟提交入盟申请；\n申请者被批准加入某个血盟后，其提交的所有入盟申请将即时失效；\n每个申请在同一血盟中只能被审批一次，若被拒绝，可重新提交申请；\n提交方式：\na、通过社交菜单提交入盟申请：\n点击冒险者的头像触发社交菜单时，选择「加入血盟」项，若对方是血盟盟主，触发规则为面对面申请，若对方非血盟盟主，则向其所在血盟发送入盟申请。 \nb、通过血盟列表提交入盟申请：\n在血盟列表上选择心仪的血盟后点击触发功能菜单，选择「加入血盟」，即可向该血盟发送入盟申请，该申请方式可输入申请理由，让血盟管理更容易了解你。 \n\n3.血盟建设\n1）血盟升级\n血盟共10级，盟主可通过消耗血盟经验、血盟资源对血盟进行升级，血盟等级越高，可容纳人数越多，血盟福利中的增益状态效果越高，血盟经验/资源上限值也越高。 \n2）血盟维护与临时维护\na、血盟维护：血盟从2级开始，每日0点将扣除一定数量的血盟经验和血盟资源用以维护血盟功能的正常运作。 \nb、维护失败：若0点维护时资源或经验不足，将不会扣除，血盟维护状态显示为失败；\nc、血盟维护失败时，血盟以下功能失效，下次维护成功时将重新生效： \n- 血盟福利仓库：盟主将无法派发血盟福利仓库内未派发的奖励，已派发的奖励领取不受影响；\n- 血盟祝福：血盟祝福将不可领取；\nd、临时维护：维护失败后，若当天的血盟经验、血盟资源重新积累至满足维护所需，可通过消耗一定数量的誓约书触发「立即维护」，扣除对应的维护资源并立即恢复血盟失效的功能。 \n3）血盟降级\n盟主可通过血盟管理员，消耗一定数量的誓约书降低自己血盟的等级，每次可降低1个等级，最低可降至3级；\n血盟等级降低后，血盟相关功能与福利，都将以降低后的新等级设定为准；\n血盟等级降低后，若血盟现有资源/经验/人数溢出当前等级上限的，血盟将无法继续增加资源/经验/人数。 \n4）血盟解散\n盟主可通过血盟管理员申请解散自己的血盟，血盟一旦解散，血盟仓库、血盟福利仓库内物品均会被销毁，申请解散前请先处理好相关财物，以免造成损失。 \n5）资源捐献\n血盟中等级≥50级的成员可通过血盟资料界面上的「捐献资源」按钮向血盟捐献金币或誓约书增加血盟资源，捐献资源可获得一定量的血盟荣誉点。 \n每名成员每天可为血盟捐献的血盟资源有上限，达到上限后不可再捐献；血盟资源达到上限值后也不再接受捐献。 \n6）经验贡献\n血盟中等级≥50级的成员日常练功时击杀普通魔物或魔物头目时，可为血盟增加一定数量的血盟经验值。 Boss魔物及活动地图内的魔物无血盟经验。 \n每名成员每天可为血盟增加的血盟经验有上限，达到上限后再击杀魔物将不会为血盟增加经验；血盟经验达到上限值后也不再增加血盟经验。 \n\n4.血盟职级与管理权限\n1）职级：\n血盟职级共分6等，分别是盟主、盟副、守护、精英、盟众、学徒；\n其中有管理权限的职级为盟主、盟副、守护，其余职级无管理权限；\n每个血盟可以拥有1名盟主、2名盟副、4名守护，精英、盟众和学徒以血盟人数为限；\n所有成员加入血盟时，默认职级为学徒。 \n2）管理权限：\na、盟主：\n- 血盟公告编辑\n- 血盟升级\n- 血盟临时维护\n- 血盟公共仓库提取职级的设定\n- 血盟福利仓库奖励的派发\n-最低入盟申请等级的设定\n- 入盟申请审批\n- 请离盟成员\n- 赋予称谓\n- 血盟成员职级的提升/降低\n- 血盟聊天频道的禁言/解禁\n-解散血盟\n- 血盟降级\nb、盟副：\n- 血盟公告编辑\n- 血盟公共仓库提取职级的设定\n- 最低入盟申请等级的设定\n- 入盟申请审批\n- 请离盟成员\n- 赋予称谓\n- 血盟成员职级的提升/降低\n- 血盟聊天频道的禁言/解禁\nc、守护：\n- 入盟申请审批\n- 赋予称谓\n- 血盟聊天频道的禁言/解禁\n\n5.血盟管理\n1）入盟申请审批\n血盟管理者可通过血盟界面-血盟管理中的「入盟审批」，对申请栏中的入盟申请进行审批，每份申请只可被审批一次，审批后即从申请列表中清除。每日10点会清空当前未被审批的入盟申请。 \n2）成员管理\n血盟管理可通过血盟界面-血盟成员，对血盟成员进行职级任命、请离、赋予称谓等管理操作；\n职级任命：血盟盟主和盟副可对血盟成员进行职级调整；\n请离：血盟管理可对血盟内无管理权限的成员进行请离操作，每日每血盟被请离的成员数有上限，达到上限时，不可继续请离盟成员；血盟等级越高，每日可请离的血盟成员数上限越高；\n赋予称谓：血盟管理可对血盟中职级不高于自己的人赋予称谓；\n禁言：血盟管理可对血盟内职级低于自己的成员进行禁言或解禁言操作。 \n3）血盟仓库提取职级设定\n盟主可通过血盟界面-血盟管理中的「公共仓库赋权」，设定公共仓库的提取职级，血盟建立时该默认提取职级为盟众。 \n4）福利仓库奖励派发\n盟主可通过血盟界面-血盟管理中的「福利仓库」，选择「福利管理」，对福利仓库中现有奖励进行派发操作，每次可同时向多名成员各派发1份奖励，每名成员每天只可被派奖一次。 \n\n6.血盟仓库\n血盟成员可通过血盟管理员使用血盟仓库。 \n血盟仓库内的物品为血盟共有，但提取者需达到盟主或盟副设定的职级方可提取；\n存入无限制。 \n\n7.血盟福利仓库\n血盟福利仓库用于存放血盟福利奖励，血盟福利奖励来源通常是以血盟为单位的常规挑战活动、时效活动等。 \n血盟成员可通过血盟界面-血盟管理，打开血盟福利仓库，进行血盟奖励记录查看、领取；\n血盟盟主可通过「福利管理」对血盟奖励进行派发；\n血盟维护失败期间，血盟福利仓库失效，盟主将无法进行奖励派发操作，但不影响盟成员取出已被派发的奖励。 \n\n8.血盟福利-增益状态\n血盟达到2级开始，血盟将提供血盟祝福领取，盟成员均可通过血盟界面-血盟资料的「领取祝福」，进入血盟祝福领取界面领取血盟祝福； \n血盟等级越高，血盟祝福效果越高，每日每名成员可领取祝福的次数也越多；\n每次领取祝福需消耗荣誉点，等级越高的血盟祝福需消耗越多荣誉点。 \n\n9.退出血盟\n血盟成员可通过血盟成员列表，点击选择自己的名字，在弹出的功能菜单中选择「退出血盟」，即可退出自己所在的血盟。 \n有管理权限的血盟成员，需要先辞去血盟职务后方可进行退盟操作。 \n"
cn_2104,"即将下载游戏所需全部资源，建议在WIFI环境下进行下载。"
cn_2105,"客户端版本:%s 资源版本:base"
cn_2106,"下次更新时间：%s"
cn_2107,"下次更新时间：%s 重置时间：%s"
cn_2108,"未上榜"
cn_2109,"排行榜"
cn_2110,"榜单类型"
cn_2111,"排名"
cn_2112,"名称"
cn_2113,"盟旗"
cn_2114,"杀敌数"
cn_2115,"对门伤害"
cn_2116,"对塔伤害"
cn_2117,"经验排行榜"
cn_2118,"全职业"
cn_2119,"王族"
cn_2120,"骑士"
cn_2121,"精灵"
cn_2122,"法师"
cn_2123,"暗夜精灵"
cn_2124,"攻城战排行榜"
cn_2125,"单次杀敌数"
cn_2126,"单次伤害"
cn_2127,"本月杀敌数"
cn_2128,"本月伤害"
cn_2129,"排行榜未更新"
cn_2130,"英雄项链 LV.7"
cn_2131,"强化等级≥安定值的装备\n强化失败不会降低强化等级"
cn_2132,"手机号码:"
cn_2133,"验证码:"
cn_2134,"获取验证码"
cn_2135,"\f3密码长度应为6位数字"
cn_2136,"\f3确认密码不一致，请重新确认输入。"
cn_2137,"输入密码:"
cn_2138,"确认密码:"
cn_2139,"原密码:"
cn_2140,"新密码:"
cn_2141,"确认新密码:"
cn_2142,"请输入6位数字密码，并确保两次输入的内容完全一致。"
cn_2143,"密码:"
cn_2144,"设置仓库密码"
cn_2145,"重置仓库密码"
cn_2146,"\f3注:密码为6位有效数字"
cn_2147,"仓库密码"
cn_2148,"确认操作验证"
cn_2149,"\f3你还没实名认证"
cn_2150,"\f3你还没绑定手机号"
cn_2151,"\f3你还没设置密码"
cn_2152,"解绑手机"
cn_2153,"设置密码"
cn_2154,"重置密碼"
cn_2155,"忘记密码"
cn_2156,"安全"
cn_2157,"推荐2说明\n优势：超高的近战物理爆发力\n劣势：防御较低，续航能力弱\n\n培养方向：\n1.高体暴力型\n武器选择增加物理攻击或武器有机率打出最大伤害的，防具选择力量属性装备，后期觉醒暗影系，50级后的属性点继续分配至力量和体质上，将近战物理输出能力和爆发力发挥到极致，同时兼备生存能力。\n2.偏体兼敏暴力型\n武器选择增加物理攻击或武器有机率打出最大伤害的，防具选择力量属性装备，后期觉醒暗影系，50级后的属性点继续分配至力量、体质和少量敏捷上，将近战物理输出能力和爆发力发挥到极致。\n3.偏体兼精暴力型\n武器选择增加物理攻击或武器有机率打出最大伤害的，防具选择力量属性装备，后期觉醒暗影系，50级后的属性点继续分配至力量、体质和少量精神上，将近战物理输出能力和爆发力发挥到极致，同时兼备生存能力（魔法防御）和续航能力。"
cn_2158,"推荐5说明\n优势：超高的近战物理爆发力\n劣势：防御较低，续航能力弱\n\n培养方向：\n1.高体暴力型\n武器选择增加物理攻击的，防具选择敏捷属性装备，后期觉醒诅咒系，50级后的属性点继续分配至敏捷和体质上，将持续的远程物理输出能力发挥到极致，同时兼备生存能力。\n2.偏体兼智暴力型\n武器选择增加物理攻击的，防具选择敏捷属性装备，后期觉醒暗影系，50级后的属性点继续分配至敏捷、体质和少量力量上，将持续的远程物理输出能力发挥到极致。\n3 .偏体兼精暴力型\n武器选择增加物理攻击的，防具选择敏捷属性装备，后期觉醒暗影系，50级后的属性点继续分配至敏捷、体质和少量精神上，将持续的远程物理输出能力发挥到极致，同时兼备生存能力（魔法防御）和续航能力。"
cn_2159,"Ⅰ"
cn_2160,"Ⅱ"
cn_2161,"Ⅲ"
cn_2162,"Ⅳ"
cn_2163,"Ⅴ"
cn_2164,"Ⅵ"
cn_2165,"\f22.11 防沉迷"
cn_2166,"期限"
cn_2167,"当前还没有临时魔法"
cn_2168,"全部魔法"
cn_2169,"\f3快捷键位置已锁定"
cn_2170,"免费体验"
cn_2171,"\f21.9 福利视窗"
cn_2172,"\f21.10 排行榜视窗"
cn_2173,"\f22.7.1 血盟"
cn_2174,"\f22.8 血盟小屋"
cn_2175,"\f22.7.3 攻城战"
cn_2176,"\f22.13 福利系统"
cn_2177,"\f22.14 排行榜"
cn_2178,"PK数排行榜"
cn_2179,"PK人数"
cn_2180,"请先输入内容"
cn_2181,"高级变形普通结晶"
cn_2182,"高级变形魔化结晶"
cn_2183,"终极变形结晶"
cn_2184,"变形结晶礼盒(优惠)"
cn_2185,"\f22.13 荣耀系统"
cn_2186,"\f22.12 魔法娃娃"
cn_2187,"NULL"
cn_2188,"NULL"
cn_2189,"NULL"
cn_2190,"NULL"
cn_2191,"NULL"
cn_2192,"NULL"
cn_2193,"NULL"
cn_2194,"NULL"
cn_2195,"NULL"
cn_2196,"NULL"
cn_2197,"可元素强化最大等级：%u\n"
cn_2198,"\f4元素特化：物理/魔法攻击时有%s%%的固定机率使目标缓速%s秒（仅对玩家有效）"
cn_2199,"\f4元素特化：物理/魔法攻击时有%s%%的固定机率烧毁目标%s个增益状态（仅对玩家有效）"
cn_2200,"\f4元素特化：物理/魔法攻击时有%s%%的固定机率使目标禁疗%s秒（仅对玩家有效）"
cn_2201,"\f4元素特化：物理/魔法攻击时有%s%%的固定机率使目标石化%s秒（仅对玩家有效）"
cn_2202,"殷海萨阵营"
cn_2203,"格兰肯阵营"
cn_2204,"立即复活"
cn_2205,"剩余%u次"
cn_2206,"\f2%u\f>秒后回到休息室"
cn_2207,"阵营"
cn_2208,"赏金数量"
cn_2209,"赏金排行榜"
cn_2210,"开战时间"
cn_2211,"\f3团战还未开始"
cn_2212,"\f22.16 元素强化"
cn_2213,"\f22.17 地狱惩罚"
cn_2214,"武器源晶的元素等级已超过武器可元素强化最大等级"
cn_2215,"最高可强化等级：%+d\n"
cn_2216,"高级英雄纹章"
cn_2217,"%s额外魔伤: %+d\n"
cn_2218,"%s幸运: %+d\n"
cn_2219,"消耗 %s"
cn_2220,"\f3仅可寄卖\n"
cn_2221,"\f3仅可个人交易\n"
cn_2222,"\f>您未开通「天选勋章」功能，不能享受倒计时减半福利，是否确认开启宝箱？"
cn_2223,"开通天选"
cn_2224,"取消"
cn_2225,"确定"
cn_2226,"下次不再提示"
cn_2227,"\\f>是否消耗\\f2%s\\f>跳过倒计时？"
cn_2228,"\f22.3 角色"
cn_2229,"\f22.3.1 新手保护"
cn_2230,"\f22.4.1 装备"
cn_2231,"开服礼盒"
cn_2232,"经验魔方礼盒"
cn_2233,"活动"
cn_2234,"商城"
cn_2235,"物品详情"
cn_2236,"礼包详情"
cn_2237,"宝箱详情"
cn_2238,"充值"
cn_2239,"天选"
cn_2240,"天选描述"
cn_2241,"购买确认"
cn_2242,"你确定要购买此商品吗？"
cn_2243,"购买"
cn_2244,"取消"
cn_2245,"日限购"
cn_2246,"周限购"
cn_2247,"月限购"
cn_2248,"限制购买"
cn_2249,"战功"
cn_2250,"赏金"
cn_2251,"团体战排行榜"
cn_2252,"单次战功"
cn_2253,"单次赏金"
cn_2254,"本月战功"
cn_2255,"本月伤害"
cn_2256,"最大可使用箭矢等级:%d\n"
cn_2257,"箭矢等级:%d\n"
cn_2258,"\f3请在游戏内确认自己是否已实名认证和绑定手机号码"
cn_2259,"\f3请先设置仓库密码（在左上头像综合菜单安全选项内设置）"
cn_2260,"行动力"
cn_2261,"战斗力"
cn_2262,"抵抗力"
cn_2263,"物理防御%+d\n"
cn_2264,"力量%+d\n"
cn_2265,"敏捷%+d\n"
cn_2266,"体质%+d\n"
cn_2267,"意志%+d\n"
cn_2268,"毅力%+d\n"
cn_2269,"智力%+d\n"
cn_2270,"命中抵抗%+d\n"
cn_2271,"远程闪避%+d\n"
cn_2272,"魔攻%+d\n"
cn_2273,"魔防%+d\n"
cn_2274,"治愈%+d\n"
cn_2275,"体力上限%+d\n"
cn_2276,"魔力上限%+d\n"
cn_2277,"体力恢复%+d\n"
cn_2278,"魔力恢复%+d\n"
cn_2279,"水防%+d\n"
cn_2280,"火防%+d\n"
cn_2281,"风防%+d\n"
cn_2282,"土防%+d\n"
cn_2283,"抵抗暗盲%+d\n"
cn_2284,"抵抗冰冻%+d\n"
cn_2285,"抵抗沈默%+d\n"
cn_2286,"抵抗石化%+d\n"
cn_2287,"抵抗眩晕%+d\n"
cn_2288,"抵抗中毒%+d\n"
cn_2289,"远程伤害%+d\n"
cn_2290,"远程命中%+d\n"
cn_2291,"伤害减免%+d\n"
cn_2292,"魔伤减免%+d\n"
cn_2293,"物理伤害%+d\n"
cn_2294,"魔法伤害%+d\n"
cn_2295,"命中%+d\n"
cn_2296,"魔法命中%+d\n"
cn_2297,"稀有度降序"
cn_2298,"稀有度升序"
cn_2299,"等级降序"
cn_2300,"等级升序"
cn_2301,"等级升序"
cn_2302,"宝箱底座"
cn_2303,"卡箱"
cn_2304,"不能全选，已超过最大上限数"
cn_2305,"全部"
cn_2306,"行动力：%u"
cn_2307,"战斗力：%u"
cn_2308,"抵抗力：%u"
cn_2309,"队长技能"
cn_2310,"职业："
cn_2311,"以卡组%s的%.2f%%转化为角色%s，最大%+d点\n"
cn_2312,"LV %u/%u"
cn_2313,"羁绊"
cn_2314,"%s（突破至%u"
cn_2315,"解锁）"
cn_2316,"体型：大"
cn_2317,"体型：小"
cn_2318,"刚体：是"
cn_2319,"刚体：否"
cn_2320,"种族：%s"
cn_2321,"无"
cn_2322,"弱点属性：%s"
cn_2323,"出没区域\n"
cn_2324,"掉落物品"
cn_2325,"锁定"
cn_2326,"解锁"
cn_2327,"加入卡册"
cn_2328,"卡册目录"
cn_2329,"卡册信息"
cn_2330,"卡片"
cn_2331,"怪物卡册"
cn_2332,"背包卡片"
cn_2333,"怪物卡片"
cn_2334,"升级"
cn_2335,"突破"
cn_2336,"编辑卡片"
cn_2337,"卡片育成"
cn_2338,"卡片宝箱"
cn_2339,"放入宝箱"
cn_2340,"加速"
cn_2341,"开启"
cn_2342,"加速卡箱时间"
cn_2343,"选择其中一个方式加速卡箱"
cn_2344,"扩展"
cn_2345,"扩展卡册栏"
cn_2346,"选择其中一种方式扩展卡册栏"
cn_2347,"已选素材 %u/%u"
cn_2348,"\\f3请先选择素材"
cn_2349,"素材"
cn_2350,"解锁卡箱位置"
cn_2351,"升级信息"
cn_2352,"突破信息"
cn_2353,"突破素材"
cn_2354,"LV \\f2%u\\f>/%u"
cn_2355,"活力：%u \\f2> %u"
cn_2356,"战斗力：%u \\f2> %u"
cn_2357,"抵抗力：%u \\f2> %u"
cn_2358,"信息"
cn_2359,"最大等级 LV%u -> \\f2LV%u"
cn_2360,"%u张相同羁绊卡片可激活\n"
cn_2361,"成功几率为%u%%"
cn_2362,"选择素材"
cn_2363,"可尝试解锁"
cn_2364,"%u级"
cn_2365,"退战"
cn_2366,"出战"
cn_2367,"替换"
cn_2368,"激活"
cn_2369,"跳过等待"
cn_2370,"选择其中一个方式跳过等待"
cn_2371,"需要消耗物品才能解锁"
cn_2372,"开通"
cn_2373,"卡组抵抗力"
cn_2374,"卡组战斗力"
cn_2375,"卡组活力"
cn_2376,"卡组"
cn_2377,"卡组信息"
cn_2378,"开通天选可解锁"
cn_2379,"消耗%d本誓约书可解锁"
cn_2380,"解锁卡组"
cn_2381,"解锁卡槽"
cn_2382,"切换出战卡组"
cn_2383,"切换出战卡组后原本已生效的卡组将立即进入冷却时间，\n 是否确定切换出战卡组"
cn_2384,"卡组%d"
cn_2385,"替换卡片"
cn_2386,"LV%u"
cn_2387,"* 含手续费: %s \n* 请核对价格，购买后不可撤销。"
cn_2388,"最低售价"
cn_2389,"最高售价"
cn_2390,"确认为你的血盟报名参与 \f=%s \f[的血盟试炼吗？需要花费\n血盟经验：%d\n血盟资源：%d"
cn_2391,"报名确认"
cn_2392,"入场"
cn_2393,"选择"
cn_2394,"剩余名额：%d"
cn_2395,"进行中"
cn_2396,"已结束"
cn_2397,"距入场还有：%d:%02d:%02d"
cn_2398,"请选择参与场次："
cn_2399,"血盟试炼场"
cn_2400,"竞拍市场"
cn_2401,"参拍物品"
cn_2402,"关注物品"
cn_2403,"已结束竞拍"
cn_2404,"竞拍仓库"
cn_2405,"\f3已结束物品竞拍不能关注"
cn_2406,"\f3出价失败，%s不足"
cn_2407,"此装备已有高级保护"
cn_2408,"\f3非法推荐码"
cn_2409,"推荐福利"
cn_2410,"我的推荐码：%u级可以生成推荐码"
cn_2411,"我的推荐码：%s"
cn_2412,"输入次数：%u/%u"
cn_2413,"已激活"
cn_2414,"不可输入"
cn_2415,"%u级前可输入"
cn_2416,"推荐奖励"
cn_2417,"输入推荐码："
cn_2418,"激活"
cn_2419,"报名结束"
cn_2420,"一、\fW新手福利\f>：\n1、奖励对象：新建角色\n2、领取规则：\n- 建立角色当天为第1天，至第7天每天均有对应可领取的新手福利。\n- 福利可领取时，点击[领取]按钮即可领取当天全部奖励，领取时请确保背包有足够位置。\n- 当天的奖励只能当天领取，当天未领取的奖励将于当天23:59后过期不可再领取，无法补领。\n\n二、\fW回归福利\f>：\n1、奖励对象：等级≥40的回归角色\n2、领取规则：\n- 距上次登入≥30天且等级≥40的角色，登入时将激活回归福利。\n- 激活回归福利当天为第1天，至第7天每天均有对应可领取的回归福利。\n- 福利可领取时，点击[领取]按钮即可领取当天全部奖励，领取时请确保背包有足够位置。\n- 当天的奖励只能当天领取，当天未领取的奖励将于当天23:59后过期不可再领取，无法补领。\n\n三、\fW天选勋章专属福利\f>：\n1、奖励对象：天选勋章服务已开通并处于生效期间的账号下所有角色\n2、领取规则：\n- 账号已开通天选勋章服务，且处于服务生效期间，该账号下所有角色均可享受天选勋章专属福利。\n- 天选勋章专属福利每天均有对应可领取的福利。\n- 天选勋章专属福利每30天为一期，服务生效期间每期专属福利结束后将自动触发新一期。\n- 福利可领取时，点击[领取]按钮即可领取当天全部奖励，领取时请确保背包有足够位置。\n- 当天的奖励只能当天领取，当天未领取的奖励将于当天23:59后过期不可再领取，无法补领。\n- 每日奖励仅天选勋章服务生效期间最后一日的零点前可领取，天选勋章服务期最后一日的零点后及天选勋章服务失效后不可再领取。\n- 天选勋章过期失效后，专属福利仍处于一期福利期内时，重新开通天选勋章将接续原福利状态。\n- 天选勋章过期失效且专属福利项也已过期消失后重新开通天选勋章，将直接触发新一期福利。\n\n四、\fW福利图标\f>长期显示，奖励项除天选福利外，其他福利在无待领奖励时，将不再显示在列表中。\n\n五、\fW推荐奖励\f>：\n1、奖励对象：\n- 等级<40且输入激活推荐码的角色\n- 等级≥50的玩家\n2、领取规则：\n输入推荐码奖励： \n- 输入并激活推荐码后，在奖励领取领取期内，角色达到指定等级，即可领取奖励。\n- 福利可领取时，点击[领取]按钮即可领取对应等级全部奖励，领取时请确保背包有足够位置。\n分享推荐码奖励：\n- 推荐人分享推荐码后，当其他玩家输入并激活推荐人的推荐码，且角色达到指定等级，推荐人即可获得奖励。\n- 奖励将通过系统邮件发放。\n- 同一推荐码最多可被激活10次。"
cn_2421,"休息时间"
cn_2422,"是否马上为你续订15天誓约书期限？"
cn_2423,"你开通的「誓约书」服务已经到期失效，请及时续订。"
cn_2424,"行动力：%+d\n"
cn_2425,"战斗力：%+d\n"
cn_2426,"抵抗力：%+d\n"
cn_2427,"物理防御"
cn_2428,"力量"
cn_2429,"敏捷"
cn_2430,"体质"
cn_2431,"意志"
cn_2432,"毅力"
cn_2433,"智力"
cn_2434,"命中抵抗"
cn_2435,"远程闪避"
cn_2436,"魔攻"
cn_2437,"魔防"
cn_2438,"治愈"
cn_2439,"体力上限"
cn_2440,"魔力上限"
cn_2441,"体力恢复"
cn_2442,"魔力恢复"
cn_2443,"水防"
cn_2444,"火防"
cn_2445,"风防"
cn_2446,"土防"
cn_2447,"抵抗暗盲"
cn_2448,"抵抗冰冻"
cn_2449,"抵抗沈默"
cn_2450,"抵抗石化"
cn_2451,"抵抗眩晕"
cn_2452,"抵抗中毒"
cn_2453,"远程伤害"
cn_2454,"远程命中"
cn_2455,"伤害减免"
cn_2456,"魔伤减免"
cn_2457,"物理伤害"
cn_2458,"魔法伤害"
cn_2459,"命中"
cn_2460,"魔法命中"
cn_2461,"冒险者称号"
cn_2462,"称号"
cn_2463,"显示"
cn_2464,"属性"
cn_2465,"永久"
cn_2466,"\fK属　　性"
cn_2467,"\fK到期时间"
cn_2468,"\fK获得方式"
cn_2469,"确定修改"
cn_2470,"阵营战排行榜"
cn_2471,"单次战功"
cn_2472,"单次赏金"
cn_2473,"本月战功"
cn_2474,"本月赏金"
cn_2475,"开箱需时:"
cn_2476,"可开启"
cn_2477,">%ld天"
cn_2478,">%ld时"
cn_2479,">%ld分"
cn_2480,"<1分"
cn_2481,"\fD你对 \f=%s \fD的攻击触发了骰子匕首特效，产生了 \f=%d 点伤害"
cn_2482,"\f=%s \fD对你的攻击触发了骰子匕首特效，你受到了 \f=%d 点伤害"
cn_2483,"\f3受到武器魔力的反作用力，你的武器被完全摧毁"
cn_2484,"赎回确认"
cn_2485,"是否确认消耗 \f=%s %s \f[赎回物品"
cn_2486,"代币"
cn_2487,"金币"
cn_2488,"请先选择要赎回的物品"
cn_2489,"赎回消耗："
cn_2490,"赎回"
cn_2491,"赎回物品"
cn_2492,"隐私条款"
cn_2493,"称号"
cn_2494,"当前军阶："
cn_2495,"荣耀值"
cn_2496,"(今天还可以获取 \f=%d \f[点荣耀)"
cn_2497,"需要军阶：%s\n"
cn_2498,"军阶"
cn_2499,"荣耀值"
cn_2500,"荣耀排行榜"
cn_2501,"当前没有物品可回购"
cn_2502,"代币不足，是否前往购买页面？"
cn_2503,"可以开启"
cn_2504,"魂石"
cn_2505,"攻击魂石"
cn_2506,"防御魂石"
cn_2507,"特殊魂石"
cn_2508,"炼魂源晶"
cn_2509,"还未开孔"
cn_2510,"确定消耗 %d 颗 %s 镶嵌在该孔位（不管镶嵌成功或失败，原有属性都会消失）？"
cn_2511,"镶嵌魂石"
cn_2512,"魂石板等级：Lv%d"
cn_2513,"提升等级"
cn_2514,"打孔"
cn_2515,"镶嵌魂石"
cn_2516,"\fK魂石板"
cn_2517,"魂石板"
cn_2518,"魂石板已升至最高等级"
cn_2519,"该位置已打孔"
cn_2520,"胫甲"
cn_2521,"名称"
cn_2522,"资质"
cn_2523,"资质属性:"
cn_2524,"资   质:"
cn_2525,"潜   能:"
cn_2526,"活力"
cn_2527,"基础属性:"
cn_2528,"无"
cn_2529,"一般"
cn_2530,"高级"
cn_2531,"稀有"
cn_2532,"英雄"
cn_2533,"传说"
cn_2534,"出战"
cn_2535,"收回"
cn_2536,"喂养"
cn_2537,"分解"
cn_2538,"完成"
cn_2539,"你将分解下列魔法娃娃，并获得%u瓶药水\n请问是否确认分解？\n%s"
cn_2540,"分解确认"
cn_2541,"确认分解"
cn_2542,"取消分解"
cn_2543,"保留当前等阶: %u%% 升到下一阶: %u%%"
cn_2544,"当前魔法娃娃还不能合成"
cn_2545,"找不到可以合成的魔法娃娃"
cn_2546,"一键添加"
cn_2547,"确认合成"
cn_2548,"丢弃"
cn_2549,"保留"
cn_2550,"洗炼"
cn_2551,"提升资质"
cn_2552,"当前"
cn_2553,"变化"
cn_2554,"全部"
cn_2555,"I"
cn_2556,"II"
cn_2557,"III"
cn_2558,"IV"
cn_2559,"V"
cn_2560,"背包数量"
cn_2561,"全部"
cn_2562,"合成"
cn_2563,"洗炼"
cn_2564,"魔法娃娃"
cn_2565,"娃娃"
cn_2566,"还未解锁"
cn_2567,"合成素材里包含有资质娃娃，确定合成？"
cn_2568,"确定"
cn_2569,"取消"
cn_2570,"未开放"
cn_2571,"道具兑换"
cn_2572,"挨利亚工坊"
cn_2573,"誊写"
cn_2574,"胫甲材料合成"
cn_2575,"兑换"
cn_2576,"胫甲制作"
cn_2577,"你暂时没有拥有娃娃，可寻找NPC伊蒂丝[魔法娃娃]获取。"
cn_2578,"阵营战中，不能互动"
cn_2579,"延时宝箱"
cn_2580,"宝藏"
cn_2581,"This is a Random Treasure Box (RTB) type of item. When you use this item in your inventory, you will randomly obtain one of the items listed below. The percentage shown at the bottom means the chance of this item will appear when you open a RTB."
cn_2582,"Guaranteed"
cn_2583,"\f3该孔只能镶嵌特殊魂石"
cn_2584,"\f22.12 魂石系统"
cn_2585,"　取消　|　重试登入　"
cn_2586,"限时优惠"
cn_2587,"折扣礼包"
cn_2588,"商城道具"
cn_2589,"天选会员"
cn_2590,"T Coin充值"
cn_2591,"%d 秒后退出游戏，可以点击取消按钮取消退出操作"
cn_2592,"取消"
cn_2593,"登出"
cn_2594,"魔法卷轴"
cn_2595,"锁定"
cn_2596,"切换魔法娃娃锁定状态"
cn_2597,"请选择要分解的娃娃"
cn_2598,"不能选择锁定状态的魔法娃娃"
cn_2599,"锁定状态的魔法娃娃不能洗炼"
cn_2600,"Max Level"
cn_2601,"任务"
cn_2602,"挑战令·白"
cn_2603,"挑战令·绿"
cn_2604,"挑战令·蓝"
cn_2605,"誓约印章"
cn_2606,"随从"
cn_2607,"组队"
cn_2608,"随从名片"
cn_2609,"\f22.19 魔法娃娃系統"
cn_2610,"四階魔力球"
cn_2611,"五階魔力球"
cn_2612,"魔力球碎片"
cn_2613,"Time left"
cn_2614,"Price:"
cn_2615,"Trophy"
cn_2616,"Collect"
cn_2617,"Give Up"
cn_2618,"(if you confirm to redeem this item, it can't be give up)"
cn_2619,"(if you confirm to give up this item, it can't be recover)"
cn_2620,"You have nothing to redeem.\nCheck out the [?] icon on the top right to know\nmore about Redeem and Trophies."
cn_2621,"You have no trophy now.\nCheck out the [?] icon on the top right to know\nmore about Redeem and Trophies."
cn_2622,"Rules about Redeem"
cn_2623,"Rules about Trophy"
cn_2624,"赎回系统规则_内容"
cn_2625,"战利品系统规则_内容"
cn_2626,"\f2锁定的材料不能用于%s"
cn_2627,"Are you sure to use %u TC to purchase for %s?"
cn_2628,"泡点"
cn_2629,"Activate Premium"
cn_2630,"Teon Coin: %u"
cn_2631,"Are you sure to activate premium for Teon Coin: %u?"
cn_2632,"Are you sure to activate premium for %s?"
cn_2633,"You are now not Premium Member. You are not allow to put more than %u items at the same time. Do you want to activate Premium and continue selling?"
cn_2634,"Tolls: %.1f%%"
cn_2635,"分解后可获得%u瓶药水"
cn_2636,"发送位置"
cn_2637,"Tolls:"
cn_2638,"Gains:"
cn_2639,"雇佣后奖励安排"
cn_2640,"当攻城战成功占领时，系统会根据当前页面所设定的税率，派发给参战的玩家。"
cn_2641,"输入分配税率"
cn_2642,"输入佣兵个人奖金"
cn_2643,"输入每个佣兵个人奖金，最低金额为%u"
cn_2644,"金币"
cn_2645,"最低金额为%u"
cn_2646,"Teon Coin"
cn_2647,"佣兵数量要求"
cn_2648,"佣兵等级要求"
cn_2649,"输入需要招募的数量，上限为%u"
cn_2650,"输入最低等级要求，最低下限为%u"
cn_2651,"招募"
cn_2652,"完成"
cn_2653,"已加入的雇佣兵列表"
cn_2654,"累积伤害 %u"
cn_2655,"承受伤害 %u"
cn_2656,"击杀数量 %u"
cn_2657,"不招募选择的佣兵"
cn_2658,"总奖金"
cn_2659,"要求等级"
cn_2660,"加入"
cn_2661,"招募中的血盟"
cn_2662,"已加入的血盟"
cn_2663,"不再征用"
cn_2664,"代号"
cn_2665,"最近战绩"
cn_2666,"预计奖励"
cn_2667,"退回奖金:"
cn_2668,"领取"
cn_2669,"雇佣兵结算"
cn_2670,"日期"
cn_2671,"战况"
cn_2672,"奖金分配"
cn_2673,"全部领取"
cn_2674,"奖金领取"
cn_2675,"%m月%d日"
cn_2676,"Allocation Suggest"
cn_2677,"\f23.1 Elf"
cn_2678,"\f23.2 Knight"
cn_2679,"\f23.3 Royal"
cn_2680,"\f23.4 Mage"
cn_2681,"\f23.5 Dark Elf"
cn_2682,"Ransom & Loot"
cn_2683,"\f=只能对强化等级%d以下的防具使用"
cn_2684,"\f3装备隐身斗篷和隐身状态下不可接受传送"
cn_2685,"This item is already overtime. You can't give it up or collect it any more."
cn_2686,"This item isn't ready. You can give it up or collect it until the redemption time is over."
cn_2687,"您的时间点数将超过上限 %d 点，无法购买。"
cn_2688,"时间点数计算规则"
cn_2689,"1、游戏区域分为付费区域与免费区域；\n2、进入付费区域之后开始消耗时间点数；\n3、在付费区域每1分钟消耗1点时间点数；\n4、角色离线或者进入免费区域，则停止消耗时间点数；\n5、相同服务器下，同一账号内所有角色共享时间点数；如想在多个服 务器进行游戏，需在各个服务器购买独立的时间点数；\n6、如果玩家在两个准备合服的服务器里都有剩余的时间点数，则两个 服务器剩余的时间点数会在合服之后累加。"
cn_2690,"蒂安币使用范围和规则"
cn_2691,"1、蒂安币用于游戏中的部分增值服务，例如发送滚动条广播、修改角色名称、购买变身皮肤、和重置属性点等；\n2、已购买的蒂安币在同一账号和服务器内的所有角色均可使用；\n3、角色转移时，蒂安币不会随角色转移；\n4、蒂安币不可用于交易、购买游戏内道具、装备等物品或用于兑换时间点数；\n5、购买前请确认清楚增值服务所需要的蒂安币数量；\n6、最终解释权归官方所有。"
cn_2692,"你即将花费 %s 购买 \f=%d \f[点时间点数。\n\n首次充值额外获赠 \f=%d \f[点时间点数。\n\n\f=首充双倍点数只限第一笔充值，首充额度越大，优惠力度越大！\n\n\f[时间点数计费方式为每分钟消耗\f=1\f[点。\n详细计费方式请点击充值服务-时间点数页面的(?)按键查看。"
cn_2693,"你即将花费 %s 购买 \f=%d \f[点时间点数。\n\n本次购买可获赠 \f=%d \f[点时间点数。 \n\n时间点数计费方式为每分钟消耗\f=1\f[点。\n详细计费方式请点击充值服务-时间点数页面的(?)按键查看。"
cn_2694,"取消"
cn_2695,"购买"
cn_2696,"购买时间点数"
cn_2697,"首充"
cn_2698,"双倍"
cn_2699,"点数"
cn_2700,"额外送："
cn_2701,"点"
cn_2702,"剩余时间点数：%d"
cn_2703,"时间点数"
cn_2704,"购买蒂安币"
cn_2705,"你即将花费 %s 购买"
cn_2706,"\f=购买前请确认清楚增值服务所需要的蒂安币数量；\n\f[蒂安币用于游戏中的部分增值服务，例如发送滚动条广播、修改角色 名称、购买变身皮肤、和重置属性点等；\n详细计费方式请点击充值服务-购买蒂安币页面的(?)按键查看。"
cn_2707,"您的蒂安币数量将超过上限 %d 个，无法购买。"
cn_2708,"你还有 誓约书 订单没有完成，请先到对应的服务器完成订单"
cn_2709,"你还有 点卡服 订单没有完成，请先到对应的服务器完成订单"
cn_2710,"您已成功购买 \f=%d蒂安币\f[ 。请前往【邮件】->【公告】，在邮件内 点击领取按钮提取您的蒂安币。如遇网络延迟等原因造成邮件收取滞后，请稍后再试或联系客服。"
cn_2711,"购买成功"
cn_2712,"前往邮件"
cn_2713,"充值服务"
cn_2714,"你还有 蒂安币 订单没有完成，请先到对应的服务器完成订单"
cn_2715,"注意"
cn_2716,"\f=请检查您的装备是否有元素强化或镶嵌了符石，继续操作不会返回元素或符石，确定吗？"
cn_2717,"传送铃铛"
cn_2718,"保护卷轴"
cn_2719,"\f=只能对强化等级%d以下的武器使用"
cn_2720,"你即将按照佣兵数%u人次，总奖金%u金币发起佣兵招募，是否执行？"
cn_2721,"你即将按照佣兵数%u人次，总奖金%u金币和%u代币发起佣兵招募，是否执行？"
cn_2722,"金币"
cn_2723,"跳过"
cn_2724,"冰霜變形結晶"
cn_2725,"魔法卷軸"
cn_2726,"一級"
cn_2727,"二級"
cn_2728,"三級"
cn_2729,"四級"
cn_2730,"五級"
cn_2731,"六級"
cn_2732,"祝福屈原靴"
cn_2733,"摊位"
cn_2734,"我的摊位"
cn_2735,"摊位名称："
cn_2736,"下架"
cn_2737,"已上架"
cn_2738,"已出售(%d)"
cn_2739,"收摊"
cn_2740,"摊位记录"
cn_2741,"请于左边选择有关交易内容"
cn_2742,"您的商品%s（%d）已出售，总价(%d)"
cn_2743,"上架"
cn_2744,"已达栏位上限%d"
cn_2745,"售空"
cn_2746,"职业尚未开放"
cn_2747,"此服务器尚未开服此职业角色，请留意后续版本更新"
cn_2748,"\f2%u\f>秒后退出无限大战"
cn_2749,"无限大战还未开始"
cn_2750,"开战时间"
cn_2751,"勇者勋章数量"
cn_2752,"勇者勋章排行榜"
cn_2753,"%s触发概率:%+d%%\n"
cn_2754,"%s特效伤害:%+d\n"
cn_2755,"总价超过上限，物品无法上架。"
cn_2756,"\f=%s \fD的攻击没有命中你"
cn_2757,"\fD你的攻击没有命中 \f=%s"
cn_2758,"\f>条件:转生%d次后可使用\n"
cn_2759,"\f22.5 Element Enchant"
cn_2760,"该摊位商品已售空"
cn_2761,"好友准许"
cn_2762,"好友数量：%d/%d"
cn_2763,"黑名单数量：%d/%d"
cn_2764,"====力王推荐配点====\n\n\fW19点初始力量\f>\n额外近战伤害+2\n额外近战命中+2\n额外负重能力+1\n\n\fW11点初始智力\f>\n额外魔耗减免+1\n\n\fW12点初始精神\f>\n额外魔法防御+1\n魔复药水效果+1\n\n配点点评：在获取最大物攻和近战命中加成的同时，还有配有魔耗减免以及增加魔复药水的效果。适合单练并且追求续航能力的王族玩家。升级时建议搭配魔法头盔:治愈。"
cn_2765,"====精智王推荐配点====\n\n\fW13点初始智力\f>\n魔法命中+1\n额外魔耗减免+2\n\n\fW16点初始精神\f>\n额外魔力回复量+2\n额外魔力成长+1\n额外魔法防御+2\n魔复药水效果+5\n\n配点点评：纯辅助型王族配点。后期配点主要增加智力，搭配魔法头盔:治愈以及王族职业魔法神圣牺牲，可以成为核心治疗角色。"
cn_2766,"====体王推荐配点====\n\n\fW18点初始体质\f>\n体力回复量+4\n额外体力成长+3\n负重能力+1\n\n配点点评：血盟盟主配点方式。为了在攻城战中保有最大的存活可能性，将一切奉献在体力成长上。但是这个配点在练级过程当中效率会非常低下。不建议新手玩家选择。"
cn_2767,"====力骑推荐配点====\n\n\fW20点初始力量\f>\n额外近战伤害+4\n额外近战命中+4\n\n配点点评：主流攻击型骑士配点方式，非常出色的近战伤害。唯一缺点就是续航能力相对较差。"
cn_2768,"====体骑推荐配点====\n\n\fW18点初始体质\f>\n体力回复量+4\n额外体力成长+3\n负重能力+1\n\n配点点评：全游戏中血量最高的职业配点方式。在骑士这一职业本身的近战攻击能力就不会太差的前提下，这个配点方式可以最大限度靠体力回复来节省药水的开支。"
cn_2769,"====智骑推荐配点====\n\n\fW12点初始智力\f>\n额外魔耗减免+2\n魔法命中+2\n\n配点点评：最大限度发挥【魔法头盔：治愈】的效果，并且【魔法命中】能增加4%【冲击之晕】的成功几率。"
cn_2770,"\fK抵抗睡眠"
cn_2771,"剩余时间点数：%d"
cn_2772,"热卖"
cn_2773,"超值"
cn_2774,"是否购买下列商品？"
cn_2775,"是否开通下列权限？"
cn_2776,"商品:"
cn_2777,"权限:"
cn_2778,"赠送:"
cn_2779,"消耗:"
cn_2780,"您已开通次权限"
cn_2781,"开通"
cn_2782,"使用权"
cn_2783,"使用权已到期"
cn_2784,"開啟窗口後的提示信息"
cn_2785,"前搖倒數窗口的信息"
cn_2786,"後搖倒數窗口的信息"
cn_2787,"====远攻推荐配点====\n\n\fW18点初始敏捷\f>\n额外远程伤害+3\n额外远程命中+3\n额外防御-2\n\n\fW13点初始体质\f>\n额外体力成长+1\n\n配点点评：选择弓作为武器的精灵的推荐加点方式。拥有最高的远程命中和伤害，并且通过防御加成和体力成长加成增加生存能力。"
cn_2788,"====近战推荐配点====\n\n\fW16点初始力量\f>\n额外近战伤害+2\n额外近战命中+2\n负重能力+2\n\n\fW14点初始智力\f>\n魔法命中+1\n魔法暴击率+2\n\n配点点评：以近战输出为主、魔法伤害为辅的魔法战士加点方式。16点初始力量已经足够取得精灵在初始力量中的所有额外收益，而额外负重能力可以让近战精灵携带更多的补给品。"
cn_2789,"====魔法近战推荐配点====\n\n\fW14点初始力量\f>\n额外近战伤害+2\n额外近战命中+2\n\n\fW16点初始智力\f>\n魔法命中+2\n魔法暴击率+4\n\n配点点评：推荐方案2的一种变异模式。虽然近战伤害相比没有太大变化，但是在降低负重能力的代价下，提高了一至六阶魔法的命中几率和暴击几率。更偏向于以魔法为主、近战为辅的辅助型配点。不推荐新手使用。"
cn_2790,"====纯近战推荐配点====\n\n\fW16点初始力量\f>\n额外近战伤害+2\n额外近战命中+2\n负重能力+2\n\n\fW14点初始体质\f>\n体力回复+1\n额外体力成长+1\n\n配点点评：纯近战式配点，增加了体力量和体力回复量。推荐方案2的一种变异模式。"
cn_2791,"====精智法推荐配点====\n\n\fW12点初始力量\f>\n额外近战伤害+2\n额外近战命中+1\n负重能力+1\n\n\fW18点初始智力\f>\n额外魔法伤害+1\n魔法命中+1\n魔法暴击率+8\n\n\fW18点初始精神\f>\n魔力回复量+3\n额外魔力成长+2\n魔法防御+1\n\n配点点评：标准精、智法师配点，还可配合近战攻击。推荐新手玩家使用。"
cn_2792,"====力法推荐配点====\n\n\fW13点初始力量\f>\n额外近战伤害+2\n额外近战命中+2\n负重能力+1\n\n\fW16点初始体质\f>\n额外体力成长+2\n负重能力+2\n\n\fW18点初始智力\f>\n额外魔法伤害+1\n魔法命中+1\n魔法暴击率+8\n\n\fW13点初始精神\f>\n额外魔力成长+1\n\n配点点评：加大了生存能力和近战能力的力量型法师，能够同时使用近战和魔法打出伤害。"
cn_2793,"====召唤法推荐配点====\n\n\fW13点初始力量\f>\n额外近战伤害+2\n额外近战命中+2\n负重能力+1\n\n\fW18点初始智力\f>\n额外魔法伤害+1\n魔法命中+1\n魔法暴击率+8\n\n\fW13点初始精神\f>\n额外魔力成长+1\n\n\fW12点初始毅力\f>\n没有额外加成，但法师职业可以带3个随从\n\n配点点评：召唤法师的初始配点模式。在确保早期能够顺利升级的同时，在使用迷魅、瘴怪或召唤术时，最高可以同时带3个随从。"
cn_2794,"cn3配点规则（占位符）"
cn_2795,"%s抵抗睡眠: %+d\n"
cn_2796,"转生"
cn_2797,"没有足够材料兑换"
cn_2798,"兑换积分"
cn_2799,"兑换"
cn_2800,"=%u 积分"
cn_2801,"积分界面上面描述内容"
cn_2802,"普通奖励"
cn_2803,"高级奖励"
cn_2804,"启用"
cn_2805,"消耗%s开启高级奖励"
cn_2806,"Play"
cn_2807,"广告内容描述"
cn_2808,"[%d]号书签组"
cn_2809,"需开通高级奖池"
cn_2810,"\f3魔法 冷却中"
cn_2811,"Advertising"
cn_2812,"职位贡献经验率没有改变，请先调整！"
cn_2813,"职位贡献经验率每天只能调整%d次；每天上午10:00点刷新次数"
cn_2814,"输入贡献百分比"
cn_2815,"职位贡献经验率已调整，确定要保留设置吗？\n职位贡献经验率每天只能调整%d次；每天上午10:00点刷新次数。"
cn_2816,"调整职位贡献率"
cn_2817,"杀怪所获得的经验值会按照设定%贡献给血盟经验值"
cn_2818,"调整职位贡献率"
cn_2819,"贡献比例设置范围为0~%d%%"
cn_2820,"调整"
cn_2821,"%d万"
cn_2822,"在线人数：%d/%d"
cn_2823,"血盟职位：%s"
cn_2824,"职位贡献经验率：%d%%"
cn_2825,"累计贡献经验值：%d"
cn_2826,"你的血盟现在可以升级了。\n是否确定花费以下资源提升血盟等级："
cn_2827,"你的血盟尚未积累到足够提升等级的经验值。\n除了血盟经验值，你还需准备以下资源用以提升血盟等级："
cn_2828,"血盟升级"
cn_2829,"新血盟规则"
cn_2830,"保密"
cn_2831,"升级"
cn_2832,"血盟等级："
cn_2833,"升级经验："
cn_2834,"调整贡献"
cn_2835,"最多保留%d 条信息；时间以服务器时间为准"
cn_2836,"血盟动态"
cn_2837,"职位"
cn_2838,"职业"
cn_2839,"等级"
cn_2840,"经验贡献"
cn_2841,"积分物品"
cn_2842,"盟主或副盟职位才能调整职位贡献经验率"
cn_2843,"\f22.14 灵魂转生"
cn_2844,"Reset"
cn_2845,"Remaining"
cn_2846,"开启第二套装备"
cn_2847,"30天聊天字体颜色"
cn_2848,"30天表情组%u"
cn_2849,"开启第%u套书签"
cn_2850,"%s随从物攻:%+d\n"
cn_2851,"%s随从命中:%+d\n"
cn_2852,"%s随从魔攻:%+d\n"
cn_2853,"%s随从防御:%+d\n"
cn_2854,"%s随从魔防:%+d\n"
cn_2855,"%s随从血量:%+d\n"
cn_2856,"%s随从物伤减免:%+d\n"
cn_2857,"%s随从魔伤减免:%+d\n"
cn_2858,"赎回经验"
cn_2859,"城镇复活"
cn_2860,"是否消耗%u金币赎回经验?"
cn_2861,"是否洗礼：否"
cn_2862,"是否洗礼：是"
cn_2863,"转生次数：%d"
cn_2864,"等级：%d"
cn_2865,"毅力：%d"
cn_2866,"体量：%d"
cn_2867,"未满足召唤条件，召唤失败"
cn_2868,"召唤目录"
cn_2869,"当前体量/最大体量：%d/%d"
cn_2870,"当前毅力：%d"
cn_2871,"一键释放"
cn_2872,"召唤"
cn_2873,"请选择想要召唤的随从"
cn_2874,"%s未知属性:%+d\n"
cn_2875,"总奖励时长: %d"
cn_2876,"战友列表 （%d/%d)"
cn_2877,"战友礼包"
cn_2878,"账号累积充值%d元可領取%d时间点"
cn_2879,"共享奖励"
cn_2880,"解除绑定"
cn_2881,"输入推荐码"
cn_2882,"条件不足"
cn_2883,"\f=------召唤条件------"
cn_2884,"定点复活"
cn_2885,"卖家已收摊"
cn_2886,"你已收摊"
cn_2887,"没有可上架的物品"
