tw_0,客戶端版本:%s 資源版本:%u
tw_1,下載最新版的Teon
tw_2,連接遊戲伺服器...(準備就緒)
tw_3,"更新數據中 (%s, %u->%u) %u%%, 請稍等..."
tw_4,"更新數據中 (%s, %u->%u), 請稍等..."
tw_5,連接伺服器...
tw_6,連接伺服器...(已連接)
tw_7,連接伺服器...(失敗)
tw_8,連接伺服器....(協議錯誤)
tw_9,"連接失敗, 請重新嘗試"
tw_10,連接伺服器...(握手中)
tw_11,正在加載遊戲資源，此過程不消耗流量，請放心等待...
tw_12,連接更新伺服器...
tw_13,連接更新伺服器...(獲取更新中)
tw_14,連接更新伺服器...(失敗)
tw_15,"更新失敗, 請重新嘗試"
tw_16,接收更新中...(%u/%u) %s
tw_17,"更新數據中(全部更新, %u->%u), 請稍等..."
tw_18,"更新數據中(局部更新, %u->%u), 請稍等..."
tw_19,"更新失敗, 請重新啟動. (未知更新信息:%s)"
tw_20,"更新失敗, 請重新啟動. (無效更新信息:%s)"
tw_21,"解壓數據中 (%s, %u->%u), 請稍等...(%d%%)"
tw_22,"更新失敗, 請重新啟動. (解壓數據失敗)"
tw_23,"更新失敗, 更新數據出錯, 將重新下載資源或解壓預設資源."
tw_24,更新數據失敗，請重新嘗試下載更新
tw_25,請退出遊戲後，騰出不少於%fG的空間，再點擊屏幕重新進行更新
tw_26,設備剩餘空間不足，無法進行更新
tw_27,　確定　|　取消　
tw_28,　確定　
tw_29,無法使用Google play登入，請確保設備已安裝相關組件
tw_30,\fK客戶端版本:%s 資源版本:%u
tw_31,帳號已經存在
tw_32,密碼錯誤
tw_33,帳號被鎖，請聯繫cs@lakoo.com\n請提供帳戶詳細資訊，標題：Teon-帳戶問題
tw_34,有另外一位玩家已經登入
tw_35,帳號或密碼的格式有誤
tw_36,錯誤代碼:%d
tw_37,登入失敗，%s
tw_38,帳號和密碼不能為空，請確認輸入
tw_39,確認密碼不一致，請重新確認輸入
tw_40,Google伺服器未回應，請重試登入
tw_41,\fK帳號
tw_42,\fK密碼
tw_43,\fK登 入
tw_44,\fK註 冊
tw_45,\fK取 消
tw_46,\fK密碼確認
tw_47,\fK登入
tw_48,提示
tw_49,王族
tw_50,騎士
tw_51,精靈
tw_52,法師
tw_53,暗夜精靈
tw_54,龍騎士
tw_55,幻術士
tw_56,未知職業
tw_57,人物
tw_58,背包
tw_59,魔法
tw_60,任務
tw_61,書籤
tw_62,社交
tw_63,綜合
tw_64,血盟
tw_65,離開
tw_66,關於
tw_67,確定
tw_68,取消
tw_69,請設置書籤名字:
tw_70,添加書籤
tw_71,書籤
tw_72,確認刪除書籤
tw_73,真的要刪除'%s'嗎?
tw_74,一鍵發送聊天
tw_75,聊天快捷鍵
tw_76,確定離開遊戲?
tw_77,重新開始 | 返回選服 | 離開遊戲
tw_78,復活
tw_79,請選擇復活方式
tw_80,附近城鎮
tw_81,"連線中斷, 原因: %u"
tw_82,連線中斷
tw_83,請選擇目標物品
tw_84,負重
tw_85,\fK人 物
tw_86,\fK鎖 定
tw_87,\fK整 理
tw_88,正義
tw_89,邪惡
tw_90,中立
tw_91,密  語
tw_92,郵  件
tw_93,封  鎖
tw_94,刪  除
tw_95,玩家名稱
tw_96,玩家血盟
tw_97,玩家稱號
tw_98,職業
tw_99,等級
tw_100,添加好友
tw_101,公告欄：
tw_102,血盟名稱：
tw_103,盟主：
tw_104,佔有城池：
tw_105,成員人數：
tw_106,歡迎加入血盟！！！
tw_107,充值
tw_108,設定
tw_109,成功登入遊戲
tw_110,請輸入數量：
tw_111,商  店
tw_112,總價
tw_113,\fK購  買
tw_114,\fK賣  出
tw_115,請選擇新角色
tw_116,請輸入角色名稱
tw_117,請選擇推薦配點或者手動調整屬性點數。
tw_118,請確定自定義分配的屬性點
tw_119,暫時未開放該角色，請重新選擇
tw_120,請分配所有剩餘屬性點
tw_121,系統錯誤，請重新輸入
tw_122,新角色名稱已存在，請重新輸入
tw_123,新角色名稱無效，請重新輸入
tw_124,創造角色失敗（錯誤能力值），請重新嘗試
tw_125,創造角色失敗（角色空間已滿），請重新嘗試
tw_126,無效的角色名稱，請重新輸入
tw_127,無效的角色創造信息
tw_128,組  隊
tw_129,加好友
tw_130,交  易
tw_131,密  語
tw_132,對 話
tw_133,主動攻擊
tw_134,黑名單
tw_135,\f3無效類型
tw_136,創建隊伍
tw_137,離  開
tw_138,輸入內容請控制在%d個漢字或%d個字母內。
tw_139,\f=取消交易
tw_140,\f2交易成功
tw_141,交  易
tw_142,請輸入物品數量：
tw_143,\f7未鎖定
tw_144,\f7已鎖定
tw_145,\fK鎖定交易
tw_146,\fK確定交易
tw_147,我的物品 \f=(交易有風險，請謹防詐騙)
tw_148,寄賣市場
tw_149,成功售出
tw_150,未售出
tw_151,購買
tw_152,出售
tw_153,領取
tw_154,物品
tw_155,名稱
tw_156,剩餘時間
tw_157,價格
tw_158,狀態
tw_159,\fK購買
tw_160,\fK取消
tw_161,\fK領取
tw_162,輸入搜索名稱
tw_163,輸入搜索名稱過長
tw_164,選擇出售數量：
tw_165,\fK全部
tw_166,選擇出售價格：
tw_167,"總價"
tw_168,選擇出售期限：
tw_169,12小時
tw_170,24小時
tw_171,48小時
tw_172,手續費：
tw_173,\fK出  售
tw_174,\fK取  消
tw_175,請輸入出售數量
tw_176,請輸入出售價格
tw_177,"\f3受詛咒的\n"
tw_178,"\f2受祝福的\n"
tw_179,"\f>職業："
tw_180,"\f>[所有職業]"
tw_181,"\f>[王]"
tw_182,"\f>[騎]"
tw_183,"\f>[精]"
tw_184,"\f>[法]"
tw_185,"%s\f>對小怪/大怪的傷害：%d/%d\n"
tw_186,"%s%s防禦：%d\n"
tw_187,"%s\f>材質：%s\n重量：%u\n"
tw_188,"\f3不可交易\n"
tw_189,"\f2不會損壞\n"
tw_190,"\f>雙手武器\n"
tw_191,"%s\f3無法強化\n"
tw_192,"%s\f2安定：%d\n"
tw_193,"%s\f>%s強化：%+d\n"
tw_194,"%s\f>%s損壞：%d\n"
tw_195,"%s\f>%s命中：%+d\n"
tw_196,"%s\f>%s傷害：%+d\n"
tw_197,"%s\f>%s遠程命中：%+d\n"
tw_198,"%s\f>%s遠程物攻：%+d\n"
tw_199,"%s\f>%s力量：%+d\n"
tw_200,"%s\f>%s敏捷：%+d\n"
tw_201,"%s\f>%s體質：%+d\n"
tw_202,"%s\f>%s精神：%+d\n"
tw_203,"%s\f>%s智力：%+d\n"
tw_204,"%s\f>%s毅力：%+d\n"
tw_205,"%s\f>%s幸運：%+d\n"
tw_206,"%s\f>%s體力：%+d\n"
tw_207,"%s\f>%s魔力：%+d\n"
tw_208,"%s\f>%s魔防：%+d\n"
tw_209,"%s\f>%s抵抗冰凍：%+d\n"
tw_210,"%s\f>%s抵抗石化：%+d\n"
tw_211,"%s\f>%s抵抗昏睡：%+d\n"
tw_212,"%s\f>%s抵抗暗盲：%+d\n"
tw_213,"%s\f>%s抵抗眩暈：%+d\n"
tw_214,"%s\f>%s抵抗束搏：%+d\n"
tw_215,"\f2吸取體力\n"
tw_216,"\f2吸取魔力\n"
tw_217,"%s\f>%s體力恢復：%+d\n"
tw_218,"%s\f>%s魔力恢復：%+d\n"
tw_219,"%s\f>%s魔攻：%+d\n"
tw_220,"\f2加速效果\n"
tw_221,"%s\f>營養度：%d\n"
tw_222,"%s\f>照明範圍：%d\n"
tw_223,"%s\f>%s火防：%+d\n"
tw_224,"%s\f>%s水防：%+d\n"
tw_225,"%s\f>%s風防：%+d\n"
tw_226,"%s\f>%s土防：%+d\n"
tw_227,"%s未鑒定\n\n提示：可在道具店購買鑒定卷軸進行鑒定"
tw_228,"\fK使  用"
tw_229,"\fK銷  毀"
tw_230,"\fK出  售"
tw_231,"\fK體力"
tw_232,"\fK魔力"
tw_233,"\fK經驗"
tw_234,"\fK等級"
tw_235,血盟:
tw_236,稱號:
tw_237,\fK物理攻擊
tw_238,\fK魔法攻擊
tw_239,\fK物理防禦
tw_240,\fK魔法防禦
tw_241,\fK移速/攻速
tw_242,\fK遠程閃避
tw_243,\fK火　　防
tw_244,\fK水　　防
tw_245,\fK風　　防
tw_246,\fK土　　防
tw_247,\fK飽餓度
tw_248,\fK力量
tw_249,\fK體質
tw_250,\fK敏捷
tw_251,\fK智力
tw_252,\fK精神
tw_253,\fK毅力
tw_254,\fK剩餘
tw_255,\fK修改稱號
tw_256,\fK分配屬性
tw_257,\fK屬  性
tw_258,\fK裝  備
tw_259,\fK背  包
tw_260,屬  性
tw_261,\fK添 加
tw_262,\fK發  言
tw_263,\f8用戶名 信息
tw_264,\f9綜  合
tw_265,\f9附  近
tw_266,\f9世  界
tw_267,\f9血  盟
tw_268,\f9隊  伍
tw_269,\f9密  語
tw_270,\f9系  統
tw_271,\fQ綜  合
tw_272,\fQ附  近
tw_273,\fQ世  界
tw_274,\fQ血  盟
tw_275,\fQ隊  伍
tw_276,\fQ密  語
tw_277,\fQ系  統
tw_278,當  前
tw_279,大  喊
tw_280,世  界
tw_281,血  盟
tw_282,隊  伍
tw_283,密  語
tw_284,裝  備
tw_285,\fK屬  性
tw_286,\fK裝  備
tw_287,\fK背  包
tw_288,背  包
tw_289,\f2操作已取消
tw_290,\f2操作無效 請選擇武器
tw_291,\f2操作無效 請選擇防具
tw_292,\f2操作無效 請選擇飾品
tw_293,\fK確定
tw_294,\fK最  大
tw_295,\f2無效字符
tw_296,\f2內容過長，請重新輸入
tw_297,客戶端版本:%u (%s) 資源版本:%u 伺服器版本:%u
tw_298,指令錯誤
tw_299,\f3錯|
tw_300,\f>內|
tw_301,\fF世|
tw_302,\fC盟|
tw_303,\fU隊|
tw_304,\fa交|
tw_305,\f<聯|
tw_306,\fH喊|
tw_307,\fK聊|
tw_308,\fP密|
tw_309,\fK力量
tw_310,\fK體質
tw_311,\fK敏捷
tw_312,\fK精神
tw_313,\fK智力
tw_314,\fK毅力
tw_315,\fK剩餘點數
tw_316,\fK確定
tw_317,\fK取消
tw_318,魔  法
tw_319,\fK普通魔法
tw_320,\fQ普通魔法
tw_321,\fK職業魔法
tw_322,\fQ職業魔法
tw_323,\fH距離：%u
tw_324,\fH距離：全屏
tw_325,\fH消耗魔力：%u
tw_326,\fH消耗物品：%s
tw_327,\fH消耗物品：無
tw_328,\fK使 用
tw_329,社  交
tw_330,\fQ好  友
tw_331,\fQ隊  伍
tw_332,\fQ血  盟
tw_333,\fQ郵  件
tw_334,\fQ黑名單
tw_335,\fK確 定
tw_336,\fK取 消
tw_337,倉  庫
tw_338,倉庫空間：
tw_339,背包空間：
tw_340,\fK存  入
tw_341,\fK取  出
tw_342,是
tw_343,否
tw_344,背景音樂 :
tw_345,聲音特效 :
tw_346,\fK血盟 ：
tw_347,\fK職業 ：
tw_348,\fK體力 ：
tw_349,\fK魔力 ：
tw_350,\fK等級 ：
tw_351,\fK防禦 ：
tw_352,\fK力量 ：
tw_353,\fK敏捷 ：
tw_354,\fK體質 ：
tw_355,\fK精神 ：
tw_356,\fK毅力 ：
tw_357,\fK智力 ：
tw_358,\f>開始遊戲
tw_359,\fK王 族
tw_360,\fK騎 士
tw_361,\fK法 師
tw_362,\fK精 靈
tw_363,\f>選擇職業
tw_364,\f>返 回
tw_365,\f>創造角色
tw_366,\fK請輸入角色名稱
tw_367,\f>手動調整
tw_368,\fK剩餘點數
tw_369,\f>取 消
tw_370,\f>確 定
tw_371,輸入的角色名稱字必須在(1-%d)中文或(1-%d)英文的範圍內
tw_372,\f7可以創造新角色
tw_373,\f:王族
tw_374,\f:騎士
tw_375,\f:法師
tw_376,\f:精靈
tw_377,\f>推薦配點
tw_378,\f>推薦配點
tw_379,\f>推薦配點
tw_380,\f>推薦配點
tw_381,\f>推薦配點
tw_382,\f>推薦配點
tw_383,\f>推薦配點
tw_384,\f>推薦配點
tw_385,　　　操作難度：★★★☆擁有高貴不凡的血統和崇高的名望，榮譽和權威的象徵！可穿戴大部分的武器和裝備，秉承皇室血脈，富有凝聚力，可發動號召，組建血盟！
tw_386,　　　操作難度：★★以手中之劍立誓，必將剷除邪惡，捍衛和平！是勇敢與忠誠的象徵。擁有強健的體魄和強大的韌性，可裝備重型盔甲，他們的力量更會為手中的武器增加優勢，造成更大傷害！
tw_387,　　　操作難度：★★★★★受創世神蒂安眷顧，天賦異能，能領悟自然法則之力，學習魔法技能，擁有強大的遠程輸出能力。種類繁多的魔法技能，多重選擇的發展方向，詮釋魔法的至高真諦！
tw_388,　　　操作難度：★★☆熱愛和平，嚮往正義與自由，對待其他生物都非常友善，但極度敵視邪惡種族。他們的能力是最為平衡的，能使用多種類的武器裝備和魔法，擁有多種成長方向！
tw_389,體質：影響角色體力成長和體力恢復量，增加最大負重值。\n力量：提高角色近戰物攻力，增加近戰命中率和最大負重值。\n精神：影響角色魔力成長和魔力恢復量，增加魔法防禦。\n智力：增加角色魔法基礎傷害力和魔法暴擊率，降低魔力消耗值。\n敏捷：提高角色遠程物攻力，增加物理防禦、命中率和遠程閃避。\n毅力：增加角色攜帶寵物的數量，提高盟主的血盟成員容納量。
tw_390,確定永久刪除角色“%s”嗎？
tw_391,\f=[普通區]
tw_392,\f2[安全區]
tw_393,\f3[戰鬥區]
tw_394,\f6!!!錯誤區域!!!
tw_395,一鍵發言頻道為:\fW%s
tw_396,\f3沒有選中目標，無法進行該操作
tw_397,精靈夜視 :
tw_398,踢  除
tw_399,加好友
tw_400,\fK儲值
tw_401,防禦:%d
tw_402,\fK請輸入書籤名稱:
tw_403,請輸入物品數量：
tw_404,請輸入數量：
tw_405,\f3你的情緒恢復到正常。
tw_406,\f2從身體的深處感到熱血沸騰。
tw_407,\f2身體內深刻的感覺到充滿了森林的活力。
tw_408,\f2從身體的深處感到熱血沸騰。
tw_409,\f3等級 %u 以下才可使用此道具。
tw_410,\fG你的身體開始麻痹，無法動彈。
tw_411,\fG你的身體開始僵直石化，無法動彈。
tw_412,\fG你開始沉睡。
tw_413,\fa被凍結了。
tw_414,\fa處於昏迷狀態。
tw_415,\fa雙腳受困無法移動。
tw_416,\fG你可以動了。
tw_417, 的
tw_418,"當前坐標: (%u,%u)"
tw_419,伺服器啟動: %02d-%02d-%02d %02d:%02d:%02d
tw_420,"紋理資料: 數量=%u 已載入=%u (%uKB) 最大可被載入=%uKB, //420"
tw_421,未知方向
tw_422,\f3什麼!
tw_423,錯誤：對話檔 不存在
tw_424,\fP數量：%u
tw_425,\fK請輸入文字:
tw_426,\fK請輸入新稱號名稱:
tw_427,返回
tw_428,伺服器公告
tw_429,\f3描述不存在!!
tw_430,加血盟
tw_431,離開血盟
tw_432,\f2你的精神力變強。
tw_433,請輸入新血盟的名稱
tw_434,%s\f3冷卻：%.1f秒\n
tw_435,%s\f=套裝:[%s]\n
tw_436,輸入內容不能為空
tw_437,請輸入正確的郵件格式
tw_438,\f3你說得太快了
tw_439,Google Play：
tw_440,登出
tw_441,\fK成  就
tw_442,伺服器維護中!
tw_443,\f3重複發言太快了！
tw_444,無法進入遊戲 (%d) ：偵測到ROOT
tw_445,無法進入遊戲 (%d) ：偵測到模擬器
tw_446,無法進入遊戲 (%d) ：運行環境異常： %s 
tw_447,無法進入遊戲 (%d) ：無法讀取遊戲檔案
tw_448,\fK完 成
tw_449,切換物品鎖定狀態
tw_450,\f9銷  毀
tw_451,確認銷毀
tw_452,真的要銷毀'%s'嗎?
tw_453,\f3偵測到外掛、模擬器或自動化工具
tw_454,\f=到期日：%s\n
tw_455,開始遊戲
tw_456,帳號復原
tw_457,\f9成  就
tw_458,伺服器人數已滿。排隊中，目前位置：%d
tw_459,讀取訂閱資訊失敗，請重試
tw_460,請等待確認訂閱彈窗，勿進行任何操作\n訂閱成功後，請按確定並重新啟動遊戲
tw_461,訂閱即將過期，要現在續訂嗎？ (寬限期：%d秒)
tw_462,訂閱
tw_463,\f2您現在是遊客登入狀態，移除 Teon 後，數據將無法保留\n請與遊戲內的永生者完成帳戶綁定
tw_464,綁定帳號
tw_465,\f3綁定帳號失敗，請檢查登入狀態
tw_466,\f=綁定帳號後，遊戲將重新啟動
tw_467,\f3綁定帳號失敗，帳號已被使用
tw_468,正在連接帳號伺服器⋯⋯
tw_469,Lv %d
tw_470,確定取消刪除角色“%s”嗎？
tw_471,(刪除中)
tw_472,\fK此角色將於到期時間被刪除
tw_473,\f=取消刪除請按橙黃刪除鍵
tw_474,此帳號未創建角色，繼續請按開始遊戲
tw_475,恢復帳戶僅供已綁定帳戶的用戶使用\n其他用戶請按取消返回，直接開始遊戲
tw_476,　確定恢復　|　取消　
tw_477,\fK更  新
tw_478,階級
tw_479,職等
tw_480,盟主
tw_481,守護
tw_482,精英
tw_483,學徒
tw_484,確認要離開血盟嗎？
tw_485,請輸入新稱號：
tw_486,請選擇新階級：
tw_487,　守護　|　精英　|　學徒　
tw_488,\f=血盟已經由盟主申請解散，最終解散時間為%s
tw_489,賦予稱號
tw_490,賦予階級
tw_491,解散血盟
tw_492,取消解散
tw_493,\f=血盟公告：
tw_494,確認要取消解散血盟嗎？
tw_495,確認要請離玩家“%s”嗎？
tw_496,請輸入血盟公告：
tw_497,請離血盟
tw_498,玩家守則
tw_499,感謝和歡迎進入 Teon 世界，基於維護長期穩定公平的遊戲環境原則，我們（拉闊遊戲，下同），請玩家仔細閱讀以下玩家守則，並在 Teon 世界遊玩中遵照執行。玩家創建遊戲角色進入 Teon，即被視為同意接受以下玩家守則。 若對玩家守則有任何疑問，請發信到 cs@lakoo.com。\n\n\f=[帳戶安全]\f>\n\n1.Teon 使用 Google 帳戶登錄，我們伺服器無法分辨：已通過 Google 驗證的帳戶登錄行為，是否為本人所為。\n2.強烈建議玩家加強用於登錄 Teon 世界的 Google 帳戶的安全設定。玩家可通過官網主頁的《Google 帳戶安全須知》瞭解帳戶安全的設定教程。\n3.強烈建議玩家啟用兩步驟驗證功能。\n4.每一次付費下載 Teon，只能用於一個 Google 帳戶登入使用。\n5.玩家遊戲歷程只保留最近90天，超過90天的歷程將會刪除，無法提供查詢。\n6.同一IP在同一伺服器，登錄數量最高限制為5個。如果登錄數量超過5個，我們將對所有帳戶進行凍結處理，情節較輕的凍結帳戶7天，情節嚴重的永久凍結帳戶。\n7.帳戶密碼標誌著賬號的使用權。玩家帳戶使用的密碼不得以任何理由給予另外一個玩家。若玩家將密碼透露給第三方，意味著將帳戶的使用權也轉讓給了第三方，由此產生的帳戶以及遊戲道具損失由玩家自行負責！\n\n\f=[遊戲角色命名]\f>\n\n遊戲中的名字開始只作為一種稱呼，但是隨著您在遊戲中的經歷，它將不僅僅只是一個稱謂，更代表一個人品格、信譽和能力。請慎重使用賦予您的這種權利，讓您的名字跟隨您在遊戲歷程中寫下漂亮的篇章。\n雖然人物昵稱、血盟名稱等名稱可以由您來命名，但是為了維護遊戲世界中的潔淨與和諧，我們不允許出現包括但不限於：性別歧視、種族歧視、宗教、淫穢、粗俗、誹謗、恐嚇、攻擊性、污辱性、可能引起普遍誤會的、違禁藥品等內容的名稱。\n另有特殊情況（如利用類似他人遊戲名字故意違反遊戲守則），將在核實其行為後，鎖號處罰。\n\n\f=[關於交易]\f>\n\n1.我們不會主動干涉，來源正常的金幣或物品，在遊戲內外交易。\n2.我們不主張玩家在遊戲外，以真實貨幣或物品進行遊戲金幣或物品的交易。\n3.若玩家堅持在遊戲外進行交易的，由此帶來的一切風險和損失由玩家自行承擔。我們不參與解決任何遊戲外交易所產生的玩家之間的糾紛。\n4.若遊戲內外的交易內容，涉及惡意利用漏洞的產出，我們將回溯交易，追回異常產出。\n5.我們不提供遊戲歷程等數據查詢服務，若玩家因採取法律行動需要，申請調取遊戲歷程作為證據，請以角色對應帳戶郵箱聯繫我們，並提供取證文書與身份證件的彩色照片。\n\n\f=[遊戲管理員(GM)]\f>\n\n1.遊戲內 GM 名稱清單：TeonGM01~TeonGM10，GM01~GM99，裁決之鐮；在這個清單之外的，聲稱自己是 GM 的角色都是假的，歡迎玩家舉報。\n2.GM名稱皆為特殊的黃或純黑變色。\n3.任何 GM 都不會在遊戲、論壇或任何途徑，向玩家索要帳戶密碼等資訊，請勿被騙。\n4.任何 GM 或我們的同事，都不會在遊戲內或遊戲外，向玩家販賣金幣、裝備和物品。所有以 GM 或者官方名義出售金幣、裝備和物品的都是騙子，歡迎玩家舉報。\n\n\f=[遊戲PK規則]\f>\n\n在 Teon 世界，對手消滅（即PK您的敵人或其它玩家），認為是遊戲的一部分而不是騷擾性的。\n在遊戲中玩家需要切換 PK 模式後才能 PK 其他玩家，當玩家進行 PK 成功殺死其他玩家後，系統會有記錄，並影響玩家的正義值。同時，遊戲中也設計了禁止 PK 的安全區域。我們不主張也不反對玩家在遊戲世界中的快意恩仇。\n但在某些極端或過分騷擾的情況下，請聯繫 GM，視情況處理。\n\n\f=[Teon 不允許的行為] \f>\n\n聊天頻道內不允許行為\n1.發佈遊戲外虛擬道具與真實貨幣交易的訊息。\n2.重複發送高度相似訊息，引起其他玩家的困擾和投訴。\n3.發送包括但不限於：歧視、宗教、淫穢、誹謗、恐嚇、攻擊性、污辱性、違禁藥品等訊息。\n4.利用文字變色偽裝系統訊息，引起玩家普遍誤會，如：偽裝成怪物掉落寶物的訊息。\n5.冒充官方，散佈謠言，企圖破壞遊戲環境。\n6.傳播任何與 Teon 世界無關的資訊，引起其他玩家的困擾和投訴。\n\n其他不允許行為\n1.冒充 GM，實行欺詐，散佈謠言等方式，從中得利。\n2.宣傳非官方發佈的 Teon 玩家端、外掛工具、方法等（外掛工具包含按鍵精靈，物理輔助點擊器等）。\n3.惡意利用遊戲漏洞獲利，影響遊戲世界的公平。\n4.使用非官方發佈程式作弊，包括但不限於：自動打怪、自動練級、自動吃藥、自動完成任務、加速行走等等，超出遊戲設計合理範圍的操作。\n玩家若有以上行為，經過確認後，我們會視乎實際情況，採用以下的行動：\n\f3強制下線\f>\n\f3暫時鎖帳戶\f>\n\f3強制修改角色名稱\f>\n\f3追回物品和金錢\f>\n\f3永久鎖帳戶\f>\n\n\f=[Teon 不受理的請求]\f>\n\n1.玩家請求追回因自身疏忽大意而損失的虛擬財產，如：遊戲交易系統正常，玩家交易時未認真檢視交易物品。\n2.玩家請求追回因線下交易而損失的虛擬財產。\n3.玩家無理要求解鎖因違反 Teon 玩家守則而被執行強制措施的帳戶，玩家可查詢被鎖原因、配合官方復查、合理申訴帳戶解鎖。\n4.玩家請求追回因正常遊戲設定而損失的虛擬財產，如：強化裝備失敗，角色死亡掉寶，減經驗等。\n5.玩家請求追回因聽信謠言而損失的虛擬財產，任何訊息請以官網資訊為准，切勿聽信謠言。\n6.偽造虛假訊息，企圖欺騙官方管理員，獲取利益的行為。\n\n\f=[遊戲服務之變更及中斷]\f>\n\n1.我們擁有所提供的遊戲服務內容之製作、追加、變更、刪除、維護、保全、保安、解釋等的權利，為了維持遊戲內的秩序和遊戲性，公司可以採取必要的措施。 另外，為了提供完整之遊戲服務，可根據營運上或技術上的必要性變更服務。\n2.根據第1項變更服務時，我們將在變更之前於遊戲服務內公告相關內容。\n3.我們為提供圓滿之服務給申請服務之用戶，可未經用戶額外同意，設置或變更(更新)個別軟體、保安軟體、支付套件等。 但安裝廣告軟體等跟服務無關之軟體時，必須告知用戶並事先取得同意。\n4.因轉讓營業、分割、合併等中止營業、提供遊戲之合約到期、遊戲服務營利等經營不善、難以持續遊戲服務時，可中斷所有服務。有前述情形時， 應於30日前於遊戲服務網頁上將遊戲服務中斷之訊息、中斷日期、中斷事由、補償條件等公告。如遇到無法透過事前通知之不得已情形時，我們得採取事後告知之方式通知遊戲服務用戶。\n5.我們不承擔由於服務更改或中斷而導致用戶預期的而非真實的收益損失，或用戶未取得公司非直接提供的優惠(包括但不限於需透過參與活動而取得優惠)而導致的任何損失。\n\n\f=[責任限制]\f>\n\n在任何情況下，不論我們是否已經告知該損害，也不論該訴訟是否基於契約、侵害智慧財產權、侵權、過失或其他請求依據，我們對於您因本守則相關或衍生的或任何他人、團體訴訟、或任何損失、損害、訴訟、請求或其他程序所生的任何偶然性損害、間接性損害、懲罰性賠償、法定賠償、定額賠償、預期利益、或特別損害，我們對您皆不負任何責任。您同意不提出任何與上述責任限制不符的訴訟。部份上述的責任限制在某些管轄地可能不被允許，若有任一法院認為應適用此管轄地的法律，我們應在法律許可的最大程度範圍內予以免責。\n\n\f=[重要提示]\f>\n\n我們有權根據 Teon 世界的發展和需要，保留修改本《玩家守則》的權利。修改《玩家守則》時，我們將會在 Teon 遊戲官方主頁公告修改內容，而不另對玩家進行個別通知。請玩家留意官方主頁的公告。\n\n本《玩家守則》自2019年8月8日生效。
tw_500,選擇目標
tw_501,\f=Boss: %s 出現了！ (%s) [ %s]
tw_502,購買記錄已綁定至其他遊戲帳號，請按確定查看詳情
tw_503,舉報
tw_504,目標玩家
tw_505,舉報類型
tw_506,外掛
tw_507,其他
tw_508,補充說明:(100字內)
tw_509,洛基的謎題
tw_510,A | B | C | D 
tw_511,同意並遵守
tw_512,本地帳號
tw_513,\n(參考編號：%s)
tw_514,訂閱驗證發生未知錯誤
tw_515,訂閱帳戶驗證錯誤
tw_516,訂閱帳戶驗證無效
tw_517,訂閱帳戶與遊戲帳戶不符
tw_518,訂閱帳戶與遊戲帳戶不符
tw_519,訂閱帳戶已關聯其他遊戲帳戶
tw_520,%s\f=最低使用等級：%d\n
tw_521,%s\f=最高使用等級：%d\n
tw_522,"%s\f=使用位置：%s (%u,%u)\n"
tw_523,\f=帳號被鎖，將會在 %s 解鎖。
tw_524,\f3帳號永久被鎖
tw_525,\n(原因: %s)\n請聯繫cs@lakoo.com\n請提供帳戶詳細資訊，標題：Teon-帳戶問題
tw_526,確認丟棄物品
tw_527,真的要丟棄'%s'嗎?
tw_528,聯繫客服
tw_529,常見問題
tw_530,幫助資訊
tw_531,選擇反饋類型
tw_532,反饋問題說明描述
tw_533," "
tw_534,聯繫郵箱:cs@lakoo.com
tw_535,請於左邊反饋類型欄選擇需要提交的問題類型
tw_536,提交反饋
tw_537,輸入內容已超出限制長度
tw_538,請你綁定遊戲賬戶再反饋問題
tw_539,提交成功，請留意你登錄遊戲的帳號郵箱內查看回覆
tw_540,ID
tw_541,角色名稱
tw_542,角色等級
tw_543,角色職業
tw_544,客戶端版本
tw_545,帳號:
tw_546,角色:
tw_547,關鍵詞:
tw_548,系統提示:
tw_549,描述:
tw_550,輸入綁定遊戲角色的帳號
tw_551,輸入遊戲裡的角色名稱
tw_552,反饋問題的關鍵字
tw_553,遊戲出現錯誤後出現的系統提示
tw_554,描述問題出現的時間、操作、困擾或者期望的解決方案等
tw_555,BUG反饋
tw_556,月費問題
tw_557,遊戲問題
tw_558,投訴建議
tw_559,角色異常
tw_560,登入被拒
tw_561,\fH消耗體力：%u
tw_562,重置快捷鍵：
tw_563,向左
tw_564,向右
tw_565,Teon需要系統權限存取遊戲帳號和資源
tw_566,信息
tw_567,公告
tw_568,更新內容
tw_569,選擇查看
tw_570,內容
tw_571,請於左邊選擇有關公告內容
tw_572,你尋找的目標不在當前地區
tw_573,版本歸屬
tw_574,"\fK臨時魔法"
tw_575,"\fQ臨時魔法"
tw_576,"\fC你正被 \f=%s \fC襲擊，已將其加入仇恨名單，無需開啟PK即可攻擊對方"
tw_577,受擊提醒：
tw_578,管理
tw_579,設置
tw_580,兌換碼
tw_581,請輸入兌換碼：
tw_582,確定兌換
tw_583,錄影
tw_584,兌換碼規則描述：
tw_585,選擇伺服器
tw_586,伺服器
tw_587,請先選擇遊戲伺服器
tw_588,操作
tw_589,\f=%s 刷出 [%s] %s
tw_590,寄賣市場
tw_591,成功購買被封印的誓約書[15天]後，將直接解封並增加360小時的有效誓約。
tw_592,寄賣超過6小時後無人購買，可重新上架或取回
tw_593,* 請核對價格，購買後不可撤銷。
tw_594,剩餘%s
tw_595,重新上架
tw_596,取回
tw_597,我要寄賣
tw_598,請選擇寄賣物品
tw_599,正在寄賣
tw_600,寄賣已超時
tw_601,武器
tw_602,防具
tw_603,道具
tw_604,單手劍
tw_605,雙手劍
tw_606,鈍器
tw_607,匕首
tw_608,杖
tw_609,弓
tw_610,矛
tw_611,單手矛
tw_612,雙手鈍器
tw_613,頭盔
tw_614,盔甲
tw_615,T恤
tw_616,斗篷
tw_617,手套
tw_618,鞋
tw_619,盾牌
tw_620,腰帶
tw_621,項錬
tw_622,戒指
tw_623,耳環
tw_624,臂甲
tw_625,箭矢
tw_626,魔杖
tw_627,寶石
tw_628,藥品
tw_629,卷軸
tw_630,魔法書
tw_631,材料
tw_632,其他
tw_633,"單價"
tw_634,"數量"
tw_635,價格排序
tw_636,總數
tw_637,已售數量
tw_638,收益
tw_639,總收益：
tw_640,一鍵提取
tw_641,領取收益
tw_642,寄賣比例：
tw_643,已出售
tw_644,搜尋不到你輸入的物品名稱
tw_645,全部
tw_646,請等待確認付費彈窗，勿進行任何操作
tw_647,正在與伺服器驗證付費結果，勿進行任何操作
tw_648,處理已超時，如有問題請聯繫客服
tw_649,伺服器驗證失敗，錯誤代碼:%d
tw_650,付費並驗證成功，請檢查
tw_651,再次付費操作會嘗試驗證上次失敗的交易(最多三次)
tw_652,無法進行付費流程，請檢查綁定帳號狀態
tw_653,* 請核對價格，寄賣後不可撤回。
tw_654,套裝 [%s] --- %s
tw_655,請先綁定帳號後再繼續付費
tw_656,血盟戰旗
tw_657,請為您的血盟戰旗設定旗號
tw_658,修改戰旗
tw_659,1.選戰旗造型，定旗號，旗號獨一無二（限制長度為一個中文字符或者兩個英文字符）。\n2.每款不同造型的戰旗各自有獨立的售價。\n3.每個血盟僅有一次設定戰旗的機會，選定戰旗後，不可更改。
tw_660,正在驗證您的會員訂閱紀錄，請稍等
tw_661,成功驗證會員訂閱紀錄
tw_662,沒有查詢到會員訂閱紀錄。如有問題，請聯繫客服
tw_663,您的會員訂閱已過期，請續費會員
tw_664,使用
tw_665,Teon秀
tw_666,兌換
tw_667,紋飾
tw_668,預設
tw_669,背景
tw_670,人物
tw_671,效果
tw_672,\f3所需消耗物品數量不足
tw_673,時長
tw_674,\f3無法在已兌換的欄位保存Teon秀
tw_675,\f3無法兌換已擁有的Teon秀組合
tw_676,\f3兌換失敗，你無法兌換會員專屬的Teon秀元素。
tw_677,將要在第 %hhu 欄兌換Teon秀，消耗 %d 件物品：
tw_678,"1.每个角色擁有有I、II、III欄位，I為預設Teon秀，不可更改。\n2.Teon秀由人物、背景、效果三種元素組合而成，每種元素的序號為1-10。\n3.帶*號的序號為會員專屬元素。\n4.兌換Teon秀需要消耗魔法染料，選擇的時長不同，則消耗的魔法染料數量不同。\n5.特殊魔法染料可以兌換固定組合的Teon秀。\n6.II,III欄目僅能保留一套Teon秀，若重複兌換，則會替換。\n7.“存儲”僅是存儲當前欄目的元素組合序號，並未生效，“兌換”成功才能讓Teon秀生效。"
tw_679,背景 %hhu，人物 %hhu，效果 %hhu
tw_680,持續時間：%hhu 天
tw_681,\f2存儲成功
tw_682,\f2兌換成功，Teon秀組合已生效
tw_683,確認兌換
tw_684,\f3所需消耗物品數量不足
tw_685,1.紋飾持續時間：%hhu 天。\n2.兌換紋飾需要消耗魔法染料。\n3.不可同時存在多種紋飾。\n4.重複多次兌換不可疊加有效時間，僅以最新有效期為准。
tw_686,將要兌換 %hhu 號紋飾，消耗 %d 件物品：
tw_687,玩家資料
tw_688,玩家資料
tw_689,Teon秀
tw_690,存儲
tw_691,兌換
tw_692,下一套
tw_693,上一套
tw_694,過期時間
tw_695,王
tw_696,騎
tw_697,法
tw_698,精
tw_699,魔法染料
tw_700,\f=預設造型，無需兌換
tw_701,\f2您獲得 %s
tw_702,福利
tw_703,鎖定快捷鍵：
tw_704,NPC坐標
tw_705,取消指引
tw_706,會員專屬
tw_707,隊員名片
tw_708,請登入已綁定的帳號，繼續會員訂閱流程
tw_709,錯誤：訂閱會員須先與遊戲內的永生者完成帳戶綁定
tw_710,訂單ID已被使用
tw_711,會員訂單ID已被其他遊戲帳號綁定
tw_712,受擊切換：
tw_713,多點觸控：
tw_714,切換快捷鍵：
tw_715,您未擁有誓約書，不能使用第二套快捷鍵
tw_716,顯示等級：
tw_717,帳號倉庫
tw_718,血盟倉庫
tw_719,角色倉庫
tw_720,與伺服器連線中斷，將重新建立連線: %u
tw_721,重新連線
tw_722,支持並評分
tw_723,反饋吐槽
tw_724,繼續體驗
tw_725,感謝您安裝並使用Teon，請問您在Teon內的體驗如何？
tw_726,進行中
tw_727,已完成
tw_728,邀請遊戲
tw_729,我的邀請鏈接
tw_730,複製
tw_731,分享
tw_732,邀請新玩家進行遊戲，當他（她）滿足一定條件你可獲得豐厚獎勵哦！
tw_733,獎勵規則——\n1.每個帳戶（邀請方）都有獨立的超鏈，邀請方通過自身的超鏈邀請新晉帳戶（受邀方）。\n2.受邀方達到特定的狀態時，邀請方可以獲得系統獎勵。\n3.邀請方可以同時邀請多個新晉帳戶。\n4.邀請方和受邀方必須同服，不可跨服跨平臺。\n5.受邀方的任意角色達到30，49，59等或者訂購會員時，邀請方獲得系統獎勵。\n6.邀請禮包I（30等）：終極治癒藥水*10，強化自我加速藥水*3。\n7.邀請禮包Ⅱ（49等）：破舊的高級變形卷軸*3\n8.邀請禮包Ⅲ（59等）：高級變形卷軸*3\n9.邀請月費禮包：對防具強化的卷軸*1，對武器強化的卷軸*1
tw_734,複製成功
tw_735,複製失敗
tw_736,%s\f=伊丁秘錄:%s\n
tw_737,任務列表
tw_738,循環任務
tw_739,可接
tw_740,不可接
tw_741,不可交
tw_742,可交
tw_743,能力分布
tw_744,屬性影響說明
tw_745,附近城鎮 | 原地復活 
tw_746,地圖
tw_747,請輸入坐標
tw_748,\f2你的位置
tw_749,區域
tw_750,世界
tw_751,NPC
tw_752,此區域沒有小地圖
tw_753,\f3請輸入正確的坐標格式
tw_754,\f3已超出地圖坐標
tw_755,\f2指引
tw_756,\f2傳送
tw_757,你所在區域的空間不穩定，無法使用路線指引功能。
tw_758,血盟
tw_759,敵對血盟：
tw_760,戰績：
tw_761,榮譽
tw_762,最後登入時間
tw_763,盟戰排行榜
tw_764,戰績
tw_765,總戰評
tw_766,戰榜
tw_767,戰帖
tw_768,請選擇將宣戰的血盟
tw_769,宣戰
tw_770,確定對%s宣戰嗎?
tw_771,投降
tw_772,休戰
tw_773,地圖暫未開放
tw_774,你所在區域的空間不穩定，無法確定位置
tw_775,添加
tw_776,刪除
tw_777,視頻攻略
tw_778,新手入門
tw_779,進階教學
tw_780,玩家視頻
tw_781,即將進入視頻教學
tw_782,視頻名稱：%s\n強烈推薦第一次玩本遊戲觀看，以後如果想繼續瞭解操作教學，請點擊視頻列表查看
tw_783,　跳過視頻　|　觀看教學　
tw_784,立即前往
tw_785,直接拒戰
tw_786,此裝備已有保護
tw_787,　替換　|　取消　
tw_788,受擊特效：
tw_789,"此裝備已有強力保護"
tw_790,"瞭解方位"
tw_791,"操作快捷鍵"
tw_792,"變形系統"
tw_793,"穿戴裝備"
tw_794,"攻擊怪物"
tw_795,"鑑定物品"
tw_796,"學習魔法"
tw_797,"強化裝備"
tw_798,"真的要丟棄%d個%s嗎?"
tw_799,類型
tw_800,到期時間
tw_801,無
tw_802,獎勵
tw_803,會員
tw_804,十年
tw_805,封印
tw_806,試用
tw_807,血盟名稱
tw_808,人數
tw_809,盟主名稱
tw_810,\f>%s魔傷：%+d\n
tw_811,賞金獵人
tw_812,獵人 :
tw_813,PK值 :
tw_814,賞金 :
tw_815,剩餘追獵次數:
tw_816,目標 :
tw_817,剩餘時間:
tw_818,放棄追獵
tw_819,追獵目標
tw_820,規則說明
tw_821,規則內容
tw_822,普通區
tw_823,冒險區
tw_824,"%s逃竄到%s(%d,%d),請在%d分鐘內追捕目標。"
tw_825,需要消耗%d本被封印的誓約書[15天]才能放監
tw_826,\f3因魔力不足而無法使用魔法。
tw_827,\f9訊 息
tw_828,\fQ訊 息
tw_829,\fC你閃避了 \f=%s \fC的攻擊
tw_830,\f=%s \fC攻擊了你，造成了 \f=%d點傷害
tw_831,\f=%s \fC使用魔法攻擊了你，造成了 \f=%d點傷害
tw_832,\f2鎖定狀態下不能強化
tw_833,近戰物攻
tw_834,遠程物攻
tw_835,魔法能力
tw_836,續航能力
tw_837,體能強度
tw_838,操作難度
tw_839,創建角色
tw_840,可以創建新角色
tw_841,"你處於受保護狀態，不可執行此操作，達到40級後將自動解除保護"
tw_842,"戰鬥"
tw_843,"快捷鍵"
tw_844,"重新開始"
tw_845,"返回選服"
tw_846,"離開遊戲"
tw_847,"確認關閉"
tw_848,"關閉後，你的屬性點將恢復至重置前的狀態。"
tw_849,"確定 | 取消"
tw_850,"\f=屬性點不能超過35"
tw_851,"\f=你還有初始屬性點剩餘，請先分配"
tw_852,"確認分配"
tw_853,"你確定這樣分配各項屬性嗎？"
tw_854,"初始屬性"
tw_855,"附加屬性"
tw_856,"屬性影響"
tw_857,"推薦簡介"
tw_858,"規  則"
tw_859,"配置初始屬性"
tw_860,"剩餘點數"
tw_861,"推薦方案"
tw_862,"推薦方案1"
tw_863,"推薦方案2"
tw_864,"推薦方案3"
tw_865,"推薦方案4"
tw_866,"配置附加屬性"
tw_867,"lv %d"
tw_868,"選擇屬性"
tw_869,"重置屬性"
tw_870,"角色生成時的點數對人物屬性的影響大於角色50等之後獲得的點數。\n一、角色生成時加點屬性的影響\n\n力量(Str)：力量影響負重與近距離物理攻擊\n敏捷(Dex)：敏捷影響防禦、遠程閃避及遠距離物理攻擊\n體質(Con)：體質影響負重量、角色升等級時所增加體力值及體力恢復量\n精神(Wis)：精神影響角色升等級時所增加魔力值及魔力恢復量、魔法防禦\n智力(Int)：智力影響施法成功機率、魔攻、及使用魔法時減少消耗的魔力\n毅力(Cha)：毅力影響召喚術、迷魅術、馴養寵物的所能攜帶數量，王族的毅力值對所能招收的血盟成員數量和自身的暴擊率也有影響\n\n二、角色50等獲得配點屬性的影響\n\n力量(Str)：力量影響負重與近距離物理攻擊\n敏捷(Dex)：敏捷影響遠程閃避及遠距離物理攻擊\n體質(Con)：體質影響負重量、角色升等級時所增加體力值及體力恢復量\n精神(Wis)：精神影響角色升等級時所增加魔力值及魔力恢復量、魔法防禦\n智力(Int)：智力影響施法成功機率、魔攻、及使用魔法時減少消耗的魔力\n毅力(Cha)：毅力影響召喚術、迷魅術、馴養寵物的所能攜帶數量，王族的毅力值對於所能招收的血盟成員數量有影響，額外毅力屬性(裝備／臨時狀態)不影響血盟成員數量，同時王族的毅力值對自身的暴擊率也有影響，50等後毅力配點對暴擊率的影響與角色生成時的毅力配點相關"
tw_871,"一、\fW配點\n\f>1.當角色首次達到35等時，可以配置[初始屬性]點數\n2.屬性加點變為紅色時為達到該屬性上限\n3.配點完成後，角色將根據配置好的點數重新升等到當前等級\n4.[初始屬性]點數配置對角色成長影響巨大，且不能輕易更改，請玩家慎重考慮\n\n二、\fW普通重置\n\f>1.角色在50等及以上，可使用[生命聖泉]，重置全部的[初始屬性]和[附加屬性]\n2.[初始屬性]和[附加屬性]配點完成後，角色將根據配置好的點數重新升等到當前等級\n3.不會重置使用道具(例如淬體藥水和煉魔藥水)獲得的額外體力和魔力。\n4.不會重置使用[萬能藥]獲得的屬性點數加成\n\n三、\fW輪迴\n\f>1.角色在50~80等，可使用[輪迴奧術]，重置全部的[初始屬性]和[附加屬性]并使角色回到10等\n2.[初始屬性]配點完成後，角色將根據配置好的點數重新升等到10等\n3.輪迴後的角色會擁有輪迴前等級的[附加屬性]點數，供自行分配(例如69等角色輪迴，回到10等後會擁有20點可分配點數)\n4.已進行過「聖光洗禮」的角色不可使用輪迴奧術重置屬性。\n5.不會重置使用道具(例如淬體藥水和煉魔藥水)獲得的額外體力和魔力。\n6.不會重置使用[萬能藥]獲得的屬性點數加成\n7.每次使用輪迴奧術後，將有7天的保護期，期間不可使用生命聖泉\n8.如在保護期內使用輪迴奧術，保護期將重新計算7天，但和已過的保護期合計為一個保護期週期\n9.一個保護期週期內使用輪迴奧術，如當前等級低於激活本週期時使用輪迴奧術時的等級，則重置50等至激活本週期時使用輪迴奧術時的等級的「附加屬性」；如當前等級高於激活本週期時使用輪迴奧術時的等級，則重置50等至當前等級的「附加屬性」"
tw_872,"優勢：體力超高\n不足：魔法防禦、物理防禦、物理攻擊能力較低\n發展：體盾型補助，依託超高體力，為血盟成員提供支援和鼓勵，唯一能建立血盟的角色。"
tw_873,"優勢：物理攻擊力超高\n不足：物理防禦、魔法防禦低\n發展：力量型補助，能成為戰士，也能為血盟成員提供支援和鼓勵，唯一能建立血盟的角色。"
tw_874,"優勢：體力和物理攻擊力較高\n不足：物理防禦、魔法防禦低\n發展：亞力量型補助，能為血盟成員提供支援和鼓勵，唯一能建立血盟的角色。"
tw_875,"優勢：物理暴擊機率高，血盟成員數高\n不足：體力較低，物理防禦、魔法防禦低\n發展：暴傷型補助，能成為戰士，也能為血盟成員提供支援和鼓勵，唯一能建立血盟的角色。"
tw_876,"優勢：魔法防禦高，恢復魔法速度快\n不足：體力較低，物理防禦低，攻擊能力低\n發展：魔抗型補助，依託超高魔抗，為血盟成員提供支援和鼓勵，唯一能建立血盟的角色。"
tw_877,"優勢：超高物理攻擊力\n不足：防禦較低，體力較少\n發展：前期練功快速，中期開始以來裝備成型，在裝備成型後，擁有強大的攻擊能力，承擔隊伍的核心攻擊。"
tw_878,"優勢：超高體力，負重能力強\n不足：防禦較低，物理攻擊力一般\n發展：前期練功速度較低，中期開始以來裝備成型，在裝備成型後，擁有超高體力，承擔隊伍的核心體盾。"
tw_879,"優勢：攻防兼備，擁有續航能力\n不足：十分依賴魔法頭盔:治癒\n發展：前期練功速度一般，成型較慢，成型後有不錯的續航能力和魔法防禦，適合單人練功。"
tw_880,"優勢：超高遠程攻擊能力和物理防禦\n不足：體力較少，魔法防禦一般\n發展：遠程射手，適合學習風元素魔法，後期可以繼續強化遠程攻擊能力或增加魔法能力或增加魔法防禦。"
tw_881,"優勢：魔法攻擊高。\n不足：魔法防禦、物理防禦、遠程攻擊能力一般\n發展：類魔法師，適合學習火、土、水元素魔法，更加傾向使用近戰攻擊配合魔法治療和傷害。"
tw_882,"優勢：體力超高\n不足：魔法防禦、物理防禦、遠程攻擊能力一般\n發展：萬能型射手，學習風元素魔法，強化遠程攻擊能力；學習火元素魔法，提升近戰攻擊能力；學習水、土元素魔法，提升續航能力。"
tw_883,"優勢：近戰攻擊兼備魔法攻擊\n不足：體力較少，魔法防禦、物理防禦、遠程攻擊能力一般\n發展：魔法戰士，適合學習火、土元素魔法，後期可以補強體力和防禦，但更加適合繼續深造近戰和魔法能力。"
tw_884,"優勢：遠程攻擊兼備魔法攻擊\n不足：體力較少，魔法防禦一般\n發展：平均型射手，適合學習風、土元素魔法，後期繼續加強魔法能力和遠程攻擊能力。"
tw_885,"優勢：魔法防禦高\n不足：物理防禦低，魔法能力低，遠程攻擊能力低。\n發展：魔法防禦型射手，學習風元素魔法，強化遠程攻擊能力；學習火元素魔法，提升近戰攻擊能力；學習水、土元素魔法，提升續航能力。"
tw_886,"優勢：魔法能力高，魔法防禦高，超高爆發能力\n不足：物理防禦低\n發展：傳統的魔法師，後期能繼續加強魔法能力，達到瞬間秒人，但請注意自保。 "
tw_887,"優勢：體力較高，魔法防禦較高\n不足：物理防禦低\n發展：捨棄了攻擊能力增加了生存能力，後期能繼續加強魔法能力，要善於搭配攻擊魔法和續航魔法。"
tw_888,"戰期:%s"
tw_889,"會員"
tw_890,"[未訂閱]"
tw_891,"被封印的誓約書[15天] "
tw_892,"十年誓約書[贈送] "
tw_893,"會員福利"
tw_894,"簡介"
tw_895,"須知"
tw_896,"確認購買"
tw_897,"免費獲得誓約書 | 會員誓約書僅在戰神服下全角色通用 | 寄賣物品，費用減少 | 可以穿戴會員專屬的特定裝備或特定裝飾 | 免費試用3天"
tw_898,"成功訂閱會員，可獲得誓約書，可進入誓約書區域。\n誓約書有效期與會員的到期期限一致。 | 會員誓約書僅在戰神服下的所有角色通用。 | 會員帳號在寄賣中心寄賣物品時，系統將減少部分手續費。 | 會員可以穿戴會員專屬的裝備：和平戒指、月輝耳環。 | 首次訂閱會員，免費試用3天。"
tw_899,"誓約書是玩家在伊丁大陸通行的唯一憑證。\n誓約書獲得方式：\n1.購買並使用被封印的誓約書[15天]，獲得15天時效的誓約書（非會員）。\n2.活動或限時贈與的免費誓約書。\n3.訂購每月會員服務，成為會員，獲得與會員時效同步的誓約書（每月自動續訂）[\f=溫馨提示：\f>該方式僅原會員訂閱用戶可續訂至自行取消時止，取消或查詢到期時間需自行通過應用商店-賬號設定-訂閱項目進行管理與查詢，若有疑問可聯繫客服獲取幫助]。\n注意：不同類別的誓約書共存時，同時消耗，不可相互疊加時效，同類別的誓約書可疊加時效。\n伊丁大陸劃分：\n1.誓約書區域：古老隧道，馬洛斯地區，自然之地（精靈園林、妖魔村、妖魔城堡），德雷克山嶽，沙棘木、水淩林、達特福德、火山地區（格劳龙火山、侏儒城堡）及後續新增地圖。\n2.非誓約書區域：試煉之地，應許之島，應許之島地監一層和二層。\n"
tw_900,"\f=會員訂閱須知：\n訂閱會員按月付費，訂閱會員可獲得誓約書，誓約書是玩家在伊丁大陸通行的唯一憑證。\n(訂閱會員之前，請您確認以下訊息，避免造成損失)\n1.您將訂閱會員的帳戶：%s \n2.會員每月NTD320（約USD10），按月付費，每月自動續費。\n3.首次訂閱會員免費試用3天。試用期內可隨時取消訂閱，但請注意：取消訂閱將視為自動放棄剩餘試用時間。\n4.若您重新安裝Teon，選擇恢復帳戶，即可自動恢復已訂閱的會員服務。\n5.取消訂閱：在會員到期前24小時外，您可在 App Store > 賬號設定 > 訂閱項目，管理或取消"Teon-會員"的訂閱，退訂從下一月週期生效，當月期間不能退訂。\n6.若您未在會員到期前24小時退訂，則視為自動續訂下一月週期，並將會收到續訂通知，續訂費用將從您的 iTunes 帳號內收取。\n"
tw_901,"被封印的誓約書[15天]\n1.每本NTD190（約USD6），一次性付費。\n2.被封印的誓約書[15天]僅適用於角色所在伺服器。\n3.被封印的誓約書[15天]使用後獲得15天時效的誓約書（非會員）。\n4.被封印的誓約書[15天]，可多次使用，疊加時效。\n"
tw_902,"誓約書是玩家在伊丁大陸通行的唯一憑證。\n誓約書獲得方式：\n1.購買並使用被封印的誓約書[15天]，獲得15天時效的誓約書（非會員）。\n2.活動或限時贈與的免費誓約書。\n3.訂購每月會員服務，成為會員，獲得與會員時效同步的誓約書（每月自動續訂）[\f=溫馨提示：\f>該方式僅原會員訂閱用戶可續訂至自行取消時止，取消或查詢到期時間需自行通過應用商店-賬號設定-訂閱項目進行管理與查詢，若有疑問可聯繫客服獲取幫助]。\n注意：不同類別的誓約書共存時，同時消耗，不可相互疊加時效，同類別的誓約書可疊加時效。\n伊丁大陸劃分：\n1.誓約書區域：古老隧道，馬洛斯地區，自然之地（精靈園林、妖魔村、妖魔城堡），德雷克山嶽，沙棘木、水淩林、達特福德、火山地區（格劳龙火山、侏儒城堡）及後續新增地圖。\n2.非誓約書區域：試煉之地，應許之島，應許之島地監一層和二層。\n"
tw_903,"%s，您想購買被封印的誓約書[15天]嗎？\n(確定之前，請您確認以下訊息，避免造成損失)\n1.每本NTD190（約USD6），一次性付費。\n2.被封印的誓約書[15天]僅適用於角色所在伺服器。\n3.被封印的誓約書[15天]使用後獲得15天時效的誓約書（非會員）。\n"
tw_904,"為感謝首批進入Teon的用戶，蒂安神與之簽訂免費通行伊丁大陸收費地圖的誓約書。\n蒂安神僅與純善之人簽訂十年誓約書，任何違反玩家守則的角色，系統將回收其帳號上的十年誓約書。\n十年誓約書是系統贈送，不可再獲得，可以自主選擇放棄。"
tw_905,"剩餘 %d 天"
tw_906,"誓約書"
tw_907,"視頻"
tw_908,"取消銷毀"
tw_909,"已鎖定物品不能銷毀"
tw_910,"已裝備物品不能銷毀"
tw_911,"你即將要銷毀的物品，確定後不可恢復"
tw_912,"受擊方向："
tw_913,"解壓過程不消耗流量，請耐心等待。"
tw_914,"更新補丁包過程不消耗流量，請耐心等待。"
tw_915,"推薦方案5"
tw_916,"推薦方案6"
tw_917,"優勢：魔法攻擊力、物理攻擊力都高\n不足：物理防禦、魔法防禦都低\n發展：魔法戰士，大部分時間近戰攻擊，後期能加強魔法能力，要善於利用物理攻擊和魔法攻擊。"
tw_918,"1. 你當前的等級為 %d 等，可重置[初始屬性]和[附加屬性]。\n2. [初始屬性]由固定屬性點和自由屬性點組成，在創建角色時由系統自動分配。根據角色職業的不同，系統分配的固定屬性點和自由屬性點也有不同。重置[初始屬性]時，固定屬性點不可重置，只可重置自由屬性點。\n3. [附加屬性]從角色50等開始，每升1等可獲1點，由玩家自由分配。重置[附加屬性]時，玩家將從50等開始逐等逐點重新分配，直至到達當前等級。\n4. [重置屬性]最終完成並按下“確定”鍵後，該次重置立即生效，不可逆轉。角色將根據新的[初始屬性]和[附加屬性]重新升等至 %d 等。"
tw_919,"\f3你處於受保護狀態，不可執行此操作，達到40級後將自動解除保護"
tw_920,"經驗"
tw_921,"自動切換："
tw_922,"剩餘 %d:%d:%d "
tw_923,"自己的戰評"
tw_924,"對方血盟"
tw_925,"對方的戰評"
tw_926,"結束時間"
tw_927,"歷史戰績"
tw_928,"\f3你不能重覆購買"
tw_929,"\f3未鑑定物品無法強化"
tw_930,"\f=請放入準備使用的強化卷軸"
tw_931,"強化等級≥安定值的裝備\n強化失敗會損壞裝備"
tw_932,"強化等級≥安定值的裝備\n強化失敗會清空强化等级"
tw_933,"強化等級≥安定值的裝備\n強化失敗會降低强化等级"
tw_934,"\f=請放入準備強化的武器"
tw_935,"\f=請放入準備強化的防具"
tw_936,"\f=請放入準備強化的飾品"
tw_937,"強化"
tw_938,"銷毀物品"
tw_939,"地圖系統"
tw_940,"請按確定授權微信賬號登錄游戲，授權成功後游戲將會重新啟動"
tw_941,"價格:"
tw_942,"\f3目標處於安全區域，不受攻擊"
tw_943,"\f=請放入準備使用的保護卷軸"
tw_944,"\f=只能對強化等級等於或大於安定值的裝備使用"
tw_945,"\f=你還有附加屬性點剩餘，請先分配"
tw_946,"\f=該裝備已達到強化等級上限"
tw_947,"\f=只能對強化等級13以下的武器使用"
tw_948,"釋放"
tw_949,"微信登錄信息已過期，請重新授權登錄。"
tw_950,"\f3未開啟PK，不可發動攻擊。"
tw_951,"\fK近戰命中"
tw_952,"\fK遠程命中"
tw_953,"\fK命中抵抗"
tw_954,"\fK移　　速"
tw_955,"\fK攻　　速"
tw_956,"\fK抵抗致盲"
tw_957,"\fK抵抗石化"
tw_958,"\fK抵抗沈默"
tw_959,"\fK抵抗中毒"
tw_960,"\fK抵抗眩暈"
tw_961,"\fK抵抗冰凍"
tw_962,"\f>%s沈默抵抗：%+d\n"
tw_963,"\f>%s中毒抵抗：%+d\n"
tw_964,"已裝備物品無法進行強化"
tw_965,"帳號登入"
tw_966,"遊客登入"
tw_967,"郵箱登入"
tw_968,"請選擇登入方式"
tw_969,"重選伺服器"
tw_970,"當前伺服器排隊人數：\\f3%d\\f>，建議您選擇其他伺服器."
tw_971,"%s治療能力：%+d\n"
tw_972,"\f3金幣不足"
tw_973,"瑕疵寶具"
tw_974,"武器"
tw_975,"防具"
tw_976,"飾品"
tw_977,"\f3您沒有權限執行此操作"
tw_978,"討伐模式"
tw_979,"\f3不可攻擊隊友"
tw_980,"\f3不可攻擊戰時盟友"
tw_981,"通用魔法"
tw_982,"王族職業秘典"
tw_983,"騎士職業戰技"
tw_984,"精靈職業魔法"
tw_985,"法師職業魔法"
tw_986,"魔法I"
tw_987,"魔法II"
tw_988,"魔法III"
tw_989,"魔法IV"
tw_990,"魔法V"
tw_991,"魔法VI"
tw_992,"秘典I"
tw_993,"秘典II"
tw_994,"秘典III"
tw_995,"秘典IV"
tw_996,"秘典V"
tw_997,"秘典VI"
tw_998,"戰技I"
tw_999,"戰技II"
tw_1000,"戰技III"
tw_1001,"戰技IV"
tw_1002,"戰技V"
tw_1003,"戰技VI"
tw_1004,"你可以在主界面-遊戲視頻中重新觀看此教學視頻 "
tw_1005,"請輸入角色名:"
tw_1006,"請輸入血盟名:"
tw_1007,"請輸入盟徽名:"
tw_1008,"淨化藥水"
tw_1009,"武器淨化藥水"
tw_1010,"一階"
tw_1011,"二階"
tw_1012,"三階"
tw_1013,"四階"
tw_1014,"防具淨化藥水"
tw_1015,"一階"
tw_1016,"二階"
tw_1017,"三階"
tw_1018,"四階"
tw_1019,"飾品淨化藥水"
tw_1020,"一階"
tw_1021,"二階"
tw_1022,"三階"
tw_1023,"四階"
tw_1024,"製作材料"
tw_1025,"金屬"
tw_1026,"銀"
tw_1027,"秘銀"
tw_1028,"鋼鐵"
tw_1029,"黃金"
tw_1030,"奧鋼"
tw_1031,"其他金屬"
tw_1032,"魔石"
tw_1033,"碎寶石"
tw_1034,"品質寶石"
tw_1035,"高品質寶石"
tw_1036,"其他寶石"
tw_1037,"動物材料"
tw_1038,"骨頭"
tw_1039,"毛皮"
tw_1040,"羽翼"
tw_1041,"毒液"
tw_1042,"血肉"
tw_1043,"植物材料"
tw_1044,"圖騰"
tw_1045,"樹枝"
tw_1046,"皮革"
tw_1047,"其他材料"
tw_1048,"體力恢復"
tw_1049,"魔力恢復"
tw_1050,"加速藥水"
tw_1051,"其他藥水"
tw_1052,"卷軸"
tw_1053,"強化卷軸"
tw_1054,"傳送卷軸"
tw_1055,"其他卷軸"
tw_1056,"變形"
tw_1057,"變形卷軸"
tw_1058,"一等變形卷軸"
tw_1059,"二等變形卷軸"
tw_1060,"三等變形卷軸"
tw_1061,"高級變形卷軸"
tw_1062,"特殊變形卷軸"
tw_1063,"魔化卷軸"
tw_1064,"精粹"
tw_1065,"魔法材料"
tw_1066,"魔法消耗"
tw_1067,"元素"
tw_1068,"創造怪物魔杖"
tw_1069,"閃電魔杖"
tw_1070,"變形魔杖"
tw_1071,"驅逐魔杖"
tw_1072,"藏寶圖"
tw_1073,"藏寶圖碎片"
tw_1074,"藏寶圖碎片1"
tw_1075,"藏寶圖碎片2"
tw_1076,"藏寶圖碎片3"
tw_1077,"藏寶圖碎片4"
tw_1078,"活動物品"
tw_1079,"當前活動物品"
tw_1080,"箭"
tw_1081,"銀箭"
tw_1082,"秘銀箭"
tw_1083,"帳號所在伺服器合併後超過4個角色的上限，不可再建立新角色"
tw_1084,"普通模式："
tw_1085,"語音模式："
tw_1086,"單次提取物品不可超過180種"
tw_1087,"隊伍語音"
tw_1088,"語音"
tw_1089,"開啟"
tw_1090,"關閉"
tw_1091,"購買"
tw_1092,"隊員列表"
tw_1093,"音量設置"
tw_1094,"退出語音"
tw_1095,"你已進入隊伍語音頻道，頻道剩餘時間%02u:%02u"
tw_1096,"\f3未加入隊伍，不可使用語音"
tw_1097,"\fW隊伍語音功能需要開啟麥克風權限，請在設備設定中允許麥克風權限"
tw_1098,"\f3未加入隊伍，無法生成隊員名片"
tw_1099,"語音設定"
tw_1100,"麥克風"
tw_1101,"揚聲器"
tw_1102,"伺服器正在維護中，預計開放時間%s"
tw_1103,"請拖放相同種類的裝備到[主裝備]和[副裝備]欄"
tw_1104,"所選[副裝備]強化等級必需大於等於安定值。"
tw_1105,"所選主裝備和副裝備種類不同"
tw_1106,"所選主裝備的最低使用等級不高於副裝備的最低使用等級%d等"
tw_1107,"所選副裝備無最低使用等級，主裝備的最低使用等級不可超過%d等"
tw_1108,"[繼承結果]的強化等級小於等於[副裝備]的強化等級。"
tw_1109,"還有裝備沒有保存，不能退出"
tw_1110,"強化等級融合繼承規則"
tw_1111,"融合繼承方法："
tw_1112,"1. 玩家從背包拖動一件[主裝備]和一件[副裝備]到對應的欄位。\n\n2. [主裝備]和[副裝備]必須滿足以下條件才可進行繼承：\n   1) [主裝備]和[副裝備]必須種類相同。\n   2) [主裝備]和[副裝備]必須為通過裝備製作或重鍛生成的裝備。\n   3) [主裝備]和[副裝備]的強化等級必須大於等於安定值。\n   4) [主裝備]的最低使用等級不可高於[副裝備]的最低使用等級20等。\n   5) 如[副裝備]沒有最低使用等級，則[主裝備]的最低使用等級不可超過52等。\n\n3. 根據所選[主裝備]和[副裝備]的最低使用等級和強化等級，將顯示出融合繼承所需的金幣。\n\n4. 點擊融合繼承，將消耗對應金幣，在[繼承結果]欄生成繼承結果。\n\n5. [繼承結果]的強化等級必定為[主裝備]強化等級~[副裝備]強化等級之間的一等。\n\n6. [主裝備]和[副裝備]間的強化等級差越小，完美融合繼承的機率越高。\n\n7. 玩家可從[主裝備]、[副裝備]和[繼承結果]中任選一件保存，其餘兩件將被放棄，且不可撤回。\n\n8. 融合繼承的結果裝備，不可再次作為[主裝備]參與繼承。但對其使用強化卷軸致其等級發生變化後（如等級±0，則不算等級發生變化），則可作為[主裝備]。"
tw_1113,"\fW背包裝備"
tw_1114,"\fW融合繼承"
tw_1115,"副裝備"
tw_1116,"轉移強化等級的裝備"
tw_1117,"主裝備"
tw_1118,"繼承強化等級的裝備"
tw_1119,"繼承結果"
tw_1120,"融合繼承"
tw_1121,"保留"
tw_1122,"請選擇需要保留的裝備，然後點擊保留進行保存"
tw_1123,"保留成功"
tw_1124,"領獎"
tw_1125,"積分兌換"
tw_1126,"抽獎"
tw_1127,"請加入[副裝備]。"
tw_1128,"請加入[主裝備]。"
tw_1129,"請確認以下參與強化繼承的裝備：\n副裝備：%s\n主裝備：%s\n結果裝備：%s\n\f=機率:%s"
tw_1130,"融合繼承"
tw_1131,"保存結果"
tw_1132,"\f=確認最終保留的裝備後，\n將放棄另外兩件裝備，且不可撤回。"
tw_1133,"消耗金幣"
tw_1134,"\f3積分不足，兌換需要消耗%u積分"
tw_1135,"積分"
tw_1136,"音效"
tw_1137,"系統"
tw_1138,"屏幕適配："
tw_1139,"此功能暫未開放"
tw_1140,"確  定"
tw_1141,"釋  放"
tw_1142,"請從左側選擇您希望查看的幫助資訊"
tw_1143,"遊戲介面"
tw_1144,"\f21.1 狀態"
tw_1145,"\f21.2 操作技巧"
tw_1146,"遊戲系統"
tw_1147,"\f22.1 裝備製作說明"
tw_1148,"\f22.2 強化"
tw_1149,"\f22.3 戰鬥PK"
tw_1150,"\f22.3 血盟"
tw_1151,"\f22.4 盟戰規則"
tw_1152,"\f22.5 變形"
tw_1153,"\f22.6 交易"
tw_1154,"\f22.7 社交"
tw_1155,"\f22.8 傳送"
tw_1156,"\f22.9 正義值"
tw_1157,"\f22.10 死亡懲罰"
tw_1158,"玩家守則"
tw_1159,"聯繫我們"
tw_1160,"關於"
tw_1161,"或以上"
tw_1162,"所選[主裝備]強化等級必需超過安定值。"
tw_1163,"所選[副裝備]與[主裝備]強化等級差必需大於等於0小於等於%d。"
tw_1164,"此地圖無法切換裝備"
tw_1165,"融合繼承的結果裝備，不可再次作為主裝備參與繼承"
tw_1166,"\f3不可作為主裝備參與融合繼承\n"
tw_1167,"畫面"
tw_1168,"環境特效"
tw_1169,"\fK輸入發送信息"
tw_1170,"\fK發送信息至[%s]"
tw_1171,"大喊"
tw_1172,"世界"
tw_1173,"密語"
tw_1174,"隊伍"
tw_1175,"血盟"
tw_1176,"系統"
tw_1177,"訊息"
tw_1178,"\f9訊 息"
tw_1179,"\fQ訊 息"
tw_1180,"\fK戰鬥紀錄"
tw_1181,"\f=%s \fD閃避了你的攻擊"
tw_1182,"\fD你攻擊了 \f=%s \fD，造成了 \f=%d點傷害"
tw_1183,"\fD你使用魔法攻擊了 \f=%s \fD，造成了 \f=%d點傷害"
tw_1184,"\fE你獲得了\f=%s\fE的效果"
tw_1185,"\fE你失去了\f=%s\fE的效果"
tw_1186,"\fD你對 \f=%s \fD施放 \f=%s \fD的效果成功了"
tw_1187,"\fD你對 \f=%s \fD施放 \f=%s \fD的效果失敗了"
tw_1188,"\f=%s \fC對你施放 \f=%s \fC的效果成功了"
tw_1189,"\f=%s \fC對你施放 \f=%s \fC的效果失敗了"
tw_1190,"\f=%s\fB需要冷卻\f=%s秒"
tw_1191,"\f=%s\fB冷卻完畢"
tw_1192,"\f[剩餘%d次"
tw_1193,"\f[剩餘次數不足!"
tw_1194,"玩家"
tw_1195,"獎金"
tw_1196,"時間"
tw_1197,"\f[規則"
tw_1198,"\f[一鍵領取"
tw_1199,"合共%d金幣"
tw_1200,"恭喜你獲得以下紅包"
tw_1201,"\f[金幣"
tw_1202,"\f[一鍵開啟"
tw_1203,"\f[返回"
tw_1204,"\f[再開一次"
tw_1205,"\f[紅包"
tw_1206,"\f[幸運榜"
tw_1207,"\f[富豪榜"
tw_1208,"\f[累計獎池"
tw_1209,"\f[規則"
tw_1210,"1. 選擇不同價格，點擊「開始」鍵開始落下紅包雨。\n\n2. 紅包雨落下的過程中，玩家需手動點擊落下的紅包，最多可獲得9個紅包。\n\n3. 玩家可點擊「一鍵領取」鍵跳過點擊紅包的過程。點擊後，系統將自動為玩家領取9個紅包。\n\n4. 紅包雨結束後，玩家可手動逐個打開紅包或選擇「一鍵打開」全部紅包。\n\n5. 如玩家在付款後關閉遊戲或斷線，再次上線後，所得獎金自動加入背包，不作額外提示。"
tw_1211,"\f[開始"
tw_1212,"\fK等級體力上限"
tw_1213,"\fK等級魔力上限"
tw_1214,"體力最大上限"
tw_1215,"魔力最大上限"
tw_1216,"紅包"
tw_1217,"來自%s的紅包"
tw_1218,"發紅包"
tw_1219,"發紅包紀錄"
tw_1220,"收紅包紀錄"
tw_1221,"好友紅包"
tw_1222,"世界紅包"
tw_1223,"血盟紅包"
tw_1224,"隊伍紅包"
tw_1225,"類型:"
tw_1226,"個數:"
tw_1227,"金額:"
tw_1228,"總額:"
tw_1229,"寄語:"
tw_1230,"對象:"
tw_1231,"隨機"
tw_1232,"均等"
tw_1233,"\f21.1 角色信息"
tw_1234,"\f21.2 遊戲時間"
tw_1235,"\f21.3 狀態(buff)顯示"
tw_1236,"\f21.4 角色菜單"
tw_1237,"\f21.5 交互菜單"
tw_1238,"\f21.6 常用操作"
tw_1239,"\f21.7 快捷鍵"
tw_1240,"\f21.8 系統信息"
tw_1241,"\f21.11 地圖視窗"
tw_1242,"\f21.10 視頻攻略"
tw_1243,"\f21.12 聊天視窗"
tw_1244,"\f21.13 充值視窗"
tw_1245,"\f22.1 社交"
tw_1246,"\f22.2 交易"
tw_1247,"\f22.4 裝備"
tw_1248,"\f22.4.2 裝備強化"
tw_1249,"\f22.5 正義值"
tw_1250,"\f22.6 戰鬥"
tw_1251,"\f22.8 血盟相關"
tw_1252,"\f22.9 物資狀態"
tw_1253,"\f22.10 變形"
tw_1254,"\f22.11 傳送"
tw_1255,"裝備製作說明【主神蒂安+永恆之光】"
tw_1256,"\f2 馬洛斯-武器"
tw_1257,"\f23.1.1 武士刀"
tw_1258,"\f23.1.2 大馬士革刀"
tw_1259,"\f23.1.3 銀長劍"
tw_1260,"\f23.1.4 卡薩戰矛"
tw_1261,"\f23.1.5 精鋼巨斧"
tw_1262,"\f23.1.6 瑪娜之杖"
tw_1263,"\f23.1.7 巴德匕首"
tw_1264,"\f23.1.8 十字短弓"
tw_1265,"\f2 馬洛斯-防具"
tw_1266,"\f23.2.1 尖刺皮帽"
tw_1267,"\f23.2.2 騎士頭盔"
tw_1268,"\f23.2.3 巴拉爾頭盔"
tw_1269,"\f23.2.4 油布斗篷"
tw_1270,"\f23.2.5 銀紋斗篷"
tw_1271,"\f23.2.6 紅紋斗篷"
tw_1272,"\f23.2.7 防護斗篷"
tw_1273,"\f23.2.8 T恤"
tw_1274,"\f23.2.9 軟皮甲"
tw_1275,"\f23.2.10 卡司特鏈甲"
tw_1276,"\f23.2.11 體力手套"
tw_1277,"\f23.2.12 魔力手套"
tw_1278,"\f23.2.13 軟皮靴"
tw_1279,"\f23.2.14 短靴"
tw_1280,"\f23.2.15 長靴"
tw_1281,"\f23.2.16 小盾牌"
tw_1282,"\f23.2.17 大盾牌"
tw_1283,"\f23.2.18 莉雅項錬"
tw_1284,"\f23.2.19 破舊的體力腰帶"
tw_1285,"\f23.2.20 破舊的能量腰帶"
tw_1286,"\f23.2.21 破舊的魔力腰帶"
tw_1287,"紅包規則\n1、四種紅包途徑\n\n1）好友紅包\n給指定好友發紅包，可選擇「好友紅包」進行發送；\n發送時，好友必須在線；\n紅包金額範圍為5000金幣至1000萬金幣；\n每次只能給1個好友發紅包，如需給多個好友派發紅包，可分多次發送。\n\n2）隊伍紅包\n給當前隊伍成員發紅包，可選擇「隊伍紅包」進行發送；\n發送時，自己需處於組隊狀態；\n紅包金額範圍為5萬金幣至2000萬金幣；\n紅包個數範圍為1至8個；\n每個「隊伍紅包」系統將收取2%手續費，費用將在紅包總金額中扣取。\n\n3）血盟紅包\n給所在血盟的成員發紅包，可選擇「血盟紅包」進行發送；\n發送時，需已加入血盟；\n紅包金額範圍為10萬金幣至5000萬金幣；\n紅包個數範圍為10個至50個；\n每個「血盟紅包」系統將收取3%手續費，費用將在紅包總金額中扣取。\n\n4）世界紅包\n給Teon世界大眾發紅包，可選擇「世界紅包」進行發送；\n紅包金額範圍為50萬金幣至1億金幣；\n紅包個數範圍為20個至200個；\n每個「世界紅包」系統收取4%手續費，費用將在紅包總金額中扣取。\n\n2、均等紅包與隨機紅包\n\n1）均等紅包\n總金額平分到每個紅包中，每個紅包可獲得的金幣數將相同；\n\n2）隨機紅包\n總金額由全部紅包隨機分配，每個紅包可獲得的金幣數隨機，可能不相同。\n\n3、紅包的接收與領取\n\n1）紅包接收者需紅包發出時在線并在離線前領取紅包，一旦離線將失去領取該紅包的資格；\n\n2）好友紅包自己不可領取；\n\n3）隊伍紅包、血盟紅包和世界紅包，自己也可領取；\n\n4）紅包個數有限，先領先得，領完即止。\n\n4、紅包的超時處理\n\n1）收紅包記錄保留時間為紅包發出後的12小時，僅保留當次在線獲得領取資格的紅包和已領取的紅包，離線前未領取的紅包將喪失領取資格，無法再領取，請在保留時間內且離線前及時領取，以免超時或離線紅包消失無法領取；\n\n2）發紅包記錄保留時間共24小時，紅包發出的12小時後，剩餘未被領取的金幣可被發紅包者領回，24小時後，該發紅包記錄將超時消失，無論是否已領回剩餘金幣，均無法再領回，請及時領回。"
tw_1288,"請選擇收紅包的好友"
tw_1289,"請輸入紅包個數（1）"
tw_1290,"請輸入紅包金額（5仟~1000萬）"
tw_1291,"請輸入9字內寄語"
tw_1292,"請輸入紅包個數（1~8）"
tw_1293,"請輸入紅包金額（5萬~2000萬）"
tw_1294,"請輸入紅包個數（10~50）"
tw_1295,"請輸入紅包金額（10萬~5000萬）"
tw_1296,"請輸入紅包個數（20~200）"
tw_1297,"請輸入紅包金額（50萬~1億）"
tw_1298,"恭喜發財，萬事如意"
tw_1299,"紅包種類:%s\n\f=金額:%d"
tw_1300,"紅包種類:%s\n類型:%s\n個數:%d\n\f=金額:%d"
tw_1301,"領回"
tw_1302,"超時"
tw_1303,"已開"
tw_1304,"已領"
tw_1305,"顏色"
tw_1306,"當前"
tw_1307,"你可消耗1張\fW$2064\f>返回指定城鎮"
tw_1308,"\f2元素強化：%+d[ \f=%u\f2 ]\n"
tw_1309,"\f2元素特化：尚未開放，敬請期待\n"
tw_1310,"\f2天啟魔能：%u/1000\n"
tw_1311,"\f2元素等級：%+u\n"
tw_1312,"\f2可融合元素的武器等級：%u-%u\n"
tw_1313,"元素強化"
tw_1314,"提取元素"
tw_1315,"融合元素"
tw_1316,"元素特化"
tw_1317,"提取結果"
tw_1318,"融合結果"
tw_1319,"武器源晶"
tw_1320,"武器"
tw_1321,"確定強化"
tw_1322,"確定提取"
tw_1323,"確定融合"
tw_1324,"確定特化"
tw_1325,"已經達到最高元素強化等級"
tw_1326,"\fW請選擇四元素的特化效果"
tw_1327,"\f3金幣不足"
tw_1328,"\f3天啟源晶不足"
tw_1329,"尚未放入用於元素強化的武器"
tw_1330,"尚未選擇將要強化的元素系"
tw_1331,"一道金光閃過，元素強化\f2成功\f>，武器的元素強化\f2等級+1\f>，元素傷害提升為\f2%u"
tw_1332,"一道白光閃過，元素強化\f3失敗\f>，幸運的是元素強化等級並未下降"
tw_1333,"一道黑光閃過，元素強化失敗，武器的元素強化等級-1"
tw_1334,"尚未放入準備提取元素的武器"
tw_1335,"一道金光閃過，你提取出了\f2完整的%s"
tw_1336,"尚未放入用於融合元素的武器"
tw_1337,"尚未放入用於融合元素的武器源晶"
tw_1338,"融合元素\f2成功\f>，獲得了%s"
tw_1339,"\f=此功能暫未開放，敬請期待後續版本更新"
tw_1340,"武器的現有強化元素與所選的元素屬不同元素系別\n是否\f3放棄\f>武器原有的元素繼續強化？\n\f=當前武器：%s\n所選元素：%s"
tw_1341,"繼續強化"
tw_1342,"武器的現有強化元素與所選源晶的元素屬不同元素系別\n是否\f3放棄\f>武器原有的元素繼續融合？\n\f=當前武器：%s\n所選元素：%s"
tw_1343,"繼續融合"
tw_1344,"元素強化規則"
tw_1345,"\f=一、元素強化\n\n\fW1.條件和材料\n\f>1.1通過製作獲得的武器以及城堡武器、聖武可進行元素強化。\n1.2[武器]的強化等級必須超過安定值。\n1.3消耗對應屬性源晶和金幣。\n\fW2.基本規則\n\f>2.1元素強化最高可達到等級：+9，不同武器具體最高可達到的元素強化等級不同，可通過武器界面查看。\n2.2元素強化消耗數量：與元素強化當前等級有關。\n2.3元素強化成功時，元素強化等級+1。\n2.4元素強化失敗時，元素強化等級保持不變，裝備不會損壞。\n2.5不同系元素（如原武器爲+2水元素武器和選擇元素系為風元素）強化時，原元素強化將被新選擇的元素強化替換，元素強化等級重新提升。\n\fW3.元素傷害\n\f>3.1遠近戰物理攻擊時附加元素傷害。\n3.2施放與元素武器同系列（如：水元素武器和冰錐）的魔法時增加元素傷害。\n3.3達到+1~+5元素強化等級的武器在物理攻擊和施放對應屬性魔法時會額外增加屬性傷害。強化等級達到+6及以上時，元素強化除元素傷害外，還將額外獲得附加效果，額外附加效果僅對玩家角色有效。\n3.4元素強化等級越高，元素傷害及效果越高。\n3.5元素強化各等級元素傷害及強化後武器名稱變化：\n元素強化+1：元素傷害+1，武器前綴增加[火.|水.|土.|風.]。\n元素強化+2：元素傷害+2，武器前綴增加[焰.|冰.|岩.|煞.]。\n元素強化+3：元素傷害+4，武器前綴增加[烈焰.|冰凝.|頑石.|暴風.]。\n元素強化+4：元素傷害+8，武器前綴增加[爆炎.|怒濤.|山崩.|龍捲.]。\n元素強化+5：元素傷害+12，武器前綴增加[火靈.|水靈.|土靈.|風靈.]。\n元素強化+6：元素傷害+17，武器前綴增加[火魂.|水魂.|土魂.|風魂.]。\n元素強化+7：元素傷害+22，武器前綴增加[火精.|水精.|土精.|風精.]。\n元素強化+8：元素傷害+27，武器前綴增加[火魄.|水魄.|土魄.|風魄.]。\n元素強化+9：元素傷害+32，武器前綴增加[火神.|水神.|土神.|風神.]。\n元素強化+6及以上各元素附加特效：\n火元素：對玩家角色進行物理/魔法攻擊時，有機率燒毀目標一定數量的增益狀態。\n水元素：對玩家角色進行物理/魔法攻擊時，有機率使目標禁療一定時間。\n土元素：對玩家角色進行物理/魔法攻擊時，有機率使目標石化一定時間。\n風元素：對玩家角色進行物理/魔法攻擊時，有機率使目標緩速一定時間。\n元素強化等級越高，附加特效效果越高。\n3.6元素強化武器使用在獲得這些額外效果的同時，會逐漸消耗天啟魔能。天啟魔能歸零時武器的元素強化效果就會暫時失效，直到使用純淨的天啟源晶為其充能。\n請注意：武器的強化等級超過安定值時，元素強化的加成效果才會生效。\n"
tw_1346,"武器的最低使用等級要和武器源晶要求的一致"
tw_1347,"武器的元素系列和武器源晶相同時，元素強化等級必須小於武器源晶"
tw_1348,"無損提取"
tw_1349,"選擇\n元素"
tw_1350,"一道藍光閃過，你只提取出了\f3%s"
tw_1351,"裝備強化"
tw_1352,"武器強化"
tw_1353,"防具強化"
tw_1354,"天啟源晶"
tw_1355,"天啟魔能"
tw_1356,"飾品強化"
tw_1357,"其他卷軸"
tw_1358,"放入\n武器"
tw_1359,"\f=二、提取元素\n\n\fW1.條件和材料\n\f>1.1擁有元素強化等級的[武器]\n1.2消耗對應屬性源晶和金幣\n\fW2.基本規則\n\f>2.1消耗數量：與武器的元素強化等級有關\n2.2完整提取元素時，生成對應元素等級的[武器源晶]和失去元素強化等級的[武器]\n2.3不完整提取元素時，生成對應元素等級-1的[武器源晶]和失去元素強化等級的的[武器]\n2.4若想100%完整提取元素，可勾選[無損提取]選項，但需要額外消耗對應屬性源晶和金幣\n\n\f=三、融合元素\n\n\fW1.條件和材料\n\f>1.1使用可進行元素強化的[武器]\n1.2[武器]的強化等級必須超過安定值\n1.3元素武器源晶Lv.1-9\n\fW2.基本規則\n\f>2.1最高元素強化等級：+9，不同武器具體最高可強化等級不同，可通過武器界面查看。融合時武器源晶等級不可高於武器元素最高可強化等級。\n2.2融合消耗：與融合的武器源晶等級有關\n2.3元素融合必然成功，融合後的武器獲得武器源晶上的元素強化等級\n2.4不同系元素（如原武器爲+2水元素武器和選擇的武器源晶為風源晶）融合時，將會替換武器原有的強化元素"
tw_1360,"放入武器"
tw_1361,"放入武器源晶"
tw_1362,"\f3天啟魔能：%u/1000\n"
tw_1363,"一般"
tw_1364,"交易准許"
tw_1365,"組隊准許"
tw_1366,"\f3[不可使用]"
tw_1367,"\f3「永恆」裝備：不可繼續強化，不可參與強化繼承，不可參與元素強化。+0裝備可在馬洛斯武器店/防具店出售(古代鉑金幣)"
tw_1368,"\f3「永恆」道具：不可使用，不可交易，可在馬洛斯道具店/魔法書商人處出售(古代鉑金幣)"
tw_1369,"注意事項：\n角色將從1等重新升等至10等，並根據初始屬性從新生成屬性。不論是否已分配附加屬性，將保留50等至%d等的附加屬性供重新分配。\n通過降等或使用物品獲得的額外體力和魔力，將在重置後失效。"
tw_1370,"注意事項：\n角色將從1等重新升等至%d等，並根據以上配置從新生成屬性。\n通過降等或使用物品獲得的額外體力和魔力，將在重置後失效。"
tw_1371,"首次配點"
tw_1372,"輪  迴"
tw_1373,"閒置超時，請重新連接"
tw_1374,"攻守勢力"
tw_1375,"友軍"
tw_1376,"敵軍"
tw_1377,"內政"
tw_1378,"設置稅率"
tw_1379,"稅收"
tw_1380,"稅率"
tw_1381,"修改"
tw_1382,"生效中"
tw_1383,"稅金"
tw_1384,"領取"
tw_1385,"防禦"
tw_1386,"守衛"
tw_1387,"雇佣"
tw_1388,"城門"
tw_1389,"修復"
tw_1390,"天"
tw_1391,"小時"
tw_1392,"分鐘"
tw_1393,"秒"
tw_1394,"\f3%u%s後\n\f>可領取"
tw_1395,"城堡列表"
tw_1396,"管轄地區"
tw_1397,"宣戰"
tw_1398,"開戰中 %02u:%02u"
tw_1399,"城門修復"
tw_1400,"\f>當前城門處於\f3破損\f>狀態\n\f>需要花費\fQ%u金幣\f>修復城門至\f2堅固\f>狀態嗎?"
tw_1401,"\f3%u\f>秒後自動關閉"
tw_1402,"\f2%u\f>秒後自動於附近城鎮復活"
tw_1403,"含稅總價"
tw_1404,"\f=福利領取規則說明\f>\n1.\n2.\n3.\n4.\n5.\n6."
tw_1405,"等級：%d-%d\n"
tw_1406,"等級：%d或以上\n"
tw_1407,"等級：%d或以下\n"
tw_1408,"物攻：%d/%d [小怪/大怪]\n"
tw_1409,"防禦：%d\n"
tw_1410,"營養: %d\n"
tw_1411,"冷卻: %.1f秒\n"
tw_1412,"照明範圍: %d\n"
tw_1413,"安定: %d\n"
tw_1414,"重量: %d\n"
tw_1415,"材質: %s\n"
tw_1416,"種類: 雙手\n"
tw_1417,"種類: 單手\n"
tw_1418,"%s物攻: %+d\n"
tw_1419,"%s命中: %+d\n"
tw_1420,"\f3"
tw_1421,"null"
tw_1422,"%s魔攻: %+d\n"
tw_1423,"%s魔防: %+d\n"
tw_1424,"%s魔傷: %+d\n"
tw_1425,"%s魔法命中: %+d\n"
tw_1426,"\f2額外魔傷: %+d\n"
tw_1427,"%s最大物攻: %d%%\n"
tw_1428,"%s武器暴擊: %d%%\n"
tw_1429,"%s力量: %+d\n"
tw_1430,"%s體質: %+d\n"
tw_1431,"%s智力: %+d\n"
tw_1432,"%s精神: %+d\n"
tw_1433,"%s敏捷: %+d\n"
tw_1434,"%s毅力: %+d\n"
tw_1435,"%s體力: %+d\n"
tw_1436,"%s魔力: %+d\n"
tw_1437,"%s體力恢復: %+d\n"
tw_1438,"%s魔力恢復: %+d\n"
tw_1439,"%s治愈: %+d\n"
tw_1440,"\f2幸運: %+d\n"
tw_1441,"%s吸血: %+d\n"
tw_1442,"%s吸魔: %+d\n"
tw_1443,"%s抵抗中毒: %+d\n"
tw_1444,"%s抵抗冰凍: %+d\n"
tw_1445,"%s抵抗石化: %+d\n"
tw_1446,"%s抵抗眩暈: %+d\n"
tw_1447,"%s抵抗暗盲: %+d\n"
tw_1448,"%s抵抗沈默: %+d\n"
tw_1449,"%s火防: %+d\n"
tw_1450,"%s水防: %+d\n"
tw_1451,"%s風防: %+d\n"
tw_1452,"%s土防: %+d\n"
tw_1453,"\fW受祝福的\n"
tw_1454,"\f3被詛咒的\n"
tw_1455,"\f2不會損壞\n"
tw_1456,"\f2元素等級: %d\n"
tw_1457,"\f2可融合元素的武器等級：%u-%u\n"
tw_1458,"\f2使用位置: %s\n"
tw_1459,"\f2(%d, %d)\n"
tw_1460,\f2到期日: %s\n
tw_1461,\f3不可作為主裝備參與融合繼承\n
tw_1462,\f3損壞: %d\n
tw_1463,\f3不可交易\n
tw_1464,\f3不可銷毀\n
tw_1465,\f3不可強化\n
tw_1466,\fW[%s]\n
tw_1467,%s--------- 普通強化 ---------\n
tw_1468,%s防禦：%d\n
tw_1469,\f4--------- 元素強化 ---------\n
tw_1470,\f4等級: %s%+d\n
tw_1471,\f4元素傷害: %+d\n
tw_1472,\f4特化：尚未開放\n
tw_1473,\f4天啟魔能：\f3%u\f4/1000\n
tw_1474,\f4天啟魔能：%u/1000\n
tw_1475,\f4火
tw_1476,\f4水
tw_1477,\f4风
tw_1478,\f4土
tw_1479,\f2
tw_1480,\f=
tw_1481,\f9戰 鬥
tw_1482,\fQ戰 鬥
tw_1483,%s------ 普通強化 ------\n
tw_1484,\f4------ 元素強化 ------\n
tw_1485,第 %d 天
tw_1486,已過期
tw_1487,福利領取結束時間至 %s
tw_1488,攻城戰參戰期間和作為城主期間不可刪除角色。
tw_1489,伊丁大陸\n所有城鎮
tw_1490,天選勳章
tw_1491,天選勳章：%u份/%u天
tw_1492,%u份
tw_1493,開通
tw_1494,確認消耗\fW%u\f>本被封印的誓約書[15天]\n增加\fW%d\f>天\fW天選勳章？
tw_1495,確認
tw_1496,"您開通的\fR「天選勳章」\f>將於\fR%d\f>分鐘後\f3到期失效\f>,請及時續訂。"
tw_1497,"您開通的\fR「天選勳章」\f>即將\f3到期失效\f>,請及時續訂。"
tw_1498,"取消|續訂"
tw_1499,"伊丁大陸冒險者們可通過天選勳章界面開通天選勳章服務。\n天選勳章服務生效期間冒險者在遊戲內可享受多種專屬福利：\fW專屬每日獎勵\f>（機率開出淬體煉魔藥水、高倍經驗魔方）、\fW專屬商店與獎池\f>、\fW一鍵切換第二套裝備\f>、\fW免寄賣手續費\f>、\fW專屬表情包\f>等福利助你暢遊Teon世界。\n福利詳情請參閱\fW《服務詳情》\f>介紹。\n\n開通須知：\n1、冒險者需處於誓約書訂閱生效期間，方可消耗\fW被封印的誓約書[15天]\f>開通天選勳章；\n2、天選勳章開通後，同一賬號下角色均可享受專屬福利；\n3、天選勳章開通/續費消耗：\fW2\f>本\fW被封印的誓約書[15天]\f>/份；\n4、天選勳章每份有效時長：\fW30\f>天；\n5、天選勳章可一次性開通多期或有效期內續期，有效時長會累加；\n6、天選勳章專屬福利自開通時起即可享受，至天選勳章過期失效時專屬福利同時失效。"
tw_1500,"天選勳章成功開通後，服務生效期間可享受以下專屬福利：\n\n1、\fW專屬每日登入獎勵\f>：\n-專屬每日登入獎勵，有機率獲得\fW高倍經驗魔方\f>、\fW淬體煉魔藥水\f>！可通過[福利]按鈕進入福利界面領取；\n-專屬每日獎勵每天可領取一次，當天未領取的獎勵，隔天將過期不可領取，不可補領；\n-專屬每日獎勵以自然月為週期，每月1日零點刷新；\n-專屬每日獎勵僅天選勳章服務生效期間最後一日的零點前可領取，天選勳章服務期最後一日的零點後及天選勳章服務失效後不可再領取。\n2、\fW專屬天選商店與獎池\f>：\n-天選勳章服務生效期間，冒險者可通過專屬天選商店購買抽獎券參與專屬天選抽獎，有機率獲得\fW4倍經驗魔方\f>、\fW淬體煉魔藥水\f>等稀有獎勵。\n3、\fW交易所寄賣免手續費\f>：\n-天選勳章服務生效期間，冒險者通過交易所寄賣物品將免收寄賣手續費。\n4、\fW一鍵切換第二套裝備\f>：\n-冒險者可通過菜單-人物-裝備，設定第二套裝備並通過裝備左上角圓圈內[Ⅰ][Ⅱ]按鈕進行第Ⅰ/Ⅱ套裝備的一鍵切換；\n-裝備切換按鈕可拖動至快捷鍵欄中使用。\n5、\fW經驗回購消耗減半\f>：\n-天選勳章服務生效期間，冒險者使用經驗回購功能時，每次回購消耗的神聖魔方數量將減半（減少後所需數量不足1個神聖魔方的部分按1個神聖魔方計算）。\n6、\fW每日經驗回購次數翻倍\f>：\n-天選勳章服務生效期間，冒險者使用經驗回購功能時，每日可使用次數將由原來的每日最多10次提升為每日最多20次。\n7、\fW聊天頻道顏色文字發言免收費\f>：\n-天選勳章服務生效期間，冒險者可免費在[世界]頻道及[大喊]頻道使用顏色文字發言。\n8、\fW專屬聊天表情包\f>：\n-天選勳章服務生效期間，冒險者將可在聊天中使用專屬表情包；\n-使用方式：通過[聊天]-[表情]-[專屬]選擇使用。\n9、\fW聊天發言間隔時間減半\f>：\n-天選勳章服務生效期間，冒險者在各頻道發言時的時間間隔限制將減半。\n10、\fW地圖書籤記錄上限增加30個\f>：\n-天選勳章服務生效期間，冒險者可額外使用第8-10號地圖書籤欄的共計30個地圖書籤位置。\n-天選勳章服務失效後，編號8-10的書籤位置將被凍結，重新開通天選勳章服務後即可恢復使用。\n11、\fW交易所購物自動價格排序\f>：\n-天選勳章服務生效期間，冒險者通過交易所選購物品時，物品列表將自動按單價從低至高排序列出。\n\n\fW以上專屬福利均隨天選勳章服務失效而失效，敬請留意。\f>"
tw_1501,"服務詳情"
tw_1502,"在世界頻道使用文字變色需要消耗少量古代鉑金幣或金幣。\f=[天選勳章用戶免費使用]\f>"
tw_1503,"網絡異常，請檢測網絡連接狀態"
tw_1504,"「天選勳章」專屬功能，請先開通「天選勳章」後再嘗試！"
tw_1505,"已領取"
tw_1506,"未領取"
tw_1507,"不死族"
tw_1508,"惡魔族"
tw_1509,"不死族[禁療]"
tw_1510,"狼人"
tw_1511,"神族"
tw_1512,"海族"
tw_1513,"詛咒系"
tw_1514,"角色"
tw_1515,"獸人"
tw_1516,"建築"
tw_1517,"%s命中抵抗: %+d\n"
tw_1518,"%s負重減免: %+d\n"
tw_1519,"%s物傷減免: %+d\n"
tw_1520,"%s魔傷減免: %+d\n"
tw_1521,"%s近戰物攻: %+d\n"
tw_1522,"%s近戰命中: %+d\n"
tw_1523,"* 請核對價格，寄賣後不可撤回\n* 天選勳章用戶將免收手續費"
tw_1524,"\f=天選勳章用戶免手續費"
tw_1525,"福利領取規則說明"
tw_1526,"一、\fW新手福利\f>：\n1、獎勵對象：新建角色\n2、領取規則：\n- 建立角色當天為第1天，至第7天每天均有對應可領取的新手福利。\n- 福利可領取時，點擊[領取]按鈕即可領取當天全部獎勵，領取時請確保背包有足夠位置。\n- 當天的獎勵只能當天領取，當天未領取的獎勵將於當天23:59後過期不可再領取，無法補領。\n\n二、\fW回歸福利\f>：\n1、獎勵對象：等級≥40的回歸角色\n2、領取規則：\n- 距上次登入≥30天且等級≥40的角色，登入時將激活回歸福利。\n- 激活回歸福利當天為第1天，至第7天每天均有對應可領取的回歸福利。\n- 福利可領取時，點擊[領取]按鈕即可領取當天全部獎勵，領取時請確保背包有足夠位置。\n- 當天的獎勵只能當天領取，當天未領取的獎勵將於當天23:59後過期不可再領取，無法補領。\n\n三、\fW天選勳章專屬福利\f>：\n1、獎勵對象：天選勳章用戶賬號下所有角色\n2、領取規則：\n- 賬號已開通天選勳章服務，且處於服務生效期間最後一日零點前，該賬號下所有角色均可享受天選勳章專屬福利。\n- 天選勛章專屬福利每天均有對應可領取的福利。\n- 天選勛章專屬福利以自然月為週期，每月1號自動刷新並觸發。\n- 福利可領取時，點擊[領取]按鈕即可領取當天全部獎勵，領取時請確保背包有足夠位置。\n- 當天的獎勵只能當天領取，當天未領取的獎勵將於當天23:59後過期不可再領取，無法補領。\n- 若當天為天選勳章有效期最後一天，則當天凌晨零點起專屬福利即刻不可領取。\n\n四、\fW福利圖標\f>長期顯示，獎勵項除天選福利外，其他福利在無待領獎勵時，將不再顯示在列表中。"
tw_1527,"獸人"
tw_1528,"%s對%s的物攻：+%u\n"
tw_1529,"%s對種族的額外物攻：+%d\n"
tw_1530,"表情%u"
tw_1531,"專屬"
tw_1532,"請選擇要刪除的書籤！"
tw_1533,"不可接"
tw_1534,"取消引導"
tw_1535,"加入引導"
tw_1536,"任務引導框"
tw_1537,"抵制不良游戏，拒绝盗版游戏。注意自我保护，谨防受骗上当。适度游戏益脑，沉迷游戏伤身。合理安排时间，享受健康生活。"
tw_1538,"批准文号：国新出审[2019] 1541号 出版物号：ISBN 978-7-498-06514-8"
tw_1539,"續訂"
tw_1540,"祝福機率:%d%%"
tw_1541,"裝備工坊"
tw_1542,"材料"
tw_1543,"製作"
tw_1544,"材料"
tw_1545,"結果"
tw_1546,"重鍛"
tw_1547,"\f3當前使用裝備已切換為第 Ⅰ 套"
tw_1548,"\f3當前使用裝備已切換為第 Ⅱ 套"
tw_1549,"\f3當前使用裝備已切換為第 Ⅲ 套"
tw_1550,"取消|開通"
tw_1551,"\fD你對 \f=%s \fD的攻擊觸發了 \f=%s \fD，你受到 \f=%d 點反彈傷害"
tw_1552,"\f=%s \fD對你的攻擊觸發了 \f=%s \fD，反彈了 \f=%d 點傷害"
tw_1553,"[未開通]"
tw_1554,"客服回覆"
tw_1555,"問題解決"
tw_1556,"繼續諮詢"
tw_1557,"魔法書合成"
tw_1558,"魔法書"
tw_1559,"職業魔法書"
tw_1560,"英雄項錬"
tw_1561,"項鏈進階"
tw_1562,"客服"
tw_1563,"描述:"
tw_1564,"描述問題出現的時間、操作、困擾或者期望的解決方案等"
tw_1565,"推薦說明\n優勢：超高的近戰物理攻擊力、超高的體力成長\n劣勢：魔法防禦不足，缺乏靈活性\n\n培養方向\n1.純暴力型\n裝備選擇物理攻擊或者增加力量屬性的，將物理輸出發揮到極致，50等後的點數繼續分配到力量屬性，此方案消耗較大，需要持續使用恢復藥水並且持續保持二段加速狀態，也可以和補給型職業的配合組隊。\n2.精神半坦型\n武器選擇物理攻擊的，防具選擇防禦裝，在50等後的點數分配到精神屬性（精神23）再後續補充力量，搭配魔法頭盔·治愈，并使用魔能藥劑恢復魔力，達到持久續航。"
tw_1566,"推薦1說明\n優勢：超高的遠程物理攻擊力、較高的靈活性\n劣勢：體力較低\n\n培養方向\n1.純暴力型\n學習風元素魔法：多數以增強遠程物理攻擊力為主，風之光影為風系唯一保命魔法（僅PVP有效）\n裝備選擇物理攻擊或者增加敏捷屬性的，將物理輸出發揮到極致，50等後的點數繼續分配到敏捷屬性，高敏捷可讓三重矢減免魔力。\n2.續航型-1\n學習土元素魔法：多數以增加物理防禦為主，土之荊棘為土系唯一對抗性魔法，可移除目標（PC）加速效果并遏制目標使用二段加速\n武器選擇物理攻擊的，防具選擇防禦裝，在50等後的點數分配到精神屬性（精神20）再後續補充敏捷，搭配淨化精神，并使用魔能藥劑恢復魔力，達到持久續航。\n3.續航型-2\n學習水元素魔法：以增益自身或者干擾目標并行，可通過水之元氣提高治愈量，可通過污濁之水遏制目標（PC）恢復體力（禁療）\n武器選擇物理攻擊的，防具選擇防禦裝，在50等後的點數分配到精神屬性（精神20）再後續補充敏捷，搭配淨化精神，并使用魔能藥劑恢復魔力，達到持久續航。"
tw_1567,"推薦2說明\n優勢：較高的近戰物理攻擊力、較高的靈活性\n劣勢：體力較低\n\n培養方向\n1.純暴力型\n學習火元素魔法：以增強近戰物理攻擊力為主\n裝備選擇物理攻擊或者增加力量屬性的，將物理輸出發揮到極致，50等後的點數繼續分配到力量屬性\n2.續航型-1\n學習火元素魔法：以增強近戰物理攻擊力為主\n武器選擇物理攻擊的，防具選擇防禦裝，在50等後的點數分配到精神屬性（精神20）再後續補充力量，搭配淨化精神，并使用魔能藥劑恢復魔力，達到持久續航。\n3.續航型-2\n學習土元素魔法：多數以增加物理防禦為主，土之荊棘為土系唯一對抗性魔法，可移除目標（PC）加速效果并遏制目標使用二段加速\n武器選擇物理攻擊的，防具選擇防禦裝，在50等後的點數分配到精神屬性（精神20）再後續補充敏捷，搭配淨化精神，并使用魔能藥劑恢復魔力，達到持久續航。"
tw_1568,"推薦1說明\n優勢：超高的魔法攻擊力\n劣勢：防禦較低，體力較低\n\n培養方向\n1.純魔法型\n武器選擇增加魔法傷害的，防具選擇增加智力、魔攻的或者減傷的裝備，50等後的點數繼續分配到智力屬性，此方案消耗較大，需要持續使用魔能藥劑或者搭配魔力奪取，魔力儲量是該玩法的關鍵。\n2.續航型\n武器選擇吸收魔力的，防具選擇增加智力、魔攻的或者減傷的裝備，50等後的點數繼續分配到精神和智力屬性，提高治愈能力和魔力恢復能力，從而達到較少消耗，持久續航。"
tw_1569,"推薦2說明\n優勢：超高的魔法攻擊力\n劣勢：防禦較低，體力較低\n\n培養方向\n1.魔武混合型\n武器選擇增加物理傷害和吸魔的，防具選擇增加智力、魔攻的或者減傷的裝備，50等後的點數繼續分配到智力和力量屬性。因出生18力可獲得二段攻速的增益，搭配吸魔、物理混合魔法的方式，實現持久續航。\n2.魔武切換型\n練功時武器選擇吸魔的或者增加魔法傷害的，防具選擇增加智力、魔攻的或者減傷的裝備，50等後的點數繼續分配到精神和智力屬性，提高魔法攻擊力和治愈能力。因出生18力可獲得二段攻速的收益，練功採用吸魔武器，從而達到較少消耗，持久續航。PK採用魔法傷害武器，增加魔法傷害能力。"
tw_1570,"推薦1說明\n優勢：較高的物理攻擊力，物理暴擊高，血盟成員多\n劣勢：體力中等，防禦中等\n\n培養方向\n暴擊輸出型\n武器選擇物理攻擊的，防具可以選擇減傷、防禦或者力量屬性裝，50等後的點數繼續分配到毅力和力量上，確保毅力點數達到36（最大暴擊機率）"
tw_1571,"推薦2說明\n優勢：較高的物理攻擊力，較高的續航能力\n劣勢：體力中等，防禦中等\n\n培養方向\n1.續航輸出型\n武器選擇物理攻擊的，防具可以選擇減傷、防禦或者力量屬性裝，50等後的點數繼續分配到精神和力量上，單純練功型的玩法"
tw_1572,"null"
tw_1573,"魔法筆記"
tw_1574,"普通魔法筆記"
tw_1575,"法師魔法筆記"
tw_1576,"騎士魔法筆記"
tw_1577,"王族魔法筆記"
tw_1578,"精靈魔法筆記"
tw_1579,"英雄項錬 LV.2-LV.3"
tw_1580,"英雄項錬 LV.4"
tw_1581,"英雄項錬 LV.5"
tw_1582,"英雄項錬 LV.6"
tw_1583,"\fK查強化"
tw_1584,"\fK查資訊"
tw_1585,"%s      ------ 普通強化+%d ------\n"
tw_1586,"%s      --------- 普通強化+%d ---------\n"
tw_1587,"驗證訂閱"
tw_1588,"實名認證"
tw_1589,"真實姓名:"
tw_1590,"身份證號碼:"
tw_1591,"接受實名認證及防沉迷系統服務協議"
tw_1592,"根據國家防沉迷法規要求，請完善游戲防沉迷信息，以保障您順暢享受游戲"
tw_1593,"終極變形卷軸"
tw_1594,"選擇微信登錄方式, 綁定帳號後會自動重啟客戶端"
tw_1595,"你的設備還沒有安裝微信客戶端, 你可以下載安裝微信或者使用手機微信掃碼登錄, 綁定帳號後會自動重啟客戶端"
tw_1596,"你的設備還沒有安裝微信客戶端, 你可以下載安裝微信或者使用手機微信掃碼登錄"
tw_1597,"微信登錄"
tw_1598,"微信掃碼登錄"
tw_1599,"下載微信"
tw_1600,"點擊移動"
tw_1601,"點擊移動"
tw_1602,"微信掃碼支付"
tw_1603,"%s移速: %+d%%"
tw_1604,"%s攻速: %+d%%"
tw_1605,"%s法速: %+d%%"
tw_1606,"%s力量: %+d"
tw_1607,"%s體質: %+d"
tw_1608,"%s敏捷: %+d"
tw_1609,"%s智力: %+d"
tw_1610,"%s意志: %+d"
tw_1611,"%s毅力: %+d"
tw_1612,"%s防禦: %+d"
tw_1613,"%s遠程閃避: %+d%%"
tw_1614,"%s魔攻: %+d"
tw_1615,"%s魔防: %+d"
tw_1616,"%s火防: %+d"
tw_1617,"%s土防: %+d"
tw_1618,"%s水防: %+d"
tw_1619,"%s風防: %+d"
tw_1620,"%s體力上限: %+d"
tw_1621,"%s魔力上限: %+d"
tw_1622,"%s近戰物攻: %+d"
tw_1623,"%s遠程物攻: %+d"
tw_1624,"%s近戰命中: %+d"
tw_1625,"%s遠程命中: %+d"
tw_1626,"%s神聖傷害: %+d"
tw_1627,"%s命中抵抗: %+d"
tw_1628,"%s體力恢復: %+d"
tw_1629,"%s魔傷: %+d"
tw_1630,"%s額外魔傷: %+d"
tw_1631,"變形"
tw_1632,"魔化"
tw_1633,"聖化"
tw_1634,"天選專用"
tw_1635,"%d 等可用"
tw_1636,"未解锁"
tw_1637,"變形時間: %d秒"
tw_1638,"快捷變形"
tw_1639,"解鎖"
tw_1640,"分解獲得"
tw_1641,"分解"
tw_1642,"普通變形"
tw_1643,"目錄"
tw_1644,"怪物"
tw_1645,"屬性"
tw_1646,"怪物變形"
tw_1647,"解除變形"
tw_1648,"投骰"
tw_1649,"基本規則\n1.玩家在活動NPC處使用指定道具兌換骰子。\n2.玩家在棋盤上投擲骰子，每次消耗一個骰子。\n3.投擲骰子後，光標跟隨骰子擲出的數字行走對應步數。\n4.光標停在格子上，如格子上有道具或事件，則可獲得道具或觸發事件。\n5.已觸發過獲得道具的格子，再次踩中時不會再次獲得道具。\n6.已觸發過事件的格子，再次踩中時會再次觸發事件。\n7.棋盤終點設有大獎，玩家到達終點可獲得大獎并進入下一張棋盤地圖。\n8.擲出骰子後，玩家光標走完步數後必須剛好停在終點格子，才可獲得大獎和進入下一張棋盤地圖。否則，光標將根據多出的步數往回走。\n9.最後一幅地圖完成後，可不斷重複探索，但終點的終極大獎只可獲得一次，重複探索時終極大獎將替換為其他獎勵。\n\n事件類型\n1.前進X格：觸發事件後，向前再走X格（具體前進格數根據事件決定）。\n2.後退X格：觸發事件後，向後返回X格（具體後退格數根據事件決定）。"
tw_1650,"前進%d格"
tw_1651,"後退%d格"
tw_1652,"潰壞前方%d格"
tw_1653,"下次投骰獲得X2機會"
tw_1654,"獲得%s x %d"
tw_1655,"%s遠程閃避: %+d\n"
tw_1656,"材料不足"
tw_1657,"\f3開通天選勳章後才可使用此變形。"
tw_1658,"\f3%u級才可使用此變形。"
tw_1659,"\f3變形材料不足。"
tw_1660,"%s對%s的物攻：+%u~%u\n"
tw_1661,"查看變形材料"
tw_1662,"查看解鎖材料"
tw_1663,"材料"
tw_1664,"%s遠程物攻: %+d\n"
tw_1665,"%s遠程命中: %+d\n"
tw_1666,"活動變形"
tw_1667,"查看解鎖條件"
tw_1668,"開通「天選勳章」可解鎖"
tw_1669,"%s魔力恢復: %+d"
tw_1670,"%s物傷減免: %+d"
tw_1671,"請選擇將要綁定的帳號，綁定帳號後會自動重啟客戶端"
tw_1672,"請選擇將要綁定的帳號，綁定帳號後會自動重啟客戶端"
tw_1673,"活動變形暫未開放"
tw_1674,"請先選擇需要分解的材料"
tw_1675,"確認身份證號碼不一致，請重新確認輸入"
tw_1676,"點擊後將立刻變形"
tw_1677,"\fH消耗正義值：%u"
tw_1678,"補給品"
tw_1679,"加速類"
tw_1680,"其他"
tw_1681,"黑色秘銀"
tw_1682,"等待確定中..."
tw_1683,"有更新資源包，請問您要現在下載嗎？\n資源包大小：%.2fMB (建議WiFi環境下進行)"
tw_1684,"正在驗證最新資源..."
tw_1685,"出現錯誤，請重新購買"
tw_1686,"錯誤操作，請重新購買"
tw_1687,"訂單已取消"
tw_1688,"未知付款方式，請選擇正確的付款方式"
tw_1689,"付款失敗，請確認授權付款"
tw_1690,"商品已失效，請重新選擇購買的商品"
tw_1691,"訪問失敗，請授權訪問"
tw_1692,"無法連接網絡"
tw_1693,"訪問權限已撤銷，請重新授權"
tw_1694,"未確認Apple Music隱私政策"
tw_1695,"正在申請訪問權限，請及時處理"
tw_1696,"找不到商品，請重新選擇商品"
tw_1697,"商品的折扣活動已結束"
tw_1698,"付款失敗，請重新購買"
tw_1699,"商品價格發生變化，請重新購買"
tw_1700,"華為登錄"
tw_1701,"Apple 登入"
tw_1702,"英雄紋章"
tw_1703,"萬能藥水"
tw_1704,"英雄藥水"
tw_1705,"\f3請把快捷變形按鍵拖到快捷鍵鍵位"
tw_1706,"查看屬性"
tw_1707,"進階"
tw_1708,"x %u"
tw_1709,"Apple伺服器未回應，請重新打開Teon，點擊開始遊戲"
tw_1710,"合成"
tw_1711,"無法登入（%d），請確保設備已安裝相關組件"
tw_1712,"\f22.7 狀態[buff]"
tw_1713,"符石工坊"
tw_1714,"孔位加工"
tw_1715,"鑲嵌符石"
tw_1716,"取出符石"
tw_1717,"符石升等"
tw_1718,"符石淬煉"
tw_1719,"功能介紹"
tw_1720,"孔位加工\n\n1. 裝備開孔：\n1) 開孔需消耗金幣，有機率失敗。失敗時，僅損失金幣，裝備無損。\n2) 裝備種類和孔位不同，開孔消耗的金幣數和成功率不同。\n3) 暫時只有祝福武器可開2個孔。必須第1孔成功開孔後，才能開第2孔。\n2. 孔位精鍛：\n1) 祝福武器的第二孔位、祝福防具的第一孔位可在開孔後進行精鍛。精鍛後的孔位可鑲嵌特效符石。\n2) 精鍛需要消耗金幣，不同裝備類型精鍛時消耗的金幣數不同。\n3) 精鍛不會失敗。\n4) 精鍛的孔位上是否已鑲嵌符石對精鍛無影響，不會影響精鍛效果。"
tw_1721,"符石鑲嵌\n\n1.  鑲嵌的符石類型需與裝備類型一致。（防具精鍛孔除外，可裝備所有防具類普通符石）\n2. 普通孔位只能鑲嵌普通符石，精鍛孔位可鑲嵌普通符石和特效符石。\n3. 不同階級的裝備可鑲嵌的符石等級不同，等階越高，可鑲嵌符石等級越高。\n4. 已鑲嵌符石的孔位，直接鑲嵌新符石，舊符石將被銷毀。\n5. 當穿戴的裝備中鑲嵌的符石中屬性類型相同的符石總數多於3個時，只有最高等級的3個符石的效果會生效。\n6. 當狀態（buff）類符石特效觸發時，其他狀態（buff）類符石的觸發概率將衰減50%（同類符石不可重複觸發）。"
tw_1722,"符石取出：\n\n1. 符石取出需消耗特殊道具「磁力魔咒」。\n2. 磁力魔咒可通過高級藏寶圖開出，或部分活動產出。"
tw_1723,"符石升等：\n\n1. 消耗三顆低級的符石和一定量的金幣，可升等成一顆高一等的符石。目前最高可升等符石至3等。\n2.用於升等消耗的符石，類型、屬性和等級必須一致。\n3. 升等有成功率。符石等級不同，成功率不同。"
tw_1724,"符石淬煉：\n\n消耗任意三顆同類型同等級的符石，可獲得一顆同類型同等級，而屬性隨機生成的符石，並有機率生成特效符石。"
tw_1725,"%s--------- 符石 ---------\n"
tw_1726,"孔%d：未開孔\n"
tw_1727,"未镶嵌符石\n"
tw_1728,"%s%+d%s\n"
tw_1729,"開孔"
tw_1730,"精鍛"
tw_1731,"鑲嵌"
tw_1732,"符石"
tw_1733,"武器符石"
tw_1734,"1等"
tw_1735,"2等"
tw_1736,"3等"
tw_1737,"4等"
tw_1738,"5等"
tw_1739,"防具符石"
tw_1740,"被封印的符石"
tw_1741,"工具"
tw_1742,"或"
tw_1743,"一. 孔位加工\n1. 裝備開孔：\n1) 孔位是指裝備上用於鑲嵌符石的位置，需開孔後方可鑲嵌符石。\n2) 開孔需消耗金幣，有機率失敗。失敗時，僅損失金幣，裝備無損。\n3) 裝備種類和孔位不同，開孔消耗的金幣數和成功率不同。\n4) 暫時只有祝福武器可開2個孔。必須第1孔成功開孔後，才能開第2孔。\n2. 孔位精鍛：\n1) 祝福武器的第二孔位、祝福防具的第一孔位可在開孔後進行精鍛。精鍛後的孔位可鑲嵌特效符石。\n2) 精鍛需要消耗金幣，不同裝備類型精鍛時消耗的金幣數不同。\n3) 精鍛不會失敗。\n4) 精鍛的孔位上是否已鑲嵌符石對精鍛無影響，不會影響精鍛效果。\n\n二. 鑲嵌符石\n1. 只有已開孔的裝備可鑲嵌符石。\n2.  鑲嵌的符石類型需與裝備類型一致。（防具精鍛孔除外，可裝備所有防具類普通符石）\n3. 普通孔位只能鑲嵌普通符石，精鍛孔位可鑲嵌普通符石和特效符石。\n4. 不同階級的裝備可鑲嵌的符石等級不同，等階越高，可鑲嵌符石等級越高。\n5. 已鑲嵌符石的孔位，直接鑲嵌新符石，舊符石將被銷毀。可先通過「符石取出」將符石取下，詳情可查閱「符石取出」。\n6. 當穿戴的裝備中鑲嵌的符石中屬性類型相同的符石總數多於3個時，只有最高等級的3個符石的效果會生效。\n7. 當狀態（buff）類符石特效觸發時，其他狀態（buff）類符石的觸發概率將衰減50%（同類符石不可重複觸發）。\n\n三. 符石取出\n1. 如需取出已鑲嵌在裝備上的符石，可通過「符石取出」進行取出操作。\n2. 符石取出需消耗特殊道具「磁力魔咒」。\n3. 磁力魔咒可通過高級藏寶圖開出，或部分活動產出。\n\n四. 符石升等\n1. 通過「符石升等」，可消耗三顆低級的符石和一定量的金幣，升等成一顆高一等的符石。目前最高可升等符石至3等。\n2.用於升等消耗的符石，類型、屬性和等級必須一致。\n3. 升等有成功率。符石等級不同，成功率不同。\n\n五. 符石淬煉\n通過「符石淬煉」，消耗任意三顆同類型同等級的符石，可獲得一顆同類型同等級，而屬性隨機生成的符石，並有機率生成特效符石。"
tw_1744,"素材符石\n×1"
tw_1745,"五階"
tw_1746,"角色账号不匹配不能删除"
tw_1747,"角色转移有效期内不能被删除"
tw_1748,"序列号: %s"
tw_1749,"有效期: %s"
tw_1750,"序列号到期後才可以重新使用或删除"
tw_1751,"复制角色序列号"
tw_1752,"《Teon》角色轉移免責條款\n\n在你提交“角色轉移服務”申請前，我們鄭重提醒你仔細閱讀與該服務全部條款內容。\n\n我們是基於您已知悉並同意接受全部條款內容的前提下提供服務的，當你確認“生成角色序號”按鈕，即表明您已知悉並同意接受全部條款，此後，你不得以未閱讀，不瞭解或不同意下述條款而提出任何抗辯。\n\n1、序號申請後帶有效期（3天），3天內不可登入該角色。\n2、角色轉移申請前請務必處理好角色背包內的物品，如轉移後則無法還原。\n3、該功能只用於個人帳號間的角色轉移，如用於線下交易，可能存在風險和損失，需使用者自行承擔，官方概不負責。\n4、角色轉移將收取2本“被封印的誓約書”作為轉移費用，請提前購買。當系統生成序號後，將扣除誓約書，若因玩家操作不當導致序號失效沒有完成轉移，該誓約書不作退還。\n5、角色轉移滿足轉移條件，否則不得轉移。"
tw_1753,"《Teon》角色轉移免責條款\n\n在你啟動“角色轉移服務”申請前，我們鄭重提醒你仔細閱讀與該服務全部條款內容。\n\n我們是基於您已知悉並同意接受全部條款內容的前提下提供服務的，當你確認“啟動”按鈕，即表明您已知悉並同意接受全部條款，此後，你不得以未閱讀，不瞭解或不同意下述條款而提出任何抗辯。\n\n1、角色轉移序號啟動後可馬上登入。\n2、角色轉移申請前已處理好角色背包內的物品，可交易物品無法轉移。\n3、該功能只用於個人帳號間的角色轉移，如用於線下交易，可能存在風險和損失，需使用者自行承擔，官方概不負責。\n4、角色轉移將收取2本“被封印的誓約書”作為啟動費用，請提前購買。\n5、角色轉移滿足轉移條件，否則不得轉移。"
tw_1754,"我已知悉上述免责声明，同意生成角色序号"
tw_1755,"我已知悉上述免责声明，同意激活角色"
tw_1756,"生成角色序号需消耗%u本誓约书"
tw_1757,"激活角色需消耗%u本誓约书"
tw_1758,"确认生成角色序号"
tw_1759,"确认激活角色"
tw_1760,"生成角色序号"
tw_1761,"激活角色"
tw_1762,"角色属性"
tw_1763,"属性道具使用情况"
tw_1764,"背包"
tw_1765,"角色仓库"
tw_1766,"回忆泉水"
tw_1767,"万能药"
tw_1768,"数量：%u"
tw_1769,"序号有效期:%s"
tw_1770,"角色资料"
tw_1771,"角色序列号生成成功"
tw_1772,"角色序号"
tw_1773,"复制"
tw_1774,"角色序号有效期至: %s"
tw_1775,"点击下方按钮键将返回登录界面。\n如果再次查看角色序号，可在角色選擇頁面處查看。"
tw_1776,"返回登录界面"
tw_1777,"序列号不能为空"
tw_1778,"请输入角色序号"
tw_1779,"确定"
tw_1780,"角色激活成功"
tw_1781,"下次可生成序号的时间: %s"
tw_1782,"重新登录，可在选角界面选择使用的角色"
tw_1783,"您的角色正在等待刪除中，取消刪除才可登入該角色"
tw_1784,"初心者卷軸"
tw_1785,"進階經驗魔方"
tw_1786,"消耗品"
tw_1787,"雙手弓"
tw_1788,"單手弓"
tw_1789,"雙手矛"
tw_1790,"單手鈍器"
tw_1791,"雙手杖"
tw_1792,"單手杖"
tw_1793,"燈"
tw_1794,"食物"
tw_1795,"任務道具"
tw_1796,"寵物道具"
tw_1797,"禮盒"
tw_1798,"種類: %s\n"
tw_1799,"\fD你對 \f=%s \fD的攻擊觸發了符石特效 \f=%s \fD，產生了 \f=%d 點傷害"
tw_1800,"\f=%s \fD對你的攻擊觸發了符石特效 \f=%s \fD，你受到了 \f=%d 點傷害"
tw_1801,"水元素魔法"
tw_1802,"土元素魔法"
tw_1803,"火元素魔法"
tw_1804,"風元素魔法"
tw_1805,"雷元素魔法"
tw_1806,"正在加載遊戲資源，此過程不消耗流量，請放心等待... (剩餘時間 %u:%u)"
tw_1807,"null"
tw_1808,"請於左邊選擇有關工單內容"
tw_1809,"高一等符石\n×1"
tw_1810,"請從背包拖動裝備\n至上方裝備格"
tw_1811,"%s有幾率成功"
tw_1812,"請從背包拖動符石\n至上方符石孔"
tw_1813,"替換符石"
tw_1814,"替換"
tw_1815,"你確定要以下方新符石替換上方的舊符石嗎？\n替換後，舊符石將會消失"
tw_1816,"請選擇需要取出的符石"
tw_1817,"取出"
tw_1818,"你確定要消耗\f=磁力魔咒×%d\f>取出這顆符石嗎？"
tw_1819,"素材符石融合升等後\n有機會出現以下三種結果之一"
tw_1820,"請從背包拖動3顆同等級的符石至上方符石孔"
tw_1821,"開孔有幾率成功"
tw_1822,"對孔位進行精鍛"
tw_1823,"\fK物减魔减"
tw_1824,"\fK攻速移速"
tw_1825,"\f>條件：洗禮後可使用\n"
tw_1826,"\f=屬性點數不能超過%u"
tw_1827,"聖靈武器"
tw_1828,"城堡武器升華至聖靈武器"
tw_1829,"武器升華"
tw_1830,"升華"
tw_1831,"可鑲嵌符石：%d等或以下\n"
tw_1832,"聖靈石"
tw_1833,"更多..."
tw_1834,"素材符石\n×2"
tw_1835,"全部素材\n消失"
tw_1836,"強化失敗，失去全部素材"
tw_1837,"強化失敗，失去1個素材符石"
tw_1838,"強化失敗，但沒有失去素材"
tw_1839,"強化成功，獲得XXX符石1個"
tw_1840,"\f>限制:未洗禮可使用\n"
tw_1841,"升等合成"
tw_1842,"升等"
tw_1843,"確定"
tw_1844,"\f22.12 符石系統"
tw_1845,"\f22.12.1 孔位"
tw_1846,"\f22.12.2 符石"
tw_1847,"\f22.13 聖光洗禮"
tw_1848,"\f3符石數量不足"
tw_1849,"\f3請選擇相同種類和相同等級的符石"
tw_1850,"\f=（當前操作包括鑲嵌符石和替換符石）"
tw_1851,"格鬥"
tw_1852,"專注"
tw_1853,"射擊"
tw_1854,"精準"
tw_1855,"魔傷"
tw_1856,"聚神"
tw_1857,"毅力"
tw_1858,"力量"
tw_1859,"敏捷"
tw_1860,"靈境"
tw_1861,"水魔法"
tw_1862,"土魔法"
tw_1863,"火魔法"
tw_1864,"風魔法"
tw_1865,"堅固"
tw_1866,"役魔"
tw_1867,"防護"
tw_1868,"滅魔"
tw_1869,"體力"
tw_1870,"魔力"
tw_1871,"巨石"
tw_1872,"魔泉"
tw_1873,"水防"
tw_1874,"土防"
tw_1875,"風防"
tw_1876,"火防"
tw_1877,"抵抗"
tw_1878,"閃避"
tw_1879,"體回"
tw_1880,"魔復"
tw_1881,"物免"
tw_1882,"魔免"
tw_1883,"物減"
tw_1884,"魔減"
tw_1885,"雷魔法"
tw_1886,"\f3此符石與所選裝備種類不同"
tw_1887,"根據相關政策規定，未曾實名認證的玩家受到游戲試玩時長限制，您的當前試玩時間已結束，請進行實名認證以解鎖賬戶限制。"
tw_1888,"根據相關政策規定，未曾實名認證的玩家無法在游戲內進行充值。如您想進行充值，請進行實名認證。"
tw_1889,"根據相關政策規定，未成年玩家平日每日游戲時長不得超過1.5小時，節假日每日不得超過3小時。您今日的游戲時間已結束。"
tw_1890,"根據相關政策規定，每日22時至次日8時不可向未成年人提供游戲服務。您今日的游戲時間已結束。"
tw_1891,"煉金"
tw_1892,"練成"
tw_1893,"精煉屬性源晶"
tw_1894,"精煉"
tw_1895,"火屬性源晶"
tw_1896,"水屬性源晶"
tw_1897,"風屬性源晶"
tw_1898,"土屬性源晶"
tw_1899,"屬性源晶"
tw_1900,"開通領取"
tw_1901,"續費領取"
tw_1902,"檢測到 root: 參考編號%d"
tw_1903,"檢測到模擬器: 參考編號%d"
tw_1904,"檢測到疑似外挂App: %s"
tw_1905,"檢測到疑似外挂App: 參考編號%d"
tw_1906,"加載中"
tw_1907,"覺醒"
tw_1908,"你還未覺醒，無法學習覺醒系；覺醒可前往精靈園林找月光女神，精靈可選擇風火水土系元素魔法，暗夜精靈可選擇詛咒或暗影系魔法，覺醒時只能選擇一系魔法。"
tw_1909,"覺醒風元素魔法"
tw_1910,"覺醒火元素魔法"
tw_1911,"覺醒土元素魔法"
tw_1912,"覺醒水元素魔法"
tw_1913,"覺醒詛咒魔法"
tw_1914,"覺醒暗影魔法"
tw_1915,"\f2最大魔力減免：%d"
tw_1916,"\f>[暗]"
tw_1917,"推薦1說明\n優勢：較高的物理攻擊力，物理暴擊高，血盟成員多\n劣勢：體力中等，防禦中等\n\n培養方向\n暴擊輸出型\n武器選擇物理攻擊的，防具可以選擇減傷、防禦或者力量屬性裝，50等後的點數繼續分配到毅力和力量上，確保毅力點數達到36（最大暴擊機率）"
tw_1918,"推薦2說明\n優勢：較高的物理攻擊力，較高的續航能力\n劣勢：體力中等，防禦中等\n\n培養方向\n1.續航輸出型\n武器選擇物理攻擊的，防具可以選擇減傷、防禦或者力量屬性裝，50等後的點數繼續分配到精神和力量上，單純練功型的玩法"
tw_1919,"請注意登入/綁定帳號，需確保設備登入有雙重認證的 Apple ID ，\n且 iCloud 為開啟狀態"
tw_1920,"Apple登陸需要iOS13.0或以上系統版本，請先升等後再來綁定"
tw_1921,"推薦3說明\n優勢：超高的近戰物理爆發力、略有魔力減免\n劣勢：防禦較低，續航能力弱\n\n培養方向：\n1.高體暴力型\n武器選擇增加物理攻擊或武器有機率打出最大傷害的，防具選擇力量屬性裝備，後期覺醒暗影系，50等後的屬性點繼續分配至力量和體質上，將近戰物理輸出能力和爆發力發揮到極致，同時兼備生存能力。\n2.偏體兼智暴力型\n武器選擇增加物理攻擊或武器有機率打出最大傷害的，防具選擇力量屬性裝備，後期覺醒暗影系，50等後的屬性點繼續分配至力量、體質和少量智力上，將近戰物理輸出能力和爆發力發揮到極致，同時兼備生存能力和續航能力。\n3.偏體兼精暴力型\n武器選擇增加物理攻擊或武器有機率打出最大傷害的，防具選擇力量屬性裝備，後期覺醒暗影系，50等後的屬性點繼續分配至力量、體質和少量精神上，將近戰物理輸出能力和爆發力發揮到極致，同時兼備生存能力（魔法防禦）和續航能力。"
tw_1922,"推薦1說明\n優勢：超高的近戰物理爆發力，略有魔力恢復加成\n劣勢：防禦較低，續航能力弱\n\n培養方向：\n1.高體暴力型\n武器選擇增加物理攻擊或武器有機率打出最大傷害的，防具選擇力量屬性裝備，後期覺醒暗影系，50等後的屬性點繼續分配至力量和體質上，將近戰物理輸出能力和爆發力發揮到極致，同時兼備生存能力。\n2.偏體兼智暴力型\n武器選擇增加物理攻擊或武器有機率打出最大傷害的，防具選擇力量屬性裝備，後期覺醒暗影系，50等後的屬性點繼續分配至力量、體質和少量智力上，將近戰物理輸出能力和爆發力發揮到極致，同時兼備生存能力和續航能力。\n3.偏體兼精暴力型\n武器選擇增加物理攻擊或武器有機率打出最大傷害的，防具選擇力量屬性裝備，後期覺醒暗影系，50等後的屬性點繼續分配至力量、體質和少量精神上，將近戰物理輸出能力和爆發力發揮到極致，同時兼備生存能力（魔法防禦）和續航能力。"
tw_1923,"推薦6說明\n優勢：持續的遠程物理輸出能力、略有魔力減免\n劣勢：防禦較低，續航能力弱\n\n培養方向：\n1.高體暴力型\n武器選擇增加物理攻擊的，防具選擇敏捷屬性裝備，後期覺醒詛咒系，50等後的屬性點繼續分配至敏捷和體質上，將持續的遠程物理輸出能力發揮到極致，同時兼備生存能力。\n2.偏體兼智暴力型\n武器選擇增加物理攻擊的，防具選擇敏捷屬性裝備，後期覺醒詛咒系，50等後的屬性點繼續分配至敏捷、體質和少量智力上，將持續的遠程物理輸出能力發揮到極致，同時兼備生存能力，略有魔力減免。\n3.偏體兼精暴力型\n武器選擇增加物理攻擊的，防具選擇敏捷屬性裝備，後期覺醒詛咒系，50等後的屬性點繼續分配至敏捷、體質和少量精神上，將持續的遠程物理輸出能力發揮到極致，同時兼備生存能力（魔法防禦）和續航能力。"
tw_1924,"推薦4說明\n優勢：持續的遠程物理輸出能力，略有魔力恢復加成\n劣勢：防禦較低，續航能力弱\n\n培養方向：\n1.高體暴力型\n武器選擇增加物理攻擊的，防具選擇敏捷屬性裝備，後期覺醒詛咒系，50等後的屬性點繼續分配至敏捷和體質上，將持續的遠程物理輸出能力發揮到極致，同時兼備生存能力。\n2.偏體兼智暴力型\n武器選擇增加物理攻擊的，防具選擇敏捷屬性裝備，後期覺醒詛咒系，50等後的屬性點繼續分配至敏捷、體質和少量智力上，將持續的遠程物理輸出能力發揮到極致，同時兼備生存能力，略有魔力減免。\n3.偏體兼精暴力型\n武器選擇增加物理攻擊的，防具選擇敏捷屬性裝備，後期覺醒詛咒系，50等後的屬性點繼續分配至敏捷、體質和少量精神上，將持續的遠程物理輸出能力發揮到極致，同時兼備生存能力（魔法防禦）和續航能力。"
tw_1925,"提煉暗夜魔石"
tw_1926,"暗夜魔石"
tw_1927,"提煉"
tw_1928,"暗夜精靈"
tw_1929,"暗夜精靈職業魔法"
tw_1930,"暗夜精靈魔法筆記"
tw_1931,"雙刀"
tw_1932,"手甲"
tw_1933,"鋼爪"
tw_1934,"名稱"
tw_1935,"當前價格"
tw_1936,"領先血盟"
tw_1937,"結束時間"
tw_1938,"關注"
tw_1939,"操作"
tw_1940,"成交血盟"
tw_1941,"結果"
tw_1942,"參拍盟屋"
tw_1943,"已關注盟屋"
tw_1944,"已結束盟屋"
tw_1945,"血盟資源:"
tw_1946,"成交"
tw_1947,"出價"
tw_1948,"觀看"
tw_1949,"盟屋競拍"
tw_1950,"領先"
tw_1951,"出局"
tw_1952,"參拍血盟"
tw_1953,"出價時間"
tw_1954,"狀態"
tw_1955,"加價幅度:"
tw_1956,"\f3流拍"
tw_1957,"\f3你沒有血盟"
tw_1958,"\f3出價失敗，血盟資源不足"
tw_1959,"\f3已結束盟屋不能關注或取消關注"
tw_1960,"飛刀"
tw_1961,"手裡劍"
tw_1962,"福袋"
tw_1963,"萬能藥禮盒"
tw_1964,"請輸入血盟編號"
tw_1965,"請輸入血盟編號進行搜索"
tw_1966,"正常"
tw_1967,"失敗"
tw_1968,"取消申請"
tw_1969,"加入血盟"
tw_1970,"聯繫盟主"
tw_1971,"血盟編號"
tw_1972,"盟旗"
tw_1973,"等级"
tw_1974,"維護"
tw_1975,"申請等級"
tw_1976,"搜索"
tw_1977,"請輸入申請理由："
tw_1978,"維護確認"
tw_1979,"領取祝福需血盟等級≥2且未處於維護失敗狀態！"
tw_1980,"  確認消耗以下數量的%s、血盟經驗、血盟資源啟動血盟維護嗎？\n%s：%d本\n血盟經驗：%d\n血盟資源：%d"
tw_1981,"退盟確認"
tw_1982,"退出血盟後榮譽點清零，未領取的血盟獎勵將銷毀，請確認"
tw_1983,"榮譽點：%d"
tw_1984,"盟副"
tw_1985,"日期"
tw_1986,"盟眾"
tw_1987,"在線"
tw_1988,"辭去盟職"
tw_1989,"任命為%s"
tw_1990,"降職為盟眾"
tw_1991,"禁言"
tw_1992,"解除禁言"
tw_1993,"批准"
tw_1994,"拒絕"
tw_1995,"加為好友"
tw_1996,"成功"
tw_1997,"失败"
tw_1998,"當前入盟等級限制：%d"
tw_1999,"血盟編號："
tw_2000,"血盟小屋："
tw_2001,"維護狀態："
tw_2002,"血盟經驗："
tw_2003,"血盟資源："
tw_2004,"核心成員"
tw_2005,"個人資訊"
tw_2006,"貢獻經驗："
tw_2007,"貢獻資源："
tw_2008,"剩餘祝福："
tw_2009,"捐獻資源"
tw_2010,"領取祝福"
tw_2011,"血盟升等"
tw_2012,"血盟等級："
tw_2013,"經驗上限："
tw_2014,"資源上限："
tw_2015,"晉級經驗："
tw_2016,"晉級資源："
tw_2017,"晉級"
tw_2018,"每日維護消耗"
tw_2019,"血盟經驗："
tw_2020,"血盟資源："
tw_2021,"當前維護狀態：%s"
tw_2022,"立即維護"
tw_2023,"入盟審批"
tw_2024,"申請者名稱"
tw_2025,"職等"
tw_2026,"申請理由"
tw_2027,"修改"
tw_2028,"公共倉庫賦權"
tw_2029,"福利倉庫"
tw_2030,"血盟資料"
tw_2031,"血盟成員"
tw_2032,"血盟管理"
tw_2033,"輸入錯誤"
tw_2034,"記錄"
tw_2035,"存取記錄"
tw_2036,"存入"
tw_2037,"取出"
tw_2038,"禁言確認"
tw_2039,"確認將 \f= %s \f>禁言 \f= %s \f>嗎？"
tw_2040,"請選擇禁言時長："
tw_2041,"禁言"
tw_2042,"取消"
tw_2043,"%d分鐘"
tw_2044,"%d小時"
tw_2045,"禁言"
tw_2046,"資源捐獻"
tw_2047,"點擊輸入數量(<=%d)"
tw_2048,"個人獲得榮譽點："
tw_2049,"輸入金幣數錯誤"
tw_2050,"你將捐獻：\n\f=%s X %d\n\f>為血盟增加資源：\f2%d\n\f>自己獲得榮譽點：\f2%d\n\f>請確認捐獻嗎？"
tw_2051,"捐獻確認"
tw_2052,"我要捐獻："
tw_2053,"數量："
tw_2054,"可增加資源："
tw_2055,"剩餘捐獻次數："
tw_2056,"被封印的誓約書[15天]"
tw_2057,"金幣"
tw_2058,"捐獻"
tw_2059,"血盟晉級"
tw_2060,"晉級確認"
tw_2061,"確認消耗以下血盟經驗和血盟資源將血盟晉級為 %d 等嗎？\n\n血盟經驗：%d\n血盟資源：%d"
tw_2062,"晉級消耗"
tw_2063,"血盟經驗："
tw_2064,"血盟資源："
tw_2065,"晉升後"
tw_2066,"血盟等級："
tw_2067,"成員上限："
tw_2068,"經驗上限："
tw_2069,"資源上限："
tw_2070,"提取職等設定"
tw_2071,"提取職等更為："
tw_2072,"及以上"
tw_2073,"祝福領取"
tw_2074,"領取確認"
tw_2075,"確認消耗 \f3%d \f>榮譽點領取增益狀態 \f= %s \f>嗎？"
tw_2076,"增益狀態領取提示：\n身上同時只能有一種血盟增益狀態，若已有血盟增益狀態，將被替換；\n狀態有效時間%d分鐘；\n死亡、過時、被相消，狀態均會消失；\n本次領取需消耗榮譽點：%d\n當天剩餘領取次數：%d/%d"
tw_2077,"請選擇領取的狀態："
tw_2078,"領取"
tw_2079,"請先選擇需要分配的物品"
tw_2080,"選擇的盟員錯誤，請刷新盟成員列表"
tw_2081,"請先選擇分配的盟員"
tw_2082,"物品數量不足"
tw_2083,"派發確認"
tw_2084,"確認為選中的盟成員派發獎勵 \f= %s \f>嗎？"
tw_2085,"選擇派發成員"
tw_2086,"成員名稱"
tw_2087,"職等"
tw_2088,"選擇"
tw_2089,"七日派發記錄"
tw_2090,"成員名稱"
tw_2091,"職等"
tw_2092,"獎勵"
tw_2093,"福利管理"
tw_2094,"確定派發"
tw_2095,"查看記錄"
tw_2096,"我的獎勵"
tw_2097,"福利倉庫"
tw_2098,"領取消耗榮譽點：%d"
tw_2099,"現有榮譽點：%d"
tw_2100,"我的獎勵"
tw_2101,"記錄"
tw_2102,"血盟系統說明"
tw_2103,"1.創建血盟\n等級≥40且沒有血盟的王族冒險者可消耗一定數量的金幣，在血盟管理員處建立屬於自己的血盟。\n\n2.加入血盟\n加入血盟有兩種方式：\n1）面對面加入：\n申請人與血盟盟主在遊戲內處於同一屏幕內且點擊對方頭像能觸發社交菜單，通過社交菜單上的「加入血盟」項可直接向血盟盟主發送入盟請求，血盟盟主將會在當前界面查看到入盟確認信息，盟主選擇同意後即入盟成功，若盟主無操作或拒絕，則入盟不成功。\n2）提交入盟申請加入：\n該加入方式是冒險者提交申請後，該申請會發送到被申請血盟的入盟審批欄中，由被申請人血盟的管理者進行審批，每日10點系統將清空所有未被審批的入盟申請。\n申請與審批規則：\n每名冒險者最多可同時向5個血盟提交入盟申請；\n申請者被批准加入某個血盟後，其提交的所有入盟申請將即時失效；\n每個申請在同一血盟中只能被審批一次，若被拒絕，可重新提交申請；\n提交方式：\na、通過社交菜單提交入盟申請：\n點擊冒險者的頭像觸發社交菜單時，選擇「加入血盟」項，若對方是血盟盟主，觸發規則為面對面申請，若對方非血盟盟主，則向其所在血盟發送入盟申請。\nb、通過血盟列表提交入盟申請：\n在血盟列表上選擇心儀的血盟後點擊觸發功能菜單，選擇「加入血盟」，即可向該血盟發送入盟申請，該申請方式可輸入申請理由，讓血盟管理更容易了解你。\n\n3.血盟建設\n1）血盟升等\n血盟共10等，盟主可通過消耗血盟經驗、血盟資源對血盟進行升等，血盟等級越高，可容納人數越多，血盟福利中的增益狀態效果越高，血盟經驗/資源上限值也越高。\n2）血盟維護與臨時維護\na、血盟維護：血盟從2等開始，每日0點將扣除一定數量的血盟經驗和血盟資源用以維護血盟功能的正常運作。\nb、維護失敗：若0點維護時資源或經驗不足，將不會扣除，血盟維護狀態顯示為失敗；\nc、血盟維護失敗時，血盟以下功能失效，下次維護成功時將重新生效：\n- 血盟福利倉庫：盟主將無法派發血盟福利倉庫內未派發的獎勵，已派發的獎勵領取不受影響；\n- 血盟祝福：血盟祝福將不可領取；\n- 盟屋：將無法使用盟屋管理員和盟屋傳送師的功能；\nd、臨時維護：維護失敗後，若當天的血盟經驗、血盟資源重新積累至滿足維護所需，可通過消耗一定數量的誓約書觸發「立即維護」，扣除對應的維護資源並立即恢復血盟失效的功能。\n3）血盟降等\n盟主可通過血盟管理員，消耗一定數量的誓約書降低自己血盟的等級，每次可降低1個等級，最低可降至3等；\n血盟等級降低後，血盟相關功能與福利，都將以降低後的新等級設定為準；\n血盟等級降低後，若血盟現有資源/經驗/人數溢出當前等級上限的，血盟將無法繼續增加資源/經驗/人數。\n4）血盟解散\n盟主可通過血盟管理員申請解散自己的血盟，血盟一旦解散，血盟倉庫、血盟福利倉庫內物品均會被銷毀，申請解散前請先處理好相關財物，以免造成損失。\n5）資源捐獻\n血盟中等級≥40等的成員可通過血盟資料界面上的「捐獻資源」按鈕向血盟捐獻金幣或誓約書增加血盟資源，捐獻資源可獲得一定量的血盟榮譽點。\n每名成員每天可為血盟捐獻的血盟資源有上限，達到上限後不可再捐獻；血盟資源達到上限值後也不再接受捐獻。\n6）經驗貢獻\n血盟中等級≥40等的成員日常練功時擊殺普通魔物或魔物頭目時，可為血盟增加一定數量的血盟經驗值。Boss魔物及活動地圖內的魔物無血盟經驗。\n每名成員每天可為血盟增加的血盟經驗有上限，達到上限後再擊殺魔物將不會為血盟增加經驗；血盟經驗達到上限值後也不再增加血盟經驗。\n\n4.血盟職等與管理權限\n1）職等：\n血盟職等共分6等，分別是盟主、盟副、守護、精英、盟眾、學徒；\n其中有管理權限的職等為盟主、盟副、守護，其餘職等無管理權限；\n每個血盟可以擁有1名盟主、2名盟副、4名守護，精英、盟眾和學徒以血盟人數為限；\n所有成員加入血盟時，默認職等為學徒。\n2）管理權限：\na、盟主：\n- 血盟公告編輯\n- 血盟升等\n- 血盟臨時維護\n- 血盟公共倉庫提取職等的設定\n- 血盟福利倉庫獎勵的派發\n- 最低入盟申請等級的設定\n- 入盟申請審批\n- 請離盟成員\n- 賦予稱謂\n- 血盟成員職等的提升/降低\n- 血盟聊天頻道的禁言/解禁\n- 解散血盟\n- 血盟降等\nb、盟副：\n- 血盟公告編輯\n- 血盟公共倉庫提取職等的設定\n- 入盟申請審批\n- 請離盟成員\n- 賦予稱謂\n- 血盟成員職等的提升/降低\n- 血盟聊天頻道的禁言/解禁\nc、守護：\n- 入盟申請審批\n- 賦予稱謂\n- 血盟聊天頻道的禁言/解禁\n\n5.血盟管理\n1）入盟申請審批\n血盟管理者可通過血盟界面-血盟管理中的「入盟審批」，對申請欄中的入盟申請進行審批，每份申請只可被審批一次，審批後即從申請列表中清除。每日10點會清空當前未被審批的入盟申請。\n2）成員管理\n血盟管理可通過血盟界面-血盟成員，對血盟成員進行職等任命、請離、賦予稱謂等管理操作；\n職等任命：血盟盟主和盟副可對血盟成員進行職等調整；\n請離：血盟管理可對血盟內無管理權限的成員進行請離操作，每日每血盟被請離的成員數有上限，達到上限時，不可繼續請離盟成員；血盟等級越高，每日可請離的血盟成員數上限越高；\n賦予稱謂：血盟管理可對血盟中職等不高於自己的人賦予稱謂；\n禁言：血盟管理可對血盟內職等低於自己的成員進行禁言或解禁言操作。\n3）血盟倉庫提取職等設定\n盟主可通過血盟界面-血盟管理中的「公共倉庫賦權」，設定公共倉庫的提取職等，血盟建立時該默認提取職等為盟眾。\n4）福利倉庫獎勵派發\n盟主可通過血盟界面-血盟管理中的「福利倉庫」，選擇「福利管理」，對福利倉庫中現有獎勵進行派發操作，每次可同時向多名成員各派發1份獎勵，每名成員每天只可被派獎一次。\n\n6.血盟倉庫\n血盟成員可通過血盟管理員使用血盟倉庫。\n血盟倉庫內的物品為血盟共有，但提取者需達到盟主或盟副設定的職等方可提取；\n存入無限制。\n\n7.血盟福利倉庫\n血盟福利倉庫用於存放血盟福利獎勵，血盟福利獎勵來源通常是以血盟為單位的常規挑戰活動、時效活動等。\n血盟成員可通過血盟界面-血盟管理，打開血盟福利倉庫，進行血盟獎勵記錄查看、領取；\n血盟盟主可通過「福利管理」對血盟獎勵進行派發；\n血盟維護失敗期間，血盟福利倉庫失效，盟主將無法進行獎勵派發操作，但不影響盟成員取出已被派發的獎勵。\n\n8.血盟福利-增益狀態\n血盟達到2等開始，血盟將提供血盟祝福領取，盟成員均可通過血盟界面-血盟資料的「領取祝福」，進入血盟祝福領取界面領取血盟祝福；\n血盟等級越高，血盟祝福效果越高，每日每名成員可領取祝福的次數也越多；\n每次領取祝福需消耗榮譽點，等級越高的血盟祝福需消耗越多榮譽點。\n\n9.退出血盟\n血盟成員可通過血盟成員列表，點擊選擇自己的名字，在彈出的功能菜單中選擇「退出血盟」，即可退出自己所在的血盟。\n有管理權限的血盟成員，需要先辭去血盟職務後方可進行退盟操作。\n"
tw_2104,"即將下載遊戲所需全部資源，建議在WIFI環境下進行下載。"
tw_2105,"客戶端版本:%s 資源版本:base"
tw_2106,"下次更新時間：%s"
tw_2107,"下次更新時間：%s 重置時間：%s"
tw_2108,"未上榜"
tw_2109,"排行榜"
tw_2110,"榜單類型"
tw_2111,"排名"
tw_2112,"名稱"
tw_2113,"盟旗"
tw_2114,"殺敵數"
tw_2115,"對門傷害"
tw_2116,"對塔傷害"
tw_2117,"經驗排行榜"
tw_2118,"全職業"
tw_2119,"王族"
tw_2120,"騎士"
tw_2121,"精靈"
tw_2122,"法師"
tw_2123,"暗夜精靈"
tw_2124,"攻城戰排行榜"
tw_2125,"單次殺敵數"
tw_2126,"單次傷害"
tw_2127,"本月殺敵數"
tw_2128,"本月傷害"
tw_2129,"排行榜未更新"
tw_2130,"英雄項錬 LV.7"
tw_2131,"強化等級≥安定值的裝備\n強化失敗不會降低强化等级"
tw_2132,"手機號碼:"
tw_2133,"驗證碼:"
tw_2134,"獲取驗證碼"
tw_2135,"\f3密碼長度應為6位數字"
tw_2136,"\f3確認密碼不一致，請重新確認輸入。"
tw_2137,"輸入密碼:"
tw_2138,"確認密碼:"
tw_2139,"原密碼:"
tw_2140,"新密碼:"
tw_2141,"確認新密碼:"
tw_2142,"請輸入6位數字密碼，並確保兩次輸入的內容完全一致。"
tw_2143,"密碼:"
tw_2144,"設置倉庫密碼"
tw_2145,"重置倉庫密碼"
tw_2146,"\f3注:密碼為6位有效數字"
tw_2147,"倉庫密碼"
tw_2148,"確認操作驗證"
tw_2149,"\f3你還沒實名認證"
tw_2150,"\f3你還沒綁定手機號"
tw_2151,"\f3你還沒設置密碼"
tw_2152,"解綁手機"
tw_2153,"設置密碼"
tw_2154,"重置密碼"
tw_2155,"忘記密碼"
tw_2156,"安全"
tw_2157,"推薦2說明\n優勢：超高的近戰物理爆發力\n劣勢：防禦較低，續航能力弱\n\n培養方向：\n1.高體暴力型\n武器選擇增加物理攻擊或武器有機率打出最大傷害的，防具選擇力量屬性裝備，後期覺醒暗影系，50等後的屬性點繼續分配至力量和體質上，將近戰物理輸出能力和爆發力發揮到極致，同時兼備生存能力。\n2.偏體兼敏暴力型\n武器選擇增加物理攻擊或武器有機率打出最大傷害的，防具選擇力量屬性裝備，後期覺醒暗影系，50等後的屬性點繼續分配至力量、體質和少量敏捷上，將近戰物理輸出能力和爆發力發揮到極致。\n3.偏體兼精暴力型\n武器選擇增加物理攻擊或武器有機率打出最大傷害的，防具選擇力量屬性裝備，後期覺醒暗影系，50等後的屬性點繼續分配至力量、體質和少量精神上，將近戰物理輸出能力和爆發力發揮到極致，同時兼備生存能力（魔法防禦）和續航能力。"
tw_2158,"推薦5說明\n優勢：持續的遠程物理輸出能力，同時有一定的近戰物理爆發力\n劣勢：防禦較低，續航能力弱\n\n培養方向：\n1.高體暴力型\n武器選擇增加物理攻擊的，防具選擇敏捷屬性裝備，後期覺醒詛咒系，50等後的屬性點繼續分配至敏捷和體質上，將持續的遠程物理輸出能力發揮到極致，同時兼備生存能力。\n2.偏體兼智暴力型\n武器選擇增加物理攻擊的，防具選擇敏捷屬性裝備，後期覺醒詛咒系，50等後的屬性點繼續分配至敏捷、體質和少量智力上，將持續的遠程物理輸出能力發揮到極致，同時略有魔力減免。\n3.偏體兼精暴力型\n武器選擇增加物理攻擊的，防具選擇敏捷屬性裝備，後期覺醒詛咒系，50等後的屬性點繼續分配至敏捷、體質和少量精神上，將持續的遠程物理輸出能力發揮到極致，同時兼備生存能力（魔法防禦）和續航能力。"
tw_2159,"Ⅰ"
tw_2160,"Ⅱ"
tw_2161,"Ⅲ"
tw_2162,"Ⅳ"
tw_2163,"Ⅴ"
tw_2164,"Ⅵ"
tw_2165,"\f22.11 防沉迷"
tw_2166,"期限"
tw_2167,"當前還沒有臨時魔法"
tw_2168,"全部魔法"
tw_2169,"\f3快捷鍵位置已鎖定"
tw_2170,"免費體驗"
tw_2171,"\f21.9 福利視窗"
tw_2172,"\f21.10 排行榜視窗"
tw_2173,"\f22.8.1 血盟"
tw_2174,"\f22.8.2 血盟小屋"
tw_2175,"\f22.8.3 攻城戰"
tw_2176,"\f22.14 福利系統"
tw_2177,"\f22.15 排行榜"
tw_2178,"PK數排行榜"
tw_2179,"PK人数"
tw_2180,"請先輸入內容"
tw_2181,"高級變形普通結晶"
tw_2182,"高級變形魔化結晶"
tw_2183,"終極變形結晶"
tw_2184,"變形結晶禮盒(優惠)"
tw_2185,"\f22.7.1 常見增益狀態(一)"
tw_2186,"\f22.7.2 常見增益狀態(二)"
tw_2187,"\f22.7.3 常見增益狀態(三)"
tw_2188,"\f22.7.4 常見增益狀態(四)"
tw_2189,"\f22.7.5 常見減益狀態"
tw_2190,"\f22.7.6 城堡祝福"
tw_2191,"\f22.7.7 盟屋祝福"
tw_2192,"\f22.7.8 血盟祝福"
tw_2193,"變形結晶"
tw_2194,"高級普通結晶"
tw_2195,"高級魔化結晶"
tw_2196,"終極結晶"
tw_2197,"最高元素強化等級：%u\n"
tw_2198,"\f4元素特化：物理/魔法攻擊時有%s%%的固定機率使目標緩速%s秒（僅對玩家有效）"
tw_2199,"\f4元素特化：物理/魔法攻擊時有%s%%的固定機率燒毀目標%s個增益狀態（僅對玩家有效）"
tw_2200,"\f4元素特化：物理/魔法攻擊時有%s%%的固定機率使目標禁療%s秒（僅對玩家有效）"
tw_2201,"\f4元素特化：物理/魔法攻擊時有%s%%的固定機率使目標石化%s秒（僅對玩家有效）"
tw_2202,"藍方陣營"
tw_2203,"紅方陣營"
tw_2204,"立即復活"
tw_2205,"剩餘%u次"
tw_2206,"\f2%u\f>秒後回到休息室"
tw_2207,"陣營"
tw_2208,"靈魂點數量"
tw_2209,"靈魂點排行榜"
tw_2210,"開戰時間"
tw_2211,"\f3團戰還未開始"
tw_2212,"\f22.16 元素強化"
tw_2213,"\f22.17 地獄懲罰"
tw_2214,"武器源晶的元素等級已超過武器可元素強化最大等級"
tw_2215,"最高強化等級：%+d\n"
tw_2216,"高級英雄紋章"
tw_2217,"%s額外魔傷: %+d\n"
tw_2218,"%s幸運: %+d\n"
tw_2219,"消耗 %s"
tw_2220,"\f3僅可寄賣\n"
tw_2221,"\f3僅可個人交易\n"
tw_2222,"\f>您未開通「天選勛章」功能，不能享受倒計時減半福利，是否確認開啟寶箱？"
tw_2223,"開通天選"
tw_2224,"取消"
tw_2225,"確定"
tw_2226,"下次不再提示"
tw_2227,"\f>是否消耗\\f2%s\f>跳過倒計時？"
tw_2228,"\f22.3 角色"
tw_2229,"\f22.3.1 新手保護"
tw_2230,"\f22.4.1 裝備"
tw_2231,"魂石板"
tw_2232,"經驗魔方禮盒"
tw_2233,"活動"
tw_2234,"商城"
tw_2235,"物品詳情"
tw_2236,"禮包詳情"
tw_2237,"寶箱詳情"
tw_2238,"充值"
tw_2239,"天選"
tw_2240,"天選描述"
tw_2241,"購買確認"
tw_2242,"你確定要購買此商品嗎？"
tw_2243,"購買"
tw_2244,"取消"
tw_2245,"日限購"
tw_2246,"周限購"
tw_2247,"月限購"
tw_2248,"限制購買"
tw_2249,"戰功"
tw_2250,"靈魂點"
tw_2251,"死神樂園排行榜"
tw_2252,"單次戰功"
tw_2253,"單次靈魂點"
tw_2254,"本月戰功"
tw_2255,"本月傷害"
tw_2256,"最大可使用箭矢等級:%d\n"
tw_2257,"箭矢等級:%d\n"
tw_2258,"\f3請在游戲內確認自己是否已實名認證和綁定手機號碼"
tw_2259,"\f3請先去設置倉庫密碼"
tw_2260,"行動力"
tw_2261,"戰鬥力"
tw_2262,"抵抗力"
tw_2263,"物理防禦%d\n"
tw_2264,"力量%+d\n"
tw_2265,"敏捷%+d\n"
tw_2266,"體質%+d\n"
tw_2267,"意志%+d\n"
tw_2268,"毅力%+d\n"
tw_2269,"智力%+d\n"
tw_2270,"命中抵抗%+d\n"
tw_2271,"遠程閃避%+d\n"
tw_2272,"魔攻%+d\n"
tw_2273,"魔防%+d\n"
tw_2274,"治癒%+d\n"
tw_2275,"體力上限%+d\n"
tw_2276,"魔力上限%+d\n"
tw_2277,"體力恢復%+d\n"
tw_2278,"魔力恢復%+d\n"
tw_2279,"水防%+d\n"
tw_2280,"火防%+d\n"
tw_2281,"風防%+d\n"
tw_2282,"土防%+d\n"
tw_2283,"抵抗暗盲%+d\n"
tw_2284,"抵抗冰凍%+d\n"
tw_2285,"抵抗沈默%+d\n"
tw_2286,"抵抗石化%+d\n"
tw_2287,"抵抗眩暈%+d\n"
tw_2288,"抵抗中毒%+d\n"
tw_2289,"遠程傷害%+d\n"
tw_2290,"遠程命中%+d\n"
tw_2291,"傷害減免%+d\n"
tw_2292,"魔傷減免%+d\n"
tw_2293,"物理傷害%+d\n"
tw_2294,"魔法傷害%+d\n"
tw_2295,"命中%+d\n"
tw_2296,"魔法命中%+d\n"
tw_2297,"稀有度降序"
tw_2298,"稀有度升序"
tw_2299,"等級降序"
tw_2300,"等級升序"
tw_2301,"等級升序"
tw_2302,"寶箱底座"
tw_2303,"卡箱"
tw_2304,"不能全選，已超過最大上限數"
tw_2305,"全部"
tw_2306,"行動力：%u"
tw_2307,"戰鬥力：%u"
tw_2308,"抵抗力：%u"
tw_2309,"隊長技能"
tw_2310,"職業："
tw_2311,"以卡組%s的%.2f%%轉化為角色%s，最大%+d點\n"
tw_2312,"LV %u/%u"
tw_2313,"羈絆"
tw_2314,"%s（突破至%u"
tw_2315,"解鎖）"
tw_2316,"體型：大"
tw_2317,"體型：小"
tw_2318,"剛體：是"
tw_2319,"剛體：否"
tw_2320,"種族：%s"
tw_2321,"無"
tw_2322,"弱點屬性：%s"
tw_2323,"出沒區域\n"
tw_2324,"掉落物品"
tw_2325,"鎖定"
tw_2326,"解鎖"
tw_2327,"加入卡冊"
tw_2328,"卡冊目錄"
tw_2329,"卡冊信息"
tw_2330,"卡片"
tw_2331,"怪物卡冊"
tw_2332,"背包卡片"
tw_2333,"怪物卡片"
tw_2334,"升級"
tw_2335,"突破"
tw_2336,"編輯卡片"
tw_2337,"卡片育成"
tw_2338,"卡片寶箱"
tw_2339,"放入寶箱"
tw_2340,"加速"
tw_2341,"開啟"
tw_2342,"加速卡箱時間"
tw_2343,"選擇其中一個方式加速卡箱"
tw_2344,"擴展"
tw_2345,"擴展卡冊欄"
tw_2346,"選擇其中一種方式擴展卡冊欄"
tw_2347,"已選素材 %u/%u"
tw_2348,"\f3請先選擇素材"
tw_2349,"素材"
tw_2350,"解鎖卡箱位置"
tw_2351,"升級信息"
tw_2352,"突破信息"
tw_2353,"突破素材"
tw_2354,"LV \f2%u\f>/%u"
tw_2355,"活力：%u \f2> %u"
tw_2356,"戰鬥力：%u \f2> %u"
tw_2357,"抵抗力：%u \f2> %u"
tw_2358,"信息"
tw_2359,"最大等級 LV%u -> \f2LV%u"
tw_2360,"%u張相同羈絆卡片可激活\n"
tw_2361,"成功幾率為%u%%"
tw_2362,"選擇素材"
tw_2363,"可嘗試解鎖"
tw_2364,"%u級"
tw_2365,"退戰"
tw_2366,"出戰"
tw_2367,"替換"
tw_2368,"激活"
tw_2369,"跳過等待"
tw_2370,"選擇其中一個方式跳過等待"
tw_2371,"需要消耗物品才能解鎖"
tw_2372,"開通"
tw_2373,"卡組抵抗力"
tw_2374,"卡組戰鬥力"
tw_2375,"卡組活力"
tw_2376,"卡組"
tw_2377,"卡組信息"
tw_2378,"開通天選可解鎖"
tw_2379,"消耗%d本誓約書可解鎖"
tw_2380,"解鎖卡組"
tw_2381,"解鎖卡槽"
tw_2382,"切換出戰卡組"
tw_2383,"切換出戰卡組後原本已生效的卡組將立即進入冷卻時間，\n 是否確定切換出戰卡組"
tw_2384,"卡組%d"
tw_2385,"替換卡片"
tw_2386,"LV%u"
tw_2387,"* 含手續費: %s \n* 請核對價格，購買後不可撤銷。"
tw_2388,"最低售價"
tw_2389,"最高售價"
tw_2390,"確認為你的血盟報名參與 \f=%s \f[的地下試驗場嗎？需要花費\n血盟經驗：%d\n血盟資源：%d"
tw_2391,"報名確認"
tw_2392,"入場"
tw_2393,"選擇"
tw_2394,"剩餘名額：%d"
tw_2395,"進行中"
tw_2396,"已結束"
tw_2397,"距入場還有：%d:%02d:%02d"
tw_2398,"請選擇參與場次（最低血盟等級要求：4；參與場次上限：1）："
tw_2399,"地下試驗場"
tw_2400,"競拍市場"
tw_2401,"參拍物品"
tw_2402,"關注物品"
tw_2403,"已結束競拍"
tw_2404,"競拍倉庫"
tw_2405,"\f3已結束物品競拍不能關注"
tw_2406,"\f3出價失敗，%s不足"
tw_2407,"此裝備已有高级保護"
tw_2408,"\f3推薦碼無效，請重新輸入"
tw_2409,"推薦福利"
tw_2410,"我的推薦碼：%u等可以生成推薦碼"
tw_2411,"我的推薦碼：%s"
tw_2412,"輸入次數：%u/%u"
tw_2413,"已激活"
tw_2414,"不可輸入"
tw_2415,"%u級前可輸入"
tw_2416,"推薦獎勵"
tw_2417,"輸入推薦碼："
tw_2418,"激活"
tw_2419,"報名結束"
tw_2420,"一、\fW新手福利\f>：\n1、獎勵對象：新建角色\n2、領取規則：\n- 建立角色當天為第1天，至第7天每天均有對應可領取的新手福利。\n- 福利可領取時，點擊[領取]按鈕即可領取當天全部獎勵，領取時請確保背包有足夠位置。\n- 當天的獎勵只能當天領取，當天未領取的獎勵將於當天23:59後過期不可再領取，無法補領。\n\n二、\fW回歸福利\f>：\n1、獎勵對象：等級≥40的回歸角色\n2、領取規則：\n- 距上次登入≥30天且等級≥40的角色，登入時將激活回歸福利。\n- 激活回歸福利當天為第1天，至第7天每天均有對應可領取的回歸福利。\n- 福利可領取時，點擊[領取]按鈕即可領取當天全部獎勵，領取時請確保背包有足夠位置。\n- 當天的獎勵只能當天領取，當天未領取的獎勵將於當天23:59後過期不可再領取，無法補領。\n\n三、\fW天選勳章專屬福利\f>：\n1、獎勵對象：天選勳章用戶賬號下所有角色\n2、領取規則：\n- 賬號已開通天選勳章服務，且處於服務生效期間最後一日零點前，該賬號下所有角色均可享受天選勳章專屬福利。\n- 天選勛章專屬福利每天均有對應可領取的福利。\n- 天選勛章專屬福利以自然月為週期，每月1號自動刷新並觸發。\n- 福利可領取時，點擊[領取]按鈕即可領取當天全部獎勵，領取時請確保背包有足夠位置。\n- 當天的獎勵只能當天領取，當天未領取的獎勵將於當天23:59後過期不可再領取，無法補領。\n- 若當天為天選勳章有效期最後一天，則當天凌晨零點起專屬福利即刻不可領取。\n\n四、\fW福利圖標\f>長期顯示，獎勵項除天選福利外，其他福利在無待領獎勵時，將不再顯示在列表中。\n\n五、\fW推薦獎勵\f>：\n1、獎勵對象：\n- 等級<40且輸入激活推薦碼的角色\n- 等級≥50的玩家\n2、領取規則：\n輸入推薦碼獎勵： \n- 輸入並激活推薦碼後，在獎勵領取領取期內，角色達到指定等級，即可領取獎勵。\n- 福利可領取時，點擊[領取]按鈕即可領取對應等級全部獎勵，領取時請確保背包有足夠位置。\n分享推薦碼獎勵：\n- 推薦人分享推薦碼後，當其他玩家輸入並激活推薦人的推薦碼，且角色達到指定等級，推薦人即可獲得獎勵。\n- 獎勵將通過系統郵件發放。\n- 同一推薦碼最多可被激活10次。"
tw_2421,"休息時間"
tw_2422,"是否馬上為你續訂15天誓約書期限？"
tw_2423,"你開通的「誓約書」服務已經到期失效，請及時續訂。"
tw_2424,"行動力：%+d\n"
tw_2425,"戰鬥力：%+d\n"
tw_2426,"抵抗力：%+d\n"
tw_2427,"物理防禦"
tw_2428,"力量"
tw_2429,"敏捷"
tw_2430,"體質"
tw_2431,"意志"
tw_2432,"毅力"
tw_2433,"智力"
tw_2434,"命中抵抗"
tw_2435,"遠程閃避"
tw_2436,"魔攻"
tw_2437,"魔防"
tw_2438,"治癒"
tw_2439,"體力上限"
tw_2440,"魔力上限"
tw_2441,"體力恢復"
tw_2442,"魔力恢復"
tw_2443,"水防"
tw_2444,"火防"
tw_2445,"風防"
tw_2446,"土防"
tw_2447,"抵抗暗盲"
tw_2448,"抵抗冰凍"
tw_2449,"抵抗沈默"
tw_2450,"抵抗石化"
tw_2451,"抵抗眩暈"
tw_2452,"抵抗中毒"
tw_2453,"遠程傷害"
tw_2454,"遠程命中"
tw_2455,"傷害減免"
tw_2456,"魔傷減免"
tw_2457,"物理傷害"
tw_2458,"魔法傷害"
tw_2459,"命中"
tw_2460,"魔法命中"
tw_2461,"冒險者稱號"
tw_2462,"稱號"
tw_2463,"顯示"
tw_2464,"屬性"
tw_2465,"永久"
tw_2466,"\fK屬　　性"
tw_2467,"\fK到期時間"
tw_2468,"\fK獲得方式"
tw_2469,"確定修改"
tw_2470,"死神樂園排行榜"
tw_2471,"單次戰功"
tw_2472,"單次靈魂點"
tw_2473,"本月戰功"
tw_2474,"本月靈魂點"
tw_2475,"開箱需時:"
tw_2476,"可開啟"
tw_2477,">%ld天"
tw_2478,">%ld時"
tw_2479,">%ld分"
tw_2480,"<1分"
tw_2481,"\fD你對 \f=%s \fD的攻擊觸發了武器特效，產生了 \f=%d 點傷害"
tw_2482,"\f=%s \fD對你的攻擊觸發了武器特效，你受到了 \f=%d 點傷害"
tw_2483,"\f3受到武器魔力的反作用力，你的武器被完全摧毀"
tw_2484,"贖回確認"
tw_2485,"是否確認消耗 \f=%s %s \f[贖回物品"
tw_2486,"代幣"
tw_2487,"金幣"
tw_2488,"請先選擇要贖回的物品"
tw_2489,"贖回消耗："
tw_2490,"贖回"
tw_2491,"贖回物品"
tw_2492,"隱私條款"
tw_2493,"稱號"
tw_2494,"當前軍階："
tw_2495,"榮譽值"
tw_2496,"(今天還可以獲取 \f=%d \f[點榮譽)"
tw_2497,"需要軍階：%s\n"
tw_2498,"軍階"
tw_2499,"榮耀值"
tw_2500,"榮耀排行榜"
tw_2501,"當前沒有物品可回購"
tw_2502,"代幣不足，是否前往購買頁面？"
tw_2503,"可以開啟"
tw_2504,"魂石"
tw_2505,"攻擊魂石"
tw_2506,"防禦魂石"
tw_2507,"特殊魂石"
tw_2508,"煉魂源晶"
tw_2509,"還未開孔"
tw_2510,"確定消耗 %d 顆 %s 鑲嵌在該孔位（不管鑲嵌成功或失敗，原有屬性都會消失）？"
tw_2511,"鑲嵌魂石"
tw_2512,"魂石板等级：Lv%d"
tw_2513,"提升等级"
tw_2514,"打孔"
tw_2515,"镶嵌魂石"
tw_2516,"\fK魂石板"
tw_2517,"魂石板"
tw_2518,"魂石板已升至最高等級"
tw_2519,"該位置已打孔"
tw_2520,"脛甲"
tw_2521,"名稱"
tw_2522,"資質"
tw_2523,"資質屬性:"
tw_2524,"資   質:"
tw_2525,"資質屬性:"
tw_2526,"活力"
tw_2527,"基礎屬性:"
tw_2528,"無"
tw_2529,"普通"
tw_2530,"高級"
tw_2531,"稀有"
tw_2532,"傳奇"
tw_2533,"史詩"
tw_2534,"出戰"
tw_2535,"收回"
tw_2536,"餵養"
tw_2537,"分解"
tw_2538,"完成"
tw_2539,"你將分解下列魔法娃娃，並獲得%u顆獸靈\n請問是否确认分解？\n%s"
tw_2540,"分解確認"
tw_2541,"確認分解"
tw_2542,"取消分解"
tw_2543,"保留當前等階: %u%% 升到下一階: %u%%"
tw_2544,"當前魔法娃娃還不能合成"
tw_2545,"找不到可以合成的魔法娃娃"
tw_2546,"一鍵添加"
tw_2547,"確認合成"
tw_2548,"丟棄"
tw_2549,"保留"
tw_2550,"洗煉"
tw_2551,"提升資質"
tw_2552,"當前"
tw_2553,"變化"
tw_2554,"全部"
tw_2555,"I"
tw_2556,"II"
tw_2557,"III"
tw_2558,"IV"
tw_2559,"V"
tw_2560,"背包數量"
tw_2561,"全部"
tw_2562,"合成"
tw_2563,"洗煉"
tw_2564,"魔法娃娃"
tw_2565,"娃娃"
tw_2566,"還未解鎖"
tw_2567,"合成素材裡包含有資質娃娃，確定合成？"
tw_2568,"確定"
tw_2569,"取消"
tw_2570,"未開放"
tw_2571,"兌換與合成"
tw_2572,"埃利亞工坊"
tw_2573,"謄寫"
tw_2574,"脛甲材料合成"
tw_2575,"兌換"
tw_2576,"脛甲製作"
tw_2577,"您暫時沒有魔法娃娃，可到馬洛斯城鎮內尋找洛米爾[魔法娃娃]獲取！"
tw_2578,"團體戰中，不能互動"
tw_2579,"延時寶箱"
tw_2580,"寶藏"
tw_2581,"This is a Random Treasure Box (RTB) type of item. When you use this item in your inventory, you will randomly obtain one of the items listed below. The percentage shown at the bottom means the chance of this item will appear when you open a RTB."
tw_2582,"Guaranteed"
tw_2583,"\f3該孔只能鑲嵌特殊魂石"
tw_2584,"\f22.18 魂石系統"
tw_2585,"　取消　|　重試登入　"
tw_2586,"限時優惠"
tw_2587,"折扣禮包"
tw_2588,"商城道具"
tw_2589,"天選會員"
tw_2590,"T Coin充值"
tw_2591,"%d 秒後退出遊戲，可以點擊取消按鈕取消退出操作"
tw_2592,"取消"
tw_2593,"登出"
tw_2594,"魔法卷軸"
tw_2595,"鎖定"
tw_2596,"切換娃娃鎖定狀態"
tw_2597,"請選擇要分解的娃娃"
tw_2598,"\f3不能選擇鎖定狀態的魔法娃娃"
tw_2599,"\f3鎖定狀態的魔法娃娃不能洗煉"
tw_2600,"Max Level"
tw_2601,"任務"
tw_2602,"挑戰令·白"
tw_2603,"挑戰令·綠"
tw_2604,"挑戰令·藍"
tw_2605,"誓約印章"
tw_2606,"隨從"
tw_2607,"組隊"
tw_2608,"隨從名片"
tw_2609,"\f22.19 魔法娃娃系統"
tw_2610,"四階魔力球"
tw_2611,"五階魔力球"
tw_2612,"魔力球碎片"
tw_2613,"Time left"
tw_2614,"Price:"
tw_2615,"Trophy"
tw_2616,"Collect"
tw_2617,"Give Up"
tw_2618,"(if you confirm to redeem this item, it can't be give up)"
tw_2619,"(if you confirm to give up this item, it can't be recover)"
tw_2620,"You have nothing to redeem.\nTap the [?] icon on the top right to know\nmore about Redeem."
tw_2621,"You have no trophy now.\nTap the [?] icon on the top right to know\nmore about Trophy."
tw_2622,"Rules about Redeem"
tw_2623,"Rules about Trophy"
tw_2624,"赎回系统规则_内容"
tw_2625,"战利品系统规则_内容"
tw_2626,"\f2鎖定的材料不能用於%s"
tw_2627,"Are you sure to use %u TC to purchase for %s?"
tw_2628,"泡點"
tw_2629,"Activate Premium"
tw_2630,"Teon Coin: %u"
tw_2631,"Are you sure to activate premium for Teon Coin: %u?"
tw_2632,"Are you sure to activate premium for %s?"
tw_2633,"You are now not Premium Member. You are not allow to put more than %u items at the same time. Do you want to activate Premium and continue selling?"
tw_2634,"Tolls: %.1f%%"
tw_2635,"分解後可獲得%u個獸靈"
tw_2636,"發送位置"
tw_2637,"Tolls:"
tw_2638,"Gains:"
tw_2639,"雇佣後獎勵安排"
tw_2640,"當攻城戰成功占領時，系統會根據當前頁面所設定的稅率，派發給參戰的玩家。"
tw_2641,"輸入分配稅率"
tw_2642,"輸入佣兵個人獎金"
tw_2643,"輸入每個佣兵個人獎金，最低金額為%u"
tw_2644,"金幣"
tw_2645,"最低金額為%u"
tw_2646,"Teon Coin"
tw_2647,"佣兵數量要求"
tw_2648,"佣兵等級要求"
tw_2649,"輸入需要招募的數量，上限為%u"
tw_2650,"輸入最低等級要求，最低下限為%u"
tw_2651,"招募"
tw_2652,"完成"
tw_2653,"已加入的僱傭兵列表"
tw_2654,"累積傷害 %u"
tw_2655,"承受傷害 %u"
tw_2656,"擊殺數量 %u"
tw_2657,"不招募選擇的佣兵"
tw_2658,"總獎金"
tw_2659,"要求等級"
tw_2660,"加入"
tw_2661,"招募中的血盟"
tw_2662,"已加入的血盟"
tw_2663,"不再征用"
tw_2664,"代號"
tw_2665,"最近戰績"
tw_2666,"預計獎勵"
tw_2667,"退回獎金:"
tw_2668,"領取"
tw_2669,"雇佣兵結算"
tw_2670,"日期"
tw_2671,"戰況"
tw_2672,"獎金分配"
tw_2673,"全部領取"
tw_2674,"獎金領取"
tw_2675,"%m月%d日"
tw_2676,"Allocation Suggest"
tw_2677,"\f23.1 Elf"
tw_2678,"\f23.2 Knight"
tw_2679,"\f23.3 Royal"
tw_2680,"\f23.4 Mage"
tw_2681,"\f23.5 Darkelf"
tw_2682,"Ransom & Loot"
tw_2683,"\f=只能對強化等級%d以下的防具使用"
tw_2684,"\f3裝備隱身斗篷和隱身狀態下不可接受傳送"
tw_2685,"This item is already overtime. You can't give it up or collect it any more."
tw_2686,"This item isn't ready. You can give it up or collect it until the redemption time is over."
tw_2687,"您的時間點數將超過上限 %d 點，無法購買。"
tw_2688,"時間點數計算規則"
tw_2689,"1、游戲區域分為付費區域與免費區域；\n2、進入付費區域之後開始消耗時間點數；\n3、在付費區域每1分鐘消耗1點時間點數；\n4、角色離線或者進入免費區域，則停止消耗時間點數；\n5、相同服務器下，同一賬號內所有角色共享時間點數；如想在多個服 務器進行游戲，需在各個服務器購買獨立的時間點數；\n6、如果玩家在兩個准備合服的服務器裡都有剩余的時間點數，則兩個 服務器剩余的時間點數會在合服之後累加。"
tw_2690,"蒂安幣使用範圍和規則"
tw_2691,"1、蒂安幣用於游戲中的部分增值服務，例如發送滾動條廣播、修改角色名稱、購買變身皮膚、和重置屬性點等；\n2、已購買的蒂安幣在同一賬號和服務器內的所有角色均可使用；\n3、角色轉移時，蒂安幣不會隨角色轉移；\n4、蒂安幣不可用於交易、購買游戲內道具、裝備等物品或用於兌換時間點數；\n5、購買前請確認清楚增值服務所需要的蒂安幣數量；\n6、最終解釋權歸官方所有。"
tw_2692,"你即將花費 %s 購買 \f=%d \f[點時間點數。\n\n首次充值額外獲贈 \f=%d \f[點時間點數。\n\n\f=首充雙倍點數只限第一筆充值，首充額度越大，優惠力度越大！\n\n\f[時間點數計費方式為每分鐘消耗\f=1\\f[點。\n詳細計費方式請點擊充值服務-時間點數頁面的(?)按鍵查看。"
tw_2693,"你即將花費 %s 購買 \f=%d \f[點時間點數。\n\n本次購買可獲贈 \f=%d \f[點時間點數。 \n\n時間點數計費方式為每分鐘消耗\f=1\f[點。\n詳細計費方式請點擊充值服務-時間點數頁面的(?)按鍵查看。"
tw_2694,"取消"
tw_2695,"購買"
tw_2696,"購買時間點數"
tw_2697,"首充"
tw_2698,"雙倍"
tw_2699,"點數"
tw_2700,"額外送："
tw_2701,"點"
tw_2702,"剩余時間點數：%d"
tw_2703,"時間點數"
tw_2704,"購買蒂安幣"
tw_2705,"你即將花費 %s 購買"
tw_2706,"\f=購買前請確認清楚增值服務所需要的蒂安幣數量；\n\f[蒂安幣用於游戲中的部分增值服務，例如發送滾動條廣播、修改角色 名稱、購買變身皮膚、和重置屬性點等；\n詳細計費方式請點擊充值服務-購買蒂安幣頁面的(?)按鍵查看。"
tw_2707,"您的蒂安幣數量將超過上限 %d 個，無法購買。"
tw_2708,"你還有 誓約書 訂單沒有完成，請先到對應的服務器完成訂單"
tw_2709,"你還有 點卡服 訂單沒有完成，請先到對應的服務器完成訂單"
tw_2710,"您已成功購買 \f=%d蒂安幣\f[ 。請前往【郵件】->【公告】，在郵件內 點擊領取按鈕提取您的蒂安幣。如遇網絡延遲等原因造成郵件收取滯後，請稍後再試或聯系客服。"
tw_2711,"購買成功"
tw_2712,"前往郵件"
tw_2713,"充值服務"
tw_2714,"你還有 蒂安幣 訂單沒有完成，請先到對應的服務器完成訂單"
tw_2715,"注意"
tw_2716,"\f=請檢查下您的裝備是否有元素強化或鑲嵌了符石，繼續操作不會返回元素或符石，確定嗎？"
tw_2717,"傳送鈴鐺"
tw_2718,"保護卷軸"
tw_2719,"\f=只能對強化等級%d以下的武器使用"
tw_2720,"你即將按照佣兵數%u人次，總獎金%u金幣發起佣兵招募，是否執行？"
tw_2721,"你即將按照佣兵數%u人次，總獎金%u金幣和%u代幣發起佣兵招募，是否執行？"
tw_2722,"金幣"
tw_2723,"跳过"
tw_2724,"冰霜變形結晶"
tw_2725,"魔法卷軸"
tw_2726,"一級"
tw_2727,"二級"
tw_2728,"三級"
tw_2729,"四級"
tw_2730,"五級"
tw_2731,"六級"
tw_2732,"祝福屈原靴"
tw_2733,"攤位"
tw_2734,"我的攤位"
tw_2735,"攤位名稱："
tw_2736,"下架"
tw_2737,"已上架"
tw_2738,"已出售(%d)"
tw_2739,"收攤"
tw_2740,"攤位記錄"
tw_2741,"當前沒有交易記錄"
tw_2742,"%s           %s 已出售，總價(%d)"
tw_2743,"上架"
tw_2744,"\f3已達欄位上限%d"
tw_2745,"售空"
tw_2746,"职业尚未开放"
tw_2747,"此服务器尚未开放此职业角色，请留意后续版本更新"
tw_2748,"\f2%u\f>秒後退出無限大戰"
tw_2749,"無限大戰還未開始"
tw_2750,"開戰時間"
tw_2751,"積分"
tw_2752,"積分排行榜"
tw_2753,"%s觸發概率:%+d%%\n"
tw_2754,"%s特效傷害:%+d\n"
tw_2755,"\f3總價超過上限，物品無法上架。"
tw_2756,"\f=%s \fD的攻擊沒有命中你"
tw_2757,"\fD你的攻擊沒有命中 \f=%s"
tw_2758,"\f>条件:轉生%d次後可使用\n"
tw_2759,"\f22.5 Element Enchant"
tw_2760,"該攤位商品已售空"
tw_2761,"好友准許"
tw_2762,"好友數量：%d/%d"
tw_2763,"黑名單數量：%d/%d"
tw_2764,"\fW19点初始力量\f>\n额外近战伤害+2\n额外近战命中+2\n额外负重能力+1\n\n\fW11点初始智力\f>\n额外魔耗减免+1\n\n\fW12点初始精神\f>\n额外魔法防御+1\n魔复药水效果+1\n\n配点点评：在获取最大物攻和近战命中加成的同时，还有配有魔耗减免以及增加魔复药水的效果。适合单练并且追求续航能力的王族玩家。升级时建议搭配魔法头盔:治愈。"
tw_2765,"\fW13点初始智力\f>\n魔法命中+1\n额外魔耗减免+2\n\n\fW16点初始精神\f>额外魔力回复量+2\n额外魔力成长+1\n额外魔法防御+2\n魔复药水效果+5\n\n配点点评：纯辅助型王族配点。后期配点主要增加智力，搭配魔法头盔:治愈以及王族职业魔法神圣牺牲，可以成为核心治疗角色。"
tw_2766,"\fW18点初始体质\f>\n体力回复量+4\n额外体力成长+3\n负重能力+1\n\n配点点评：血盟盟主配点方式。为了在攻城战中保有最大的存活可能性，将一切奉献在体力成长上。但是这个配点在练级过程当中效率会非常低下。不建议新手玩家选择。"
tw_2767,"\fW20点初始力量\f>\n额外近战伤害+4\n额外近战命中+4\n\n配点点评：主流攻击型骑士配点方式，非常出色的近战伤害。唯一缺点就是续航能力相对较差。"
tw_2768,"\fW18点初始体质\f>\n体力回复量+4\n额外体力成长+3\n负重能力+1\n\n配点点评：全游戏中血量最高的职业配点方式。在骑士这一职业本身的近战攻击能力就不会太差的前提下，这个配点方式可以最大限度靠体力回复来节省药水的开支。"
tw_2769,"\fW17点初始力量\f>\n额外近战伤害+2\n额外近战命中+2\n\n\fW15点初始体质\f>\n额外体力成长+1\n额外负重能力+1\n\n\fW13点初始敏捷\f>\n额外防御 -1\n防御成长从每7级-1缩短至每6级-1\n\n\fW9点初始智力\f>额外魔耗减免+1\n\n配点点评：尽可能获取最多初始点数额外奖励的配点方式。没有什么突出的地方，但是会比较容易上手。"
tw_2770,"\fK抵抗睡眠"
tw_2771,"剩餘時間點數：%d"
tw_2772,"熱賣"
tw_2773,"超值"
tw_2774,"是否購買下列商品？"
tw_2775,"是否開通下列權限？"
tw_2776,"商品:"
tw_2777,"權限:"
tw_2778,"贈送:"
tw_2779,"消耗:"
tw_2780,"您已開通次權限"
tw_2781,"開通"
tw_2782,"使用權"
tw_2783,"使用權已到期"
tw_2784,"開啟窗口後的提示信息"
tw_2785,"前搖倒數窗口的信息"
tw_2786,"後搖倒數窗口的信息"
tw_2787,"\fW18点初始敏捷\f>\n额外远程伤害+3\n额外远程命中+3\n额外防御-2\n\n\fW13点初始体质\f>\n额外体力成长+1\n\n配点点评：选择弓作为武器的精灵的推荐加点方式。拥有最高的远程命中和伤害，并且通过防御加成和体力成长加成增加生存能力。"
tw_2788,"\fW16点初始力量\f>\n额外近战伤害+2\n额外近战命中+2\n负重能力+2\n\n\fW14点初始智力\f>\n魔法命中+1\n魔法暴击率+2\n\n配点点评：以近战输出为主、魔法伤害为辅的魔法战士加点方式。16点初始力量已经足够取得精灵在初始力量中的所有额外收益，而额外负重能力可以让近战精灵携带更多的补给品。"
tw_2789,"\fW14点初始力量\f>\n额外近战伤害+2\n额外近战命中+2\n\n\fW16点初始智力\f>\n魔法命中+2\n魔法暴击率+4\n\n配点点评：推荐方案2的一种变异模式。虽然近战伤害相比没有太大变化，但是在降低负重能力的代价下，提高了一至六阶魔法的命中几率和暴击几率。更偏向于以魔法为主、近战为辅的辅助型配点。不推荐新手使用。"
tw_2790,"\fW16点初始力量\f>\n额外近战伤害+2\n额外近战命中+2\n负重能力+2\n\n\fW14点初始体质\f>\n体力回复+1\n额外体力成长+1\n\n配点点评：纯近战式配点，增加了体力量和体力回复量。推荐方案2的一种变异模式。"
tw_2791,"\fW12点初始力量\f>\n额外近战伤害+2\n额外近战命中+1\n负重能力+1\n\n\fW18点初始智力\f>\n额外魔法伤害+1\n魔法命中+1\魔法暴击率+8\n\n\fW18点初始精神\f>\n魔力回复量+3\n额外魔力成长+2\n魔法防御+1\n\n配点点评：标准精、智法师配点，还可配合近战攻击。推荐新手玩家使用。"
tw_2792,"\fW13点初始力量\f>\n\n额外近战伤害+2\n额外近战命中+2\n负重能力+1\n\n\fW16点初始体质\n额外体力成长+2\n负重能力+2\n\n\fW18点初始智力\f>\n额外魔法伤害+1\n魔法命中+1\魔法暴击率+8\n\n\fW13点初始精神\f>\n额外魔力成长+1\n\n配点点评：加大了生存能力和近战能力的力量型法师，能够同时使用近战和魔法打出伤害。"
tw_2793,"\fW13点初始力量\f>\n\n额外近战伤害+2\n额外近战命中+2\n负重能力+1\n\n\fW18点初始智力\f>\n额外魔法伤害+1\n魔法命中+1\魔法暴击率+8\n\n\fW13点初始精神\f>\n额外魔力成长+1\n\n\fW12点初始毅力\f>\n\n配点点评：召唤法师的初始配点模式。在确保早期能够顺利升级的同时，在学会迷魅、瘴怪或召唤术之后，最高可以同时带3只随从。"
tw_2794,"cn3配点规则（占位符）"
tw_2795,"%s抵抗睡眠: %+d\n"
tw_2796,"轉生"
tw_2797,"没有足够材料兑换"
tw_2798,"兑换积分"
tw_2799,"兑换"
tw_2800,"=%u 积分"
tw_2801,"积分界面上面描述内容"
tw_2802,"普通奖励"
tw_2803,"高级奖励"
tw_2804,"启用"
tw_2805,"消耗%s开启高级奖励"
tw_2806,"Play"
tw_2807,"广告内容描述"
tw_2808,"[%d]号书签组"
tw_2809,"需开通高级奖池"
tw_2810,"\f3魔法 冷却中"
tw_2811,"Advertising"
tw_2812,"職位貢獻經驗率沒有改變，請先調整！"
tw_2813,"職位貢獻經驗率每天只能調整%d次；每天上午10:00點刷新次數"
tw_2814,"輸入貢獻百分比"
tw_2815,"職位貢獻經驗率已調整，確定要保留設置嗎？\n職位貢獻經驗率每天只能調整%d次；每天上午10:00點刷新次數。"
tw_2816,"調整職位貢獻率"
tw_2817,"殺怪所獲得的經驗值會按照設定%貢獻給血盟經驗值"
tw_2818,"調整職位貢獻率"
tw_2819,"貢獻比例設置範圍為0~%d%%"
tw_2820,"調整"
tw_2821,"%d萬"
tw_2822,"在線人數：%d/%d"
tw_2823,"血盟職位：%s"
tw_2824,"職位貢獻經驗率：%d%%"
tw_2825,"累計貢獻經驗值：%d"
tw_2826,"你的血盟現在可以升級了。\n是否確定花費以下資源提升血盟等級："
tw_2827,"你的血盟尚未積累到足夠提升等級的經驗值。\n除了血盟經驗值，你還需准備以下資源用以提升血盟等級："
tw_2828,"血盟升級"
tw_2829,"新血盟規則"
tw_2830,"保密"
tw_2831,"升級"
tw_2832,"血盟等級："
tw_2833,"升級經驗："
tw_2834,"調整貢獻"
tw_2835,"最多保留%d 條信息；時間以服務器時間為准"
tw_2836,"血盟動態"
tw_2837,"職位"
tw_2838,"職業"
tw_2839,"等級"
tw_2840,"經驗貢獻"
tw_2841,"积分物品"
tw_2842,"盟主或副盟職位才能調整職位貢獻經驗率"
tw_2843,"\f22.14 灵魂转生"
tw_2844,"Reset"
tw_2845,"Remaining"
tw_2846,"开启第二套装备"
tw_2847,"30天聊天字体颜色"
tw_2848,"30天表情组%u"
tw_2849,"开启第%u套书签"
tw_2850,"%s隨從物攻:%+d\n"
tw_2851,"%s隨從命中:%+d\n"
tw_2852,"%s隨從魔攻:%+d\n"
tw_2853,"%s隨從防禦:%+d\n"
tw_2854,"%s隨從魔防:%+d\n"
tw_2855,"%s隨從血量:%+d\n"
tw_2856,"%s隨從物傷減免:%+d\n"
tw_2857,"%s隨從魔傷減免:%+d\n"
tw_2858,"贖回經驗"
tw_2859,"附近復活"
tw_2860,"是否消耗%u金幣贖回經驗?"
tw_2861,"是否洗禮：否"
tw_2862,"是否洗禮：是"
tw_2863,"轉生次數：%d"
tw_2864,"等級：%d"
tw_2865,"毅力：%d"
tw_2866,"體量：%d"
tw_2867,"未滿足召喚條件，召喚失敗"
tw_2868,"召喚目錄"
tw_2869,"當前體量/最大體量：%d/%d"
tw_2870,"當前毅力：%d"
tw_2871,"一鍵釋放"
tw_2872,"召喚"
tw_2873,"請選擇想要召喚的隨從"
tw_2874,"%s未知屬性:%+d\n"
tw_2875,"總獎勵時長: %d"
tw_2876,"戰友列表 （%d/%d)"
tw_2877,"戰友禮包"
tw_2878,"賬號累積充值%d元可領取%d時間點"
tw_2879,"共享獎勵"
tw_2880,"解除綁定"
tw_2881,"輸入招募令"
tw_2882,"條件不足"
tw_2883,"\f=------召喚條件------"
tw_2884,"定點復活"
tw_2885,"賣家已收攤"
tw_2886,"你已收攤"
tw_2887,"沒有可上架的物品"
tw_2888,"還沒到時間"
tw_2889,"圖鑒"
tw_2890,"查掉落"
tw_2891,"查資訊"
tw_2892,"領取獎勵"
tw_2893,"需開啟圖鑒才能查看"
tw_2894,"重置日期:%s"
tw_2895,"星級進度:%u/%u"
tw_2896,"等級:%u"
tw_2897,"地圖"
tw_2898,"怪物種類"
tw_2899,"怪物信息"
tw_2900,"怪物圖鑒"
tw_2901,"等級"
tw_2902,"防御"
tw_2903,"魔防"
tw_2904,"體力"
tw_2905,"魔力"
tw_2906,"大小"
tw_2907,"弱屬性"
tw_2908,"大"
tw_2909,"小"
tw_2910,"cn3变身描述-死亡骑士"
tw_2911,"cn3变身描述-暗魂骑士长枪手"
tw_2912,"cn3变身描述-暗魂骑士"
tw_2913,"cn3变身描述-暗魂骑士斧头手"
tw_2914,"cn3变身描述-螳螂人"
tw_2915,"cn3变身描述-熊地精"
tw_2916,"cn3变身描述-魅魔"
tw_2917,"cn3变身描述-狼人"
tw_2918,"cn3变身描述-人狼"
tw_2919,"cn3变身描述-邪恶长矛手"
tw_2920,"cn3变身描述-兽人战士"
tw_2921,"cn3变身描述-兽人"
tw_2922,"cn3变身描述-邪恶剑士"
tw_2923,"cn3变身描述-魅魔妖后"
tw_2924,"cn3变身描述-冰霜猎手"
tw_2925,"cn3变身描述-暗魂骑士弓箭手"
tw_2926,"cn3变身描述-熔岩弓箭手"
tw_2927,"cn3变身描述-暗黑精灵"
tw_2928,"cn3变身描述-兽人巡守"
tw_2929,"cn3变身描述-兽人弓箭手"
tw_2930,"cn3变身描述-布伦丹"
tw_2931,"cn3变身描述-黑长者"
tw_2932,"cn3变身描述-长者法师"
tw_2933,"cn3变身描述-巴风特"
tw_2934,"cn3变身描述-昂哥蜘蛛"
tw_2935,"cn3变身描述-侏儒"
tw_2936,"已激活"
tw_2937,"已升級"
tw_2938,"可激活"
tw_2939,"可升級"
tw_2940,"需求"
tw_2941,"天賦列表"
tw_2942,"天賦"
tw_2943,"天賦詳情"
tw_2944,"天賦列表"
tw_2945,"血盟天賦"
tw_2946,"剩餘天賦點數：%d"
tw_2947,"是否消耗 %d 點天賦數學習該天賦？"
tw_2948,"未激活"
tw_2949,"升級"
tw_2950,"可激活"
tw_2951,"盟"
tw_2952,"已經滿級"
tw_2953,"在線獎勵"
tw_2954,"在線獎勵規則 XXX"
tw_2955,"cn3属性点说明占位"
tw_2956,"cn3初始配点和后天配点说明占位"
tw_2957,"重置後不保留已有的洗煉屬性，確定要重置為五階魔力球？"
tw_2958,"重置"
tw_2959,"\f3鎖定的魔法娃娃不能重置"
tw_2960,"Mulit-Benefit in:\n-Charater\n-Communication\n-Gaming Interface\n-Trading\n"
tw_2961,"Click to view Benefits"
tw_2962,"Activate Premium"
tw_2963,"Collect Rewards"
tw_2964,"View all rewards"
tw_2965,"All Rewards"
tw_2966,"Benefits"
tw_2967,"Reset Time:%s"
tw_2968,"\fW====王族属性配点影响（临时占位）====\f>\n\n\f3初始属性所增加的能力为额外能力，升级加点或装备加点不会获得此额外加成\f>\n\n\fW初始力量（11~18）：\f>\n12点：近战伤害+1\n13点：近战伤害+1，\f2近战命中+1\f>\n14点：近战伤害\f2+2\f>，近战命中+1\n15点：近战伤害+2，近战命中\f2+2\f>\n16~18点：近战伤害+2，近战命中+2，\f2负重能力+2\f>\n\n\fW初始体质（12~18）：\f>\n13点：体力成长+1\n14点：体力成长+1，\f2体力回复量+1\f>\n15点：体力成长+1，体力回复量+1，\f2负重能力+2\f>\n16点：体力成长+1，体力回复量\f2+2\f>，负重能力+2\n17点：体力成长+1，体力回复量\f2+3\f>，负重能力+2\n18点：体力成长\f2+2\f>，体力回复量+3，负重能力+2\n\n\fW初始敏捷（12~18）：\f>\n13点：远程命中+2\n14点：远程命中+2，\f2远程伤害+2\f>\n15点：远程命中+2，远程伤害+2，\f2防御+1\f>\n16点：远程命中\f2+3\f>，远程伤害+2，防御+1\n17点：远程命中+3，远程伤害\f2+3\f>，防御+1\n18点：远程命中+3，远程伤害+3，防御\f2+2\f>\n\n\fW初始精神（12~18）：\f>\n13~14点：初始魔力值4点，魔法防御+1\n15点：初始魔力值4点，魔法防御\f2+2\f>，\f2魔力回复量+1\f>\n16~17点：初始魔力值\f26\f>点，魔法防御+2，魔力回复量+1，\f2魔力值成长+1\f>\n18点：初始魔力值\f26点\f>，魔法防御+2，魔力回复量\f2+2\f>，魔力值成长+1\n\n\fW初始智力（12~18）：\f>\n13点：魔法命中+1\n14点：魔法命中+1，\f2魔法暴击+2\f>\n15点：魔法命中\f2+2\f>，魔法暴击+2\n16~18点：魔法命中+2，\f2魔法暴击+4\f>\n\n\fW初始毅力（9~16）：\f>\n精灵毅力在召唤结算时，额外增加12点毅力点数。除此以外初始毅力无其它加成。"
tw_2969,"\fW====骑士属性配点影响（临时占位）====\f>\n\n\f3初始属性所增加的能力为额外能力，升级加点或装备加点不会获得此额外加成\f>\n\n\fW初始力量（11~18）：\f>\n12点：近战伤害+1\n13点：近战伤害+1，\f2近战命中+1\f>\n14点：近战伤害\f2+2\f>，近战命中+1\n15点：近战伤害+2，近战命中\f2+2\f>\n16~18点：近战伤害+2，近战命中+2，\f2负重能力+2\f>\n\n\fW初始体质（12~18）：\f>\n13点：体力成长+1\n14点：体力成长+1，\f2体力回复量+1\f>\n15点：体力成长+1，体力回复量+1，\f2负重能力+2\f>\n16点：体力成长+1，体力回复量\f2+2\f>，负重能力+2\n17点：体力成长+1，体力回复量\f2+3\f>，负重能力+2\n18点：体力成长\f2+2\f>，体力回复量+3，负重能力+2\n\n\fW初始敏捷（12~18）：\f>\n13点：远程命中+2\n14点：远程命中+2，\f2远程伤害+2\f>\n15点：远程命中+2，远程伤害+2，\f2防御+1\f>\n16点：远程命中\f2+3\f>，远程伤害+2，防御+1\n17点：远程命中+3，远程伤害\f2+3\f>，防御+1\n18点：远程命中+3，远程伤害+3，防御\f2+2\f>\n\n\fW初始精神（12~18）：\f>\n13~14点：初始魔力值4点，魔法防御+1\n15点：初始魔力值4点，魔法防御\f2+2\f>，\f2魔力回复量+1\f>\n16~17点：初始魔力值\f26\f>点，魔法防御+2，魔力回复量+1，\f2魔力值成长+1\f>\n18点：初始魔力值\f26点\f>，魔法防御+2，魔力回复量\f2+2\f>，魔力值成长+1\n\n\fW初始智力（12~18）：\f>\n13点：魔法命中+1\n14点：魔法命中+1，\f2魔法暴击+2\f>\n15点：魔法命中\f2+2\f>，魔法暴击+2\n16~18点：魔法命中+2，\f2魔法暴击+4\f>\n\n\fW初始毅力（9~16）：\f>\n精灵毅力在召唤结算时，额外增加12点毅力点数。除此以外初始毅力无其它加成。"
tw_2970,"\fW====法师属性配点影响（临时占位）====\f>\n\n\f3初始属性所增加的能力为额外能力，升级加点或装备加点不会获得此额外加成\f>\n\n\fW初始力量（11~18）：\f>\n12点：近战伤害+1\n13点：近战伤害+1，\f2近战命中+1\f>\n14点：近战伤害\f2+2\f>，近战命中+1\n15点：近战伤害+2，近战命中\f2+2\f>\n16~18点：近战伤害+2，近战命中+2，\f2负重能力+2\f>\n\n\fW初始体质（12~18）：\f>\n13点：体力成长+1\n14点：体力成长+1，\f2体力回复量+1\f>\n15点：体力成长+1，体力回复量+1，\f2负重能力+2\f>\n16点：体力成长+1，体力回复量\f2+2\f>，负重能力+2\n17点：体力成长+1，体力回复量\f2+3\f>，负重能力+2\n18点：体力成长\f2+2\f>，体力回复量+3，负重能力+2\n\n\fW初始敏捷（12~18）：\f>\n13点：远程命中+2\n14点：远程命中+2，\f2远程伤害+2\f>\n15点：远程命中+2，远程伤害+2，\f2防御+1\f>\n16点：远程命中\f2+3\f>，远程伤害+2，防御+1\n17点：远程命中+3，远程伤害\f2+3\f>，防御+1\n18点：远程命中+3，远程伤害+3，防御\f2+2\f>\n\n\fW初始精神（12~18）：\f>\n13~14点：初始魔力值4点，魔法防御+1\n15点：初始魔力值4点，魔法防御\f2+2\f>，\f2魔力回复量+1\f>\n16~17点：初始魔力值\f26\f>点，魔法防御+2，魔力回复量+1，\f2魔力值成长+1\f>\n18点：初始魔力值\f26点\f>，魔法防御+2，魔力回复量\f2+2\f>，魔力值成长+1\n\n\fW初始智力（12~18）：\f>\n13点：魔法命中+1\n14点：魔法命中+1，\f2魔法暴击+2\f>\n15点：魔法命中\f2+2\f>，魔法暴击+2\n16~18点：魔法命中+2，\f2魔法暴击+4\f>\n\n\fW初始毅力（9~16）：\f>\n精灵毅力在召唤结算时，额外增加12点毅力点数。除此以外初始毅力无其它加成。"
tw_2971,"\fW====黑妖属性配点影响（临时占位）====\f>\n\n\f3初始属性所增加的能力为额外能力，升级加点或装备加点不会获得此额外加成\f>\n\n\fW初始力量（11~18）：\f>\n12点：近战伤害+1\n13点：近战伤害+1，\f2近战命中+1\f>\n14点：近战伤害\f2+2\f>，近战命中+1\n15点：近战伤害+2，近战命中\f2+2\f>\n16~18点：近战伤害+2，近战命中+2，\f2负重能力+2\f>\n\n\fW初始体质（12~18）：\f>\n13点：体力成长+1\n14点：体力成长+1，\f2体力回复量+1\f>\n15点：体力成长+1，体力回复量+1，\f2负重能力+2\f>\n16点：体力成长+1，体力回复量\f2+2\f>，负重能力+2\n17点：体力成长+1，体力回复量\f2+3\f>，负重能力+2\n18点：体力成长\f2+2\f>，体力回复量+3，负重能力+2\n\n\fW初始敏捷（12~18）：\f>\n13点：远程命中+2\n14点：远程命中+2，\f2远程伤害+2\f>\n15点：远程命中+2，远程伤害+2，\f2防御+1\f>\n16点：远程命中\f2+3\f>，远程伤害+2，防御+1\n17点：远程命中+3，远程伤害\f2+3\f>，防御+1\n18点：远程命中+3，远程伤害+3，防御\f2+2\f>\n\n\fW初始精神（12~18）：\f>\n13~14点：初始魔力值4点，魔法防御+1\n15点：初始魔力值4点，魔法防御\f2+2\f>，\f2魔力回复量+1\f>\n16~17点：初始魔力值\f26\f>点，魔法防御+2，魔力回复量+1，\f2魔力值成长+1\f>\n18点：初始魔力值\f26点\f>，魔法防御+2，魔力回复量\f2+2\f>，魔力值成长+1\n\n\fW初始智力（12~18）：\f>\n13点：魔法命中+1\n14点：魔法命中+1，\f2魔法暴击+2\f>\n15点：魔法命中\f2+2\f>，魔法暴击+2\n16~18点：魔法命中+2，\f2魔法暴击+4\f>\n\n\fW初始毅力（9~16）：\f>\n精灵毅力在召唤结算时，额外增加12点毅力点数。除此以外初始毅力无其它加成。"
tw_2972,"\f3出戰中的魔法娃娃不能重置"
tw_2973,"更換"
tw_2974,"全部"
tw_2975,"默認頭像框"
tw_2976,"更換頭像框"
tw_2977,"使用"
tw_2978,"\f3你暂时无法移动"
tw_2979,"可製作次數%d/%d"
tw_2980,"請先選擇血盟戰旗"
tw_2981,"請先輸入旗號"
tw_2982,"你的血盟沒有足夠的天賦點數"
tw_2983,"首領類怪物不支持查詢資訊。"
tw_2984,"\fK攻速加成"
tw_2985,"\fK移速加成"
tw_2986,"%s抵抗麻痹: %+d\n"
tw_2987,"\fK抵抗麻痹"
tw_2988,"當前無廣告可用，請稍後再試。"
tw_2989,"Renew Now"
tw_2990,"个人交易"
tw_2991,"血盟增員"
tw_2992,"增加血盟成員上限。\n效果可與【公開演說】和【亂世梟雄】疊加。\n\nLv.1 血盟成員上限 +1\nLv.2 血盟成員上限 +2\nLv.3 血盟成員上限 +3\nLv.4 血盟成員上限 +4\nLv.5 血盟成員上限 +5"
tw_2993,"公開演說"
tw_2994,"增加血盟成員上限。\n效果可與【血盟增員】和【亂世梟雄】疊加。\n\nLv.1 血盟成員上限 +2\nLv.2 血盟成員上限 +4\nLv.3 血盟成員上限 +6\nLv.4 血盟成員上限 +8\nLv.5 血盟成員上限 +10"
tw_2995,"亂世梟雄"
tw_2996,"增加血盟成員上限。\n效果可與【血盟增員】和【公開演說】疊加。\n\nLv.1 血盟成員上限 +3\nLv.2 血盟成員上限 +6\nLv.3 血盟成員上限 +9\nLv.4 血盟成員上限 +12\nLv.5 血盟成員上限 +15"
tw_2997,"城堡宣戰"
tw_2998,"在攻城戰開啟時，可以在承保管理員處進行【宣戰】的操作。\n\n此天賦無法升級。"
tw_2999,"快速成長"
tw_3000,"提升血盟成員在擊殺NPC時所獲得的經驗值\n效果可與【頓悟】疊加\n\nLv.1 經驗值提升 1%\nLv.2 經驗值提升 2%\nLv.3 經驗值提升 3%\nLv.4 經驗值提升 4%\nLv.5 經驗值提升 5%"
tw_3001,"血盟小屋"
tw_3002,"可租賃血盟小屋；各規模的血盟小屋效果可與盟屋競拍主持人了解。\n\nLv.1 可租賃初級盟屋\nLv.2 可租賃中級盟屋\nLv.3 可租賃高級盟屋"
tw_3003,"恢復經驗"
tw_3004,"增加盟屋內傳教士所恢復的經驗的百分比\n\nLv.1 恢復的經驗量從50%提升至55%\nLv.2 恢復的經驗量提升至60%\nLv.3 恢復的經驗量提升至65%\nLv.4 恢復的經驗量提升至70%\nLv.5 恢復的經驗量提升至75%\nLv.6 恢復的經驗量提升至80%"
tw_3005,"頓悟"
tw_3006,"提升血盟成員在擊殺NPC時所獲得的經驗值\n效果可與【快速成長】疊加\n\nLv.1 經驗值提升 5%\nLv.2 經驗值提升 10%\nLv.3 經驗值提升 15%"
tw_3007,"地監標記"
tw_3008,"血盟成員額外獲得專門用於記錄地監坐標的書簽；使用受祝福的隨機傳送卷軸可以快速傳送到該書簽標記的地點\n\nLv.1 擁有1個地監書簽\nLv.1 擁有2個地監書簽\nLv3 擁有3個地監書簽"
tw_3009,"戰鬥潛能"
tw_3010,"血盟習得【戰鬥潛能】天賦後，血盟成員便可在盟屋內購買並使用【潛能激活藥水】。使用卷軸後30分鐘內，每次攻擊均有3%激活潛能。潛能激活之後持續30秒，並且在持續期間，不會再激活同一等級的潛能。\n\nLv.1 隨機激活以下兩種潛能中的一種：\n 精准潛能：近戰/遠程命中 +2，額外魔傷+2\n 靈巧潛能：遠程回避+5，魔法防御+5 \n\nLv.2 隨機激活以下兩種潛能中的一種：\n 攻擊潛能：近戰/遠程傷害+2，魔攻+2\n 防御潛能：防御-4\n 可與Lv.1的潛能共存。\n\nLv.3 隨機激活以下兩種潛能中的一種：\n 堅韌潛能：物傷減免 +2，魔傷減免 +2\n 王者潛能：地、水、火、風元素抗性+5，眩暈抗性+5\n 可與 Lv.1 和 Lv.2 的潛能共存。"
tw_3011,"(null)"
tw_3012,"适龄提示"
tw_3013,"稀有頭像"
tw_3014,"特殊頭像"
tw_3015,"限量頭像"
tw_3016,"等級獎勵"
tw_3017,"頭像佔用"
tw_3018,"Null"
tw_3019,"\fR土"
tw_3020,"\f3火"
tw_3021,"\f1水"
tw_3022,"風"
tw_3023,"硬皮"
tw_3024,"\fA內存不足"
tw_3025,"\fH內存低下"
tw_3026,"破壞者項鏈"
tw_3027,"\f3不可使用"
tw_3028,"低內存顯示"
tw_3029,"\f3不可裝備\f"
tw_3030,"开启PK提醒:"
tw_3031,"\fC你正被 \f=%s \fC袭击，开启PK模式方可反击"
tw_3032,"立即开启PK模式？"
tw_3033,"显示经验掉落:"
tw_3034,"\fH距離：跟隨武器"
tw_3035,"没有任何修改，请先修改"
tw_3036,"请先选择盟旗"
tw_3037,"请先输入盟名"
tw_3038,"请先输入盟旗名"
tw_3039,"本次血盟管理你将消耗以下资源"
tw_3040,"确定"
tw_3041,"限%d个字符"
tw_3042,"基础信息"
tw_3043,"血盟战旗"
tw_3044,"制作材料"
tw_3045,"基础信息"
tw_3046,"血盟战旗"
tw_3047,"预览"
tw_3048,"手续费"
tw_3049,"修改信息"
tw_3050,"免费"
tw_3051,"创建血盟"
tw_3052,"血盟管理"
tw_3053,"该地图不可打开福利"
tw_3054,"\f22.20 怪物圖鑒系統"
tw_3055,"时"
tw_3056,"分"
tw_3057,"禮包領取等級： %d ~ %d"
tw_3058,"禮包領取最小等級： %d"
tw_3059,"禮包領取最大等級： %d"
tw_3060,"当前无可用福利奖励，敬请期待"
tw_3061,"你的背包格數已滿，請盡快清理"
tw_3062,"登陆奖励"
tw_3063,"未解锁"
tw_3064,"稱號解鎖憑證"
tw_3065,"未满足奖励条件，无法领取"
tw_3066,"\fC你正被 \f=%s \fC使用  \f=%s \fC技能袭击，开启PK模式方可反击"
tw_3067,"分解"
tw_3068,"我的招募令：%s"
tw_3069,"是否解除战友关系？"
tw_3070,"战友累积充值达%d元，你也可获得%d时间点哦"
tw_3071,"战友获得招募奖励同时，你也可获得%d时间点哦"
tw_3072,"費用問題"
tw_3073,"招募赚时间[点击了解]"
tw_3074,"摆摊将会解除变形"
tw_3075,"%s金額"
tw_3076,"含稅金額"
tw_3077,"附魔強化"
tw_3078,"附魔結晶"
tw_3079,"確定強化"
tw_3080,"已經達到最高附魔強化等級"
tw_3081,"\fW請選擇防具附魔效果類型"
tw_3082,"\f3金幣不足"
tw_3083,"\f3附魔結晶不足"
tw_3084,"尚未放入用於附魔強化的防具"
tw_3085,"尚未選擇將要強化的附魔效果類型"
tw_3086,"一道金光閃過，附魔強化\f2成功\f>，防具的附魔強化\f2等級+1\f>"
tw_3087,"一道白光閃過，附魔強化\f2成功\f>，幸運的是附魔強化等級並未下降"
tw_3088,"一道黑光閃過，附魔強化\f3失敗\f>，武器的附魔強化等級降為1級"
tw_3089,"\f4---------- 附魔強化 ---------\n"
tw_3090,"\f4等級: %d級%s\n"
tw_3091,"\f4減少傷害: %+d\n"
tw_3092,"物傷減免[PVP]"
tw_3093,"魔傷減免[PVP]"
tw_3094,"最高附魔等級：+%u\n"
tw_3095,"%s物傷減免[PVP]:%+d\n"
tw_3096,"%s魔傷減免[PVP]:%+d\n"
tw_3097,"\f2附魔等級: %d\n"
tw_3098,"\f2附魔屬性: %s\n"
tw_3099,"\fK物理暴擊"
tw_3100,"\fK魔法暴擊"
tw_3101,"%s物理暴擊:+%d%%\n"
tw_3102,"%s魔法暴擊:+%d%%\n"
tw_3103,"選擇\n類型"
tw_3104,"放入\n防具"
tw_3105,"成功升到下一級：%0.2f%%， 成功等級不變：%0.2f%%"
tw_3106,"成功升到下一級：%0.2f%%， 成功等級不變：%0.2f%%， 失敗重置等級：%0.2f%%"
tw_3107,"無損強化(失敗不降等)"
tw_3108,"強化規則標題xx"
tw_3109,"強化規則內容xx"
tw_3110,"\f22.21 附魔強化系統"
tw_3111,"\f2每次失敗將提高成功概率：%.2f%%\n成功率提升上限為：%.2f%%\n直至製作成功後重置回初始成功概率"
tw_3112,"確認要批准玩家"%s"進入血盟嗎？"
tw_3113,"\n\f3(需要扣除人員調整費用%d金幣，後續調整費用將遞增，下週日0點重置回初始費用)"
tw_3114,"無法再通過強化更改類型，可通過後續的附魔轉換系統或提取靈晶後重新強化"
tw_3115,"血盟人員調整次數：%d/%d"
tw_3116,"重置時間：%s"
tw_3117,"提煉靈晶"
tw_3118,"靈晶"
tw_3119,"提煉結果"
tw_3120,"確定消耗[%s]進行該操作嗎？"
tw_3121,"融合靈晶"
tw_3122,"融合結果"
tw_3123,"放入靈晶"
tw_3124,"轉換靈晶"
tw_3125,"附魔防具"
tw_3126,"轉換結果"
tw_3127,"確定轉換"
tw_3128,"盟名"
tw_3129,"旗名"
tw_3130,"血盟管理說明"
tw_3131,"血盟管理規則:首先，我们需要一个策划"
tw_3132,"使用擺攤寶寶"
tw_3133,"擺攤寶寶"
tw_3134,"(寶寶)"
tw_3135,"寶寶攤位"
tw_3136,"請於左邊選擇希望查看的訊息類型"
tw_3137,"訊息類型"
tw_3138,"紀錄"
tw_3139,"當前無寶寶攤位"
tw_3140,"本次修改消耗一次免费修改次数"