tw_0,NULL
tw_1,應許之島
tw_2,應許之島西北
tw_3,應許之島北
tw_4,應許之島碼頭
tw_5,應許之島西
tw_6,應許之島贖罪場
tw_7,應許村
tw_8,應許村
tw_9,應許村
tw_10,應許村
tw_11,應許之島田園
tw_12,應許村
tw_13,應許村
tw_14,應許之島東北
tw_15,應許之島西南
tw_16,應許村
tw_17,應許村
tw_18,應許村
tw_19,應許之島魔法書屋
tw_20,應許之島南
tw_21,應許之島東
tw_22,應許之島寵物場
tw_23,應許之島東南
tw_24,應許之島地監1層
tw_25,應許之島地監2層
tw_26,卡珊特拉居所
tw_27,伊丁大陸
tw_28,邱里普勒格頓河畔
tw_29,德雷克山嶽西
tw_30,德雷克山嶽西北
tw_31,德雷克山嶽北
tw_32,德雷克山嶽西南
tw_33,德雷克山嶽中
tw_34,德雷克山嶽東北
tw_35,阿克倫河畔
tw_36,德雷克山嶽南
tw_37,德雷克山嶽東南
tw_38,德雷克山嶽東
tw_39,騎特拉地區西
tw_40,騎特拉地區西北
tw_41,騎特拉地區北
tw_42,勒特河畔
tw_43,精靈園林西
tw_44,精靈園林西北
tw_45,精靈園林北
tw_46,騎特拉地區西南
tw_47,騎特拉城鎮西
tw_48,騎特拉城鎮西北
tw_49,騎特拉城鎮北
tw_50,騎特拉地區東北
tw_51,騎特拉城鎮
tw_52,騎特拉地區東
tw_53,騎特拉地區南
tw_54,騎特拉城鎮西南
tw_55,騎特拉城鎮東北
tw_56,精靈園林神殿
tw_57,騎特拉城鎮南
tw_58,騎特拉城鎮東
tw_59,精靈園林西南
tw_60,精靈園林
tw_61,精靈園林東北
tw_62,騎特拉城鎮東南
tw_63,精靈園林南
tw_64,沙棘木地區西
tw_65,沙棘木地區西北
tw_66,沙棘木地區北
tw_67,馬洛斯地區西
tw_68,精靈園林東南
tw_69,精靈園林東
tw_70,妖魔地區西
tw_71,沙棘木地區中
tw_72,馬洛斯地區西北
tw_73,馬洛斯地區北
tw_74,妖魔地區西北
tw_75,妖魔地區北
tw_76,沙棘木地區綠洲
tw_77,腐爛沼澤
tw_78,勒那沼澤
tw_79,馬洛斯地區東北
tw_80,沙棘木地區西南
tw_81,馬洛斯地區中
tw_82,勒那沼澤神殿
tw_83,沙棘木地區東北
tw_84,腐爛沼澤深處
tw_85,勒那沼澤深處
tw_86,妖魔地區麥田
tw_87,妖魔城堡西
tw_88,妖魔城堡西北
tw_89,妖魔城堡北
tw_90,妖魔地區東北
tw_91,馬洛斯地區西南
tw_92,妖魔地區西南
tw_93,妖魔城堡
tw_94,妖魔城堡東北
tw_95,沙棘木地區南
tw_96,沙棘木地區東
tw_97,妖魔村西
tw_98,妖魔村西北
tw_99,妖魔村北
tw_100,妖魔城堡西南
tw_101,妖魔城堡東
tw_102,沙棘木地區東南
tw_103,妖魔村西南
tw_104,妖魔村
tw_105,妖魔村東北
tw_106,妖魔城堡南
tw_107,妖魔城堡東南
tw_108,沙棘木城堡西
tw_109,沙棘木城堡西北
tw_110,沙棘木城堡北
tw_111,馬洛斯地區南
tw_112,馬洛斯地區東南
tw_113,妖魔村南
tw_114,妖魔村東
tw_115,妖魔地區東
tw_116,沙棘木城堡
tw_117,沙棘木村西
tw_118,沙棘木村西北
tw_119,沙棘木村北
tw_120,馬洛斯地區東
tw_121,妖魔村東南
tw_122,妖魔地區東南
tw_123,沙棘木城堡西南
tw_124,沙棘木城堡東北
tw_125,沙棘木村
tw_126,馬洛斯城鎮西
tw_127,馬洛斯城鎮西北
tw_128,馬洛斯城鎮北
tw_129,妖魔地區南
tw_130,妖魔地區神殿
tw_131,沙棘木村西南
tw_132,沙棘木村東北
tw_133,馬洛斯城鎮西南
tw_134,馬洛斯城鎮
tw_135,馬洛斯城鎮東北
tw_136,沙棘木城堡南
tw_137,沙棘木城堡東
tw_138,沙棘木村南
tw_139,沙棘木村東
tw_140,馬洛斯城鎮南
tw_141,馬洛斯城鎮東
tw_142,沙棘木城堡東南
tw_143,沙棘木村東南
tw_144,馬洛斯碼頭
tw_145,馬洛斯城鎮東南
tw_146,應許之島往伊丁的船
tw_147,伊丁往應許之島的船
tw_148,馬洛斯地監1層
tw_149,馬洛斯地監2層
tw_150,馬洛斯地監3層
tw_151,馬洛斯地監4層
tw_152,馬洛斯地監5層
tw_153,馬洛斯地監6層
tw_154,馬洛斯地監7層
tw_155,古老的逃避隧道
tw_156,達特福德城堡內城
tw_157,瓦爾妲居所
tw_158,精靈地監1層
tw_159,精靈地監2層
tw_160,精靈地監3層
tw_161,沙棘木城堡地監1層
tw_162,沙棘木城堡地監2層
tw_163,騎特拉地監1層
tw_164,騎特拉地監2層
tw_165,騎特拉地監3層
tw_166,騎特拉地監4層
tw_167,沙棘木城堡內城
tw_168,德雷克山嶽地監1層
tw_169,德雷克山嶽地監2層
tw_170,德雷克山嶽地監3層
tw_171,德雷克山嶽地監4層
tw_172,德雷克山嶽地監5層
tw_173,德雷克山嶽地監6層
tw_174,年獸洞穴
tw_175,勞華城堡內城
tw_176,勞華地監1層
tw_177,勞華地監2層
tw_178,勞華地監3層
tw_179,勞華地監4層
tw_180,水淩林地監1層
tw_181,水淩林地監2層
tw_182,水淩林地監3層
tw_183,水淩林地監4層
tw_184,水淩林城堡內城
tw_185,利維亞坦洞穴
tw_186,沙漠蟻洞1-1
tw_187,沙漠蟻洞1-2
tw_188,沙漠蟻洞1-3
tw_189,沙漠蟻洞1-4
tw_190,沙漠蟻洞1-5
tw_191,沙漠蟻洞1-6
tw_192,沙漠蟻洞2-1
tw_193,沙漠蟻洞2-2
tw_194,沙漠蟻洞2-3
tw_195,沙漠蟻洞3
tw_196,蟻后巢穴
tw_197,迷失之林深處
tw_198,伊丁之極西北
tw_199,迷失之林
tw_200,傳送魔法陣
tw_201,伊丁之極西南
tw_202,帕特神廟
tw_203,伊丁之極東北
tw_204,伊丁之極南
tw_205,伊丁之極東南
tw_206,歷時盤
tw_207,伊丁豐碑
tw_208,伊丁之極東
tw_209,馬洛斯酒店
tw_210,馬洛斯酒店
tw_211,馬洛斯酒店
tw_212,馬洛斯酒店
tw_213,馬洛斯酒店
tw_214,沙漠地區酒店
tw_215,沙漠地區酒店
tw_216,沙漠地區酒店
tw_217,沙漠地區酒店
tw_218,沙漠地區酒店
tw_219,應許村酒店
tw_220,應許村酒店
tw_221,應許村酒店
tw_222,應許村酒店
tw_223,應許村酒店
tw_224,測試專用圖
tw_225,勒那沼澤中
tw_226,德雷克山嶽
tw_227,混亂角鬥場
tw_228,淪陷的伊丁之極
tw_229,薇薇安的地下試驗場
tw_230,"自然之地"
tw_231,"馬洛斯地區"
tw_232,"沙棘木"
tw_233,"一等領地"
tw_234,"二等領地"
tw_235,"三等領地"
tw_236,"魔物的巢穴"
tw_237,"通往神棄之島的船"
tw_238,"神棄之島"
tw_239,"次元裂縫"
tw_240,"試煉之地"
tw_241,"巨龍巢穴"
tw_242,"冰雪之地"
tw_243,"神秘谷"
tw_244,"狩獵山脈"
tw_245,"水淩林城鎮"
tw_246,"水淩林城鎮東"
tw_247,"水淩林城鎮南"
tw_248,"水淩林城鎮西"
tw_249,"水淩林城鎮北"
tw_250,"水淩林城鎮東北"
tw_251,"水淩林城鎮東南"
tw_252,"水淩林城鎮西北"
tw_253,"水淩林城鎮西南"
tw_254,"水淩林城堡"
tw_255,"水淩林城堡西北"
tw_256,"水淩林城堡西南"
tw_257,"水淩林城堡南"
tw_258,"水淩林城堡北"
tw_259,"鏡子森林"
tw_260,"海底城堡1層"
tw_261,"海底城堡2層"
tw_262,"海底城堡3層"
tw_263,"海底深淵"
tw_264,"鏡子森林東"
tw_265,"鏡子森林南"
tw_266,"鏡子森林西"
tw_267,"鏡子森林北"
tw_268,"鏡子森林東南"
tw_269,"鏡子森林西南"
tw_270,"鏡子森林東北"
tw_271,"鏡子森林西北"
tw_272,"水淩林城堡東北"
tw_273,"水淩林城堡東南"
tw_274,"水淩林城堡東"
tw_275,"水淩林城堡西"
tw_276,"水淩林地區"
tw_277,"隱藏之谷·諾"
tw_278,"隱藏之谷·誓"
tw_279,"隱藏之谷·Ⅲ"
tw_280,"隱藏之谷·誓Ⅰ"
tw_281,"隱藏之谷·誓Ⅱ"
tw_282,"隱藏之谷·誓Ⅲ"
tw_283,"隱藏之谷·誓Ⅳ"
tw_284,"伊娃之島"
tw_285,"紅岩煉獄"
tw_286,"達特福德地區"
tw_287,"火山地區"
tw_288,"達特福德旅館"
tw_289,"侏儒城堡旅館"
tw_290,"達特福德地區東"
tw_291,"達特福德地區南"
tw_292,"達特福德地區西"
tw_293,"達特福德地區北"
tw_294,"達特福德地區東南"
tw_295,"達特福德地區東北"
tw_296,"達特福德地區西南"
tw_297,"達特福德地區西北"
tw_298,"達特福德城堡"
tw_299,"達特福德城堡東"
tw_300,"達特福德城堡南"
tw_301,"達特福德城堡西"
tw_302,"達特福德城堡北"
tw_303,"達特福德城堡東南"
tw_304,"達特福德城堡東北"
tw_305,"達特福德城堡西南"
tw_306,"達特福德城堡西北"
tw_307,"達特福德城鎮"
tw_308,"達特福德城鎮東"
tw_309,"達特福德城鎮南"
tw_310,"達特福德城鎮西"
tw_311,"達特福德城鎮北"
tw_312,"達特福德城鎮東南"
tw_313,"達特福德城鎮東北"
tw_314,"達特福德城鎮西南"
tw_315,"達特福德城鎮西北"
tw_316,"侏儒城堡"
tw_317,"侏儒城堡東"
tw_318,"侏儒城堡南"
tw_319,"侏儒城堡西"
tw_320,"侏儒城堡北"
tw_321,"侏儒城堡東南"
tw_322,"侏儒城堡東北"
tw_323,"侏儒城堡西南"
tw_324,"侏儒城堡西北"
tw_325,"格勞龍火山東"
tw_326,"格勞龍火山南"
tw_327,"格勞龍火山西"
tw_328,"格勞龍火山北"
tw_329,"格勞龍火山東南"
tw_330,"格勞龍火山東北"
tw_331,"格勞龍火山西南"
tw_332,"格勞龍火山西北"
tw_333,"格勞龍火山中部"
tw_334,"聚寶島"
tw_335,"冰雪之地·II"
tw_336,"血盟小屋"
tw_337,"深淵地獄"
tw_338,"格勞龍火山地監1層"
tw_339,"格勞龍火山地監2層"
tw_340,"死神樂園休息室"
tw_341,"死神樂園戰場"
tw_342,"應許之島地監"
tw_343,"馬洛斯地監"
tw_344,"精靈地監"
tw_345,"沙棘木城堡地監"
tw_346,"騎特拉地監"
tw_347,"德雷克山嶽地監"
tw_348,"勞華地監"
tw_349,"海底城堡"
tw_350,"沙漠蟻洞"
tw_351,"格勞龍火山地監"
tw_352,"馬洛斯城鎮"
tw_353,"妖魔地區"
tw_354,"妖魔城堡內城"
tw_355,"虛空之境"
tw_356,"隕落之墟"
tw_357,"守望之地"
tw_358,"追憶之島"
tw_359,"勞華地區"
tw_360,"海賊墓地"
tw_361,"勞華城堡"
tw_362,"勞華城鎮"
tw_363,"聖劍教堂遺址"
tw_364,"勞華地區酒店"
tw_365,"泡泡堂"
tw_366,"殺戮之地"
tw_367,"殺戮之地休息室"
tw_368,"海賊島"
tw_369,"海賊島島礁"
tw_370,"海賊島南"
tw_371,"海賊島西北"
tw_372,"海賊島北"
tw_373,"海賊島東北"
tw_374,"海賊島東"
tw_375,"海賊島碼頭"
tw_376,"海賊島西岸"
tw_377,"海賊島西"
tw_378,"海賊島地監1層"
tw_379,"海賊島地監2層"
tw_380,"海賊島地監"
tw_381,"密室"
tw_382,"水淩林旅館"
tw_383,"蠻原島"
tw_384,"無限戰場"
