cn_0,NULL
cn_1,应许之岛
cn_2,应许之岛西北
cn_3,应许之岛北
cn_4,应许之岛码头
cn_5,应许之岛西
cn_6,应许之岛赎罪场
cn_7,应许村
cn_8,应许村
cn_9,应许村
cn_10,应许村
cn_11,应许之岛田园
cn_12,应许村
cn_13,应许村
cn_14,应许之岛东北
cn_15,应许之岛西南
cn_16,应许村
cn_17,应许村
cn_18,应许村
cn_19,应许之岛魔法书屋
cn_20,应许之岛南
cn_21,应许之岛东
cn_22,应许之岛宠物场
cn_23,应许之岛东南
cn_24,应许之岛地监1层
cn_25,应许之岛地监2层
cn_26,卡珊特拉居所
cn_27,伊丁大陆
cn_28,邱里普勒格顿河畔
cn_29,德雷克山岳西
cn_30,德雷克山岳西北
cn_31,德雷克山岳北
cn_32,德雷克山岳西南
cn_33,德雷克山岳中
cn_34,德雷克山岳东北
cn_35,阿克伦河畔
cn_36,德雷克山岳南
cn_37,德雷克山岳东南
cn_38,德雷克山岳东
cn_39,骑特拉地区西
cn_40,骑特拉地区西北
cn_41,骑特拉地区北
cn_42,勒特河畔
cn_43,精灵园林西
cn_44,精灵园林西北
cn_45,精灵园林北
cn_46,骑特拉地区西南
cn_47,骑特拉城镇西
cn_48,骑特拉城镇西北
cn_49,骑特拉城镇北
cn_50,骑特拉地区东北
cn_51,骑特拉城镇
cn_52,骑特拉地区东
cn_53,骑特拉地区南
cn_54,骑特拉城镇西南
cn_55,骑特拉城镇东北
cn_56,精灵园林神殿
cn_57,骑特拉城镇南
cn_58,骑特拉城镇东
cn_59,精灵园林西南
cn_60,精灵园林
cn_61,精灵园林东北
cn_62,骑特拉城镇东南
cn_63,精灵园林南
cn_64,沙棘木地区西
cn_65,沙棘木地区西北
cn_66,沙棘木地区北
cn_67,马洛斯地区西
cn_68,精灵园林东南
cn_69,精灵园林东
cn_70,妖魔地区西
cn_71,沙棘木地区中
cn_72,马洛斯地区西北
cn_73,马洛斯地区北
cn_74,妖魔地区西北
cn_75,妖魔地区北
cn_76,沙棘木地区绿洲
cn_77,腐烂沼泽
cn_78,勒那沼泽
cn_79,马洛斯地区东北
cn_80,沙棘木地区西南
cn_81,马洛斯地区中
cn_82,勒那沼泽神殿
cn_83,沙棘木地区东北
cn_84,腐烂沼泽深处
cn_85,勒那沼泽深处
cn_86,妖魔地区麦田
cn_87,妖魔城堡西
cn_88,妖魔城堡西北
cn_89,妖魔城堡北
cn_90,妖魔地区东北
cn_91,马洛斯地区西南
cn_92,妖魔地区西南
cn_93,妖魔城堡
cn_94,妖魔城堡东北
cn_95,沙棘木地区南
cn_96,沙棘木地区东
cn_97,妖魔村西
cn_98,妖魔村西北
cn_99,妖魔村北
cn_100,妖魔城堡西南
cn_101,妖魔城堡东
cn_102,沙棘木地区东南
cn_103,妖魔村西南
cn_104,妖魔村
cn_105,妖魔村东北
cn_106,妖魔城堡南
cn_107,妖魔城堡东南
cn_108,沙棘木城堡西
cn_109,沙棘木城堡西北
cn_110,沙棘木城堡北
cn_111,马洛斯地区南
cn_112,马洛斯地区东南
cn_113,妖魔村南
cn_114,妖魔村东
cn_115,妖魔地区东
cn_116,沙棘木城堡
cn_117,沙棘木村西
cn_118,沙棘木村西北
cn_119,沙棘木村北
cn_120,马洛斯地区东
cn_121,妖魔村东南
cn_122,妖魔地区东南
cn_123,沙棘木城堡西南
cn_124,沙棘木城堡东北
cn_125,沙棘木村
cn_126,马洛斯城镇西
cn_127,马洛斯城镇西北
cn_128,马洛斯城镇北
cn_129,妖魔地区南
cn_130,妖魔地区神殿
cn_131,沙棘木村西南
cn_132,沙棘木村东北
cn_133,马洛斯城镇西南
cn_134,马洛斯城镇
cn_135,马洛斯城镇东北
cn_136,沙棘木城堡南
cn_137,沙棘木城堡东
cn_138,沙棘木村南
cn_139,沙棘木村东
cn_140,马洛斯城镇南
cn_141,马洛斯城镇东
cn_142,沙棘木城堡东南
cn_143,沙棘木村东南
cn_144,马洛斯码头
cn_145,马洛斯城镇东南
cn_146,应许之岛往伊丁的船
cn_147,伊丁往应许之岛的船
cn_148,马洛斯地监1层
cn_149,马洛斯地监2层
cn_150,马洛斯地监3层
cn_151,马洛斯地监4层
cn_152,马洛斯地监5层
cn_153,马洛斯地监6层
cn_154,马洛斯地监7层
cn_155,古老的逃避隧道
cn_156,达特福德城堡内城
cn_157,瓦尔妲居所
cn_158,精灵地监1层
cn_159,精灵地监2层
cn_160,精灵地监3层
cn_161,沙棘木城堡地监1层
cn_162,沙棘木城堡地监2层
cn_163,骑特拉地监1层
cn_164,骑特拉地监2层
cn_165,骑特拉地监3层
cn_166,骑特拉地监4层
cn_167,沙棘木城堡内城
cn_168,德雷克山岳地监1层
cn_169,德雷克山岳地监2层
cn_170,德雷克山岳地监3层
cn_171,德雷克山岳地监4层
cn_172,德雷克山岳地监5层
cn_173,德雷克山岳地监6层
cn_174,年兽洞穴
cn_175,劳华城堡内城
cn_176,劳华地监1层
cn_177,劳华地监2层
cn_178,劳华地监3层
cn_179,劳华地监4层
cn_180,水淩林地监1层
cn_181,水淩林地监2层
cn_182,水淩林地监3层
cn_183,水淩林地监4层
cn_184,水淩林城堡内城
cn_185,利维亚坦洞穴
cn_186,沙漠蚁洞1-1
cn_187,沙漠蚁洞1-2
cn_188,沙漠蚁洞1-3
cn_189,沙漠蚁洞1-4
cn_190,沙漠蚁洞1-5
cn_191,沙漠蚁洞1-6
cn_192,沙漠蚁洞2-1
cn_193,沙漠蚁洞2-2
cn_194,沙漠蚁洞2-3
cn_195,沙漠蚁洞3
cn_196,蚁后巢穴
cn_197,迷失之林深处
cn_198,伊丁之极西北
cn_199,迷失之林
cn_200,传送魔法阵
cn_201,伊丁之极西南
cn_202,帕特神庙
cn_203,伊丁之极东北
cn_204,伊丁之极南
cn_205,伊丁之极东南
cn_206,历时盘
cn_207,伊丁丰碑
cn_208,伊丁之极东
cn_209,马洛斯酒店
cn_210,马洛斯酒店
cn_211,马洛斯酒店
cn_212,马洛斯酒店
cn_213,马洛斯酒店
cn_214,沙漠地区酒店
cn_215,沙漠地区酒店
cn_216,沙漠地区酒店
cn_217,沙漠地区酒店
cn_218,沙漠地区酒店
cn_219,应许村酒店
cn_220,应许村酒店
cn_221,应许村酒店
cn_222,应许村酒店
cn_223,应许村酒店
cn_224,测试专用图
cn_225,勒那沼泽中
cn_226,德雷克山岳
cn_227,混乱角斗场
cn_228,沦陷的伊丁之极
cn_229,邪恶洞窟
cn_230,"自然之地"
cn_231,"马洛斯地区"
cn_232,"沙棘木"
cn_233,"一等领地"
cn_234,"二等领地"
cn_235,"三等领地"
cn_236,"魔物的巢穴"
cn_237,"通往神弃之岛的船"
cn_238,"神弃之岛"
cn_239,"次元裂缝"
cn_240,"试炼之地"
cn_241,"巨龙巢穴"
cn_242,"冰雪之地·I"
cn_243,"狩猎山脉·I"
cn_244,"狩猎山脉·II"
cn_245,"水淩林城镇"
cn_246,"水淩林城镇东"
cn_247,"水淩林城镇南"
cn_248,"水淩林城镇西"
cn_249,"水淩林城镇北"
cn_250,"水淩林城镇东北"
cn_251,"水淩林城镇东南"
cn_252,"水淩林城镇西北"
cn_253,"水淩林城镇西南"
cn_254,"水淩林城堡"
cn_255,"水淩林城堡西北"
cn_256,"水淩林城堡西南"
cn_257,"水淩林城堡南"
cn_258,"水淩林城堡北"
cn_259,"镜子森林"
cn_260,"海底城堡1层"
cn_261,"海底城堡2层"
cn_262,"海底城堡3层"
cn_263,"海底深渊"
cn_264,"镜子森林东"
cn_265,"镜子森林南"
cn_266,"镜子森林西"
cn_267,"镜子森林北"
cn_268,"镜子森林东南"
cn_269,"镜子森林西南"
cn_270,"镜子森林东北"
cn_271,"镜子森林西北"
cn_272,"水淩林城堡东北"
cn_273,"水淩林城堡东南"
cn_274,"水淩林城堡东"
cn_275,"水淩林城堡西"
cn_276,"水淩林地区"
cn_277,"隐藏之谷·Ⅰ"
cn_278,"隐藏之谷·Ⅱ"
cn_279,"隐藏之谷·Ⅲ"
cn_280,"隐藏之谷·誓Ⅰ"
cn_281,"隐藏之谷·誓Ⅱ"
cn_282,"隐藏之谷·誓Ⅲ"
cn_283,"隐藏之谷·誓Ⅳ"
cn_284,"伊娃之岛"
cn_285,"红岩炼狱"
cn_286,"达特福德地区"
cn_287,"火山地区"
cn_288,"达特福德旅馆"
cn_289,"侏儒城堡旅馆"
cn_290,"达特福德地区东"
cn_291,"达特福德地区南"
cn_292,"达特福德地区西"
cn_293,"达特福德地区北"
cn_294,"达特福德地区东南"
cn_295,"达特福德地区东北"
cn_296,"达特福德地区西南"
cn_297,"达特福德地区西北"
cn_298,"达特福德城堡"
cn_299,"达特福德城堡东"
cn_300,"达特福德城堡南"
cn_301,"达特福德城堡西"
cn_302,"达特福德城堡北"
cn_303,"达特福德城堡东南"
cn_304,"达特福德城堡东北"
cn_305,"达特福德城堡西南"
cn_306,"达特福德城堡西北"
cn_307,"达特福德城镇"
cn_308,"达特福德城镇东"
cn_309,"达特福德城镇南"
cn_310,"达特福德城镇西"
cn_311,"达特福德城镇北"
cn_312,"达特福德城镇东南"
cn_313,"达特福德城镇东北"
cn_314,"达特福德城镇西南"
cn_315,"达特福德城镇西北"
cn_316,"侏儒城堡"
cn_317,"侏儒城堡东"
cn_318,"侏儒城堡南"
cn_319,"侏儒城堡西"
cn_320,"侏儒城堡北"
cn_321,"侏儒城堡东南"
cn_322,"侏儒城堡东北"
cn_323,"侏儒城堡西南"
cn_324,"侏儒城堡西北"
cn_325,"格劳龙火山东"
cn_326,"格劳龙火山南"
cn_327,"格劳龙火山西"
cn_328,"格劳龙火山北"
cn_329,"格劳龙火山东南"
cn_330,"格劳龙火山东北"
cn_331,"格劳龙火山西南"
cn_332,"格劳龙火山西北"
cn_333,"格劳龙火山中部"
cn_334,"聚宝岛"
cn_335,"冰雪之地·II"
cn_336,"血盟小屋"
cn_337,"深渊地狱"
cn_338,"格劳龙火山地监1层"
cn_339,"格劳龙火山地监2层"
cn_340,"阵营战休息室"
cn_341,"杀戮战场"
cn_342,"应许之岛地监"
cn_343,"马洛斯地监"
cn_344,"精灵地监"
cn_345,"沙棘木城堡地监"
cn_346,"骑特拉地监"
cn_347,"德雷克山岳地监"
cn_348,"劳华地监"
cn_349,"海底城堡"
cn_350,"沙漠蚁洞"
cn_351,"格劳龙火山地监"
cn_352,"马洛斯城镇"
cn_353,"妖魔地区"
cn_354,"妖魔城堡内城"
cn_355,"虚空之境"
cn_356,"陨落之墟"
cn_357,"守望之地"
cn_358,"追忆之岛"
cn_359,"劳华地区"
cn_360,"影魂岛"
cn_361,"劳华城堡"
cn_362,"劳华城镇"
cn_363,"圣剑教堂遗址"
cn_364,"劳华旅馆"
cn_365,"泡泡堂"
cn_366,"杀戮之地"
cn_367,"杀戮之地休息室"
cn_368,"海贼岛"
cn_369,"海贼岛岛礁"
cn_370,"海贼岛南"
cn_371,"海贼岛西北"
cn_372,"海贼岛北"
cn_373,"海贼岛东北"
cn_374,"海贼岛东"
cn_375,"海贼岛码头"
cn_376,"海贼岛西岸"
cn_377,"海贼岛西"
cn_378,"海贼岛地监1层"
cn_379,"海贼岛地监2层"
cn_380,"海贼岛地监"
cn_381,"密室"
cn_382,"水淩林旅馆"
cn_383,"诺玛尔达藏地"
cn_384,"无限战场"
cn_385,"无限战场休息室"
cn_386,"沙漠蚁洞1层"
cn_387,"沙漠蚁洞2层"
cn_388,"沙漠蚁洞3层"
cn_389,"重力领域·Ⅰ"
cn_390,"重力领域·Ⅱ"
cn_391,"重力领域·Ⅲ"
cn_392,"沙棘木城堡地监1层"
cn_393,"沙棘木城堡地监2层"
cn_394,"永恒之岛"
cn_395,"永恒之岛·I"
cn_396,"永恒之岛·Ⅱ"
cn_397,"永恒之岛·Ⅲ"