cn_0,一刀两断的,卫维恩
cn_1,一心一意的,卫斯理
cn_2,一气呵成的,大卫
cn_3,一丝不苟的,山姆
cn_4,一团和气的,山迪
cn_5,一言为定的,门罗
cn_6,一身正气的,马丁
cn_7,一往无前的,马文
cn_8,一表人才的,马卡斯
cn_9,一视同仁的,马休
cn_10,一诺千金的,马伦
cn_11,一清二白的,马西
cn_12,一腔热情的,马丽娜
cn_13,一谦四益的,马克
cn_14,一蹶不振的,马克斯
cn_15,七手八脚的,马库斯
cn_16,七彩的,马里恩
cn_17,七嘴八舌的,马里奥
cn_18,人山人海的,马杰里
cn_19,人多势众的,马科斯
cn_20,人定胜天的,马修
cn_21,人面兽心的,马特
cn_22,人面善心的,马勒第兹
cn_23,八面威风的,马歇尔
cn_24,刀快水滚的,马德琳
cn_25,刁钻古怪的,丹尼
cn_26,力挽狂澜的,丹尼丝
cn_27,十年寒窗的,丹尼尔
cn_28,十指连心的,丹尼斯
cn_29,万人空巷的,内丽
cn_30,万众一心的,切尔西
cn_31,万劫不辞的,切莉
cn_32,万念俱灰的,尤兰达
cn_33,三弯九转的,尤尔
cn_34,三思而行的,尤朵拉
cn_35,义无反顾的,尤利塞斯
cn_36,于心不忍的,尤杜拉
cn_37,亡羊补牢的,尤里西斯
cn_38,千娇百媚的,尤妮丝
cn_39,口出不逊的,尤金
cn_40,口是心非的,尤莱亚
cn_41,口若悬河的,尤菲米娅
cn_42,土黄的,巴尔克
cn_43,大刀阔斧的,巴伦
cn_44,大义灭亲的,巴克
cn_45,大义凛然的,巴里
cn_46,大大的,巴里特
cn_47,大公无私的,巴奈特
cn_48,大方的,巴泽尔
cn_49,大发慈悲的,巴罗
cn_50,大巧若拙的,巴特
cn_51,大步流星的,巴特勒
cn_52,大胆泼辣的,巴顿
cn_53,大胆的,巴萨罗穆
cn_54,大智大勇的,巴德
cn_55,大智若愚的,戈登
cn_56,大摇大摆的,扎克
cn_57,大腹便便的,扎克利
cn_58,子虚乌有的,文森
cn_59,寸草不留的,文森特
cn_60,小小的,比尔
cn_61,小心谨慎的,比利
cn_62,小心翼翼的,比其尔
cn_63,山眉水眼的,比阿特丽斯
cn_64,干净的,牛顿
cn_65,干净的,贝丝
cn_66,干脆利索的,贝尔
cn_67,干脆利落的,贝亚特
cn_68,才华出众的,贝克
cn_69,才华横溢的,贝拉
cn_70,才思敏捷的,贝芙丽
cn_71,才高八斗的,贝洛克
cn_72,门庭若市的,贝基
cn_73,飞扬跋扈的,贝斯
cn_74,飞舞的,贝琪
cn_75,飞檐走壁的,贝琳达
cn_76,马到成功的,贝蒂
cn_77,不为瓦全的,韦尔伯
cn_78,不仁不义的,韦伯斯特
cn_79,不吝指教的,韦纳尔
cn_80,不忘沟壑的,韦勃
cn_81,不学无术的,韦恩
cn_82,不屈不挠的,丘奇
cn_83,不败的,丝柏凌
cn_84,不骄不躁的,丝特拉
cn_85,不耻下问的,丝特芬妮
cn_86,不敢告劳的,丝特勒
cn_87,不欺暗室的,丝塔茜
cn_88,与人为善的,仙蒂
cn_89,专心致志的,以利亚
cn_90,专注的,以赛亚
cn_91,专横跋扈的,以撒
cn_92,丹心的,兰迪
cn_93,为人耿直的,兰斯
cn_94,为非作歹的,兰德尔
cn_95,为富不仁的,冉斯登
cn_96,乌黑黑的,加文
cn_97,互相支持的,加比
cn_98,互相体谅的,加尔
cn_99,五彩的,加布力尔
cn_100,仁至义尽的,加百利
cn_101,仁慈善良的,加西亚
cn_102,从谏如流的,加里
cn_103,从善如流的,加斯克尔
cn_104,公正的,加菲尔德
cn_105,凶凶的,卡门
cn_106,凶相毕露的,卡尔
cn_107,凶恶暴躁的,卡尔文
cn_108,凶神恶煞的,卡米尔
cn_109,凶煞煞的,卡玛
cn_110,办事仔细的,卡拉
cn_111,化险为夷的,卡洛儿
cn_112,友好的,卡洛斯
cn_113,双瞳剪水的,卡洛琳
cn_114,天生丽质的,卡珊多拉
cn_115,天穹的,卡特
cn_116,天苍的,卡特里娜
cn_117,天青的,卡特琳
cn_118,天真无邪的,卡梅伦
cn_119,天真的,卡斯帕
cn_120,天真活泼的,卡萝
cn_121,天真烂漫的,卡瑞达
cn_122,天蓝的,卡瑞娜
cn_123,幻想的,卡蜜拉
cn_124,开心见诚的,卢
cn_125,开诚布公的,卢克
cn_126,开诚相见的,卢修斯
cn_127,开朗大方的,古斯塔夫
cn_128,开朗的,可妮莉雅
cn_129,心口不一的,史丹
cn_130,心口如一的,史丹尼
cn_131,心心相印的,史丹佛
cn_132,心平气和的,史考特
cn_133,心地光明的,史帝文
cn_134,心如刀绞的,史宾杜
cn_135,心如死灰的,史都华德
cn_136,心安神泰的,史蒂夫
cn_137,心灰意冷的,史蒂文
cn_138,心旷神怡的,史黛丝
cn_139,心灵手巧的,圣扎迦利
cn_140,心直口快的,尔文
cn_141,心直口愉的,尔莎
cn_142,心花怒放的,尼古拉斯
cn_143,心急火燎的,尼尔
cn_144,心急如焚的,尼尔森
cn_145,心狠手辣的,尼克
cn_146,心宽体胖的,尼克勒斯
cn_147,心胸开阔的,尼克森
cn_148,心胸宽大的,尼迪亚
cn_149,心惊肉跳的,尼娜
cn_150,心惊胆战的,尼基塔
cn_151,心慈手软的,布兰奇
cn_152,手不释卷的,布兰妮
cn_153,手无力的,布兰特
cn_154,手忙脚乱的,布兰得利
cn_155,手足无措的,布兰琪
cn_156,手足轻深的,布兰登
cn_157,手疾眼快的,布尼尔
cn_158,手脚麻利的,布伦特
cn_159,手舞足蹈的,布列塔尼
cn_160,支配的,布丽姬特
cn_161,文武双全的,布拉得里克
cn_162,文质彬彬的,布兹
cn_163,文静的,布朗
cn_164,斗志昂扬的,布莱安娜
cn_165,无力的,布莱克
cn_166,无中生有的,布莱兹
cn_167,无风起浪的,布莱迪
cn_168,无动于衷的,布莱恩
cn_169,无坚不摧的,布鲁克
cn_170,无忧无虑的,布鲁诺
cn_171,无私的,布鲁斯
cn_172,无言相对的,布鲁斯特
cn_173,无所不通的,布赖恩
cn_174,无拘无束的,布雷尔
cn_175,无法使用的,布蓝达
cn_176,无厘头的,布德
cn_177,无常的,弗兰克
cn_178,无微不至的,弗兰克思
cn_179,无蜂生蜜的,弗农
cn_180,无精打采的,弗里达
cn_181,比肩继踵的,弗林
cn_182,比较而言的，,弗罗伦丝
cn_183,气宇轩昂的,弗罗拉
cn_184,气势汹汹的,弗郎西丝
cn_185,气呼呼的,弗恩
cn_186,气急败坏的,弗格斯
cn_187,气热汹汹的,弗莉达
cn_188,水汪汪的,弗瑞德
cn_189,水蓝的,弗雷得力克
cn_190,火红的,弗雷德里卡
cn_191,火烧火燎的,本
cn_192,火辣辣的,本杰明
cn_193,片翼的,本森
cn_194,见义勇为的,汉米敦
cn_195,见多识广的,汉克
cn_196,认真的,汉妮
cn_197,车水马龙的,汉娜
cn_198,风姿卓越的,汉特
cn_199,风度翩翩的,汉森
cn_200,风流倜傥的,瓦尔克
cn_201,风趣幽默的,瓦尔特
cn_202,东张西望的,瓦伦
cn_203,主动的,瓦妮莎
cn_204,乐观的,瓦勒莉
cn_205,乐善好施的,甘乃迪
cn_206,仔细的,皮尔斯
cn_207,令人捧腹的,皮科尔
cn_208,以诚相见的,皮特
cn_209,仪态万千的,邓巴
cn_210,仪态万端的,邓尼斯
cn_211,充满热情的,邓肯
cn_212,出口成章的,邓洛普
cn_213,出水芙蓉的,邓普斯
cn_214,出言无忌的,乔
cn_215,出类拔萃的,乔丹
cn_216,功成不居的,乔尼
cn_217,包藏祸心的,乔伊
cn_218,匆匆的,乔伊丝
cn_219,半信半疑的,乔伊斯
cn_220,半推半就的,乔休尔
cn_221,古典的,乔安娜
cn_222,古道热肠的,乔纳森
cn_223,另类的,乔治
cn_224,可口的,乔治亚
cn_225,可动的,乔茜
cn_226,可行的，,乔莉埃特
cn_227,可忽视的,乔斯林
cn_228,可怕的,乔蒂
cn_229,可信赖的,亚力士
cn_230,可爱的,亚历山大
cn_231,可爱的,亚历克西斯
cn_232,可笑的,亚历克斯
cn_233,可靠的,亚历桑德拉
cn_234,叶绿的,亚尔弗列得
cn_235,囚首垢面的,亚尔林
cn_236,外向的,亚尔曼
cn_237,失败的,亚尔维斯
cn_238,失落的,亚伦
cn_239,头头是道的,亚当
cn_240,头重脚轻的,亚当斯
cn_241,头破血流的,亚伯
cn_242,宁为玉碎的,亚伯拉罕
cn_243,宁死不屈的,亚伯特
cn_244,对答如流的,亚岱尔
cn_245,左思右想的,亚度尼斯
cn_246,左顾右盼的,亚特伍德
cn_247,巧舌如簧的,亚莉克希亚
cn_248,巧言令色的,亚瑟
cn_249,帅帅的,亚摩斯
cn_250,平心静气的,亚撒
cn_251,平易可亲的,伊凡
cn_252,平易近人的,伊夫力
cn_253,正义之士的,伊夫林
cn_254,正大光明的,伊文捷琳
cn_255,正气凛然的,伊西多
cn_256,正直无私的,伊齐基尔
cn_257,正直的,伊甸
cn_258,正襟危坐的,伊里亚德
cn_259,永不屈服的,伊妮德
cn_260,灭绝人性的,伊芙
cn_261,生气勃勃的,伊芙林
cn_262,生龙活虎的,伊芙琳
cn_263,生死相依的,伊芳
cn_264,生花妙笔的,伊娃
cn_265,用心险恶的,伊迪萨
cn_266,白发苍苍的,伊恩
cn_267,白白的,伊格纳兹
cn_268,白的,伊桑
cn_269,白花花的,伊诺克
cn_270,目不转睛的,伊莉莎白
cn_271,目的明确的,伊莎贝尔
cn_272,目瞪口呆的,伊莎贝拉
cn_273,闪耀的,伊莎蓓尔
cn_274,交浅言深的,伊莱
cn_275,仰不愧天的,伊莱恩
cn_276,任性的,伊莲恩
cn_277,众志成城的,伊温妮
cn_278,优哉游哉的,伊蒂丝
cn_279,优柔寡断的,伊薇特
cn_280,优游自若的,伍德洛
cn_281,优雅的,休伯特
cn_282,传说的,优拉
cn_283,伤天害理的,优娜
cn_284,先人后己的,伦纳德
cn_285,先发制人的,伦恩
cn_286,先斩后奏的,关德琳
cn_287,光明正大的,列夫
cn_288,光明磊落的,列得
cn_289,光辉的,刘易斯
cn_290,全面的,华纳
cn_291,全神贯注的,华莉丝
cn_292,关怀备至的,华德
cn_293,兴高采烈的,吉米
cn_294,冰肌玉骨的,吉艾斯
cn_295,冰冷的,吉伯特
cn_296,冰清玉洁的,吉姆
cn_297,冰雪聪明的,吉罗德
cn_298,冲动的,吉娜
cn_299,决定性的,吉恩
cn_300,刚正不阿的,吉莉安
cn_301,刚直不阿的,吉蒂
cn_302,刚强不屈的,多拉
cn_303,刚强的,多明尼卡
cn_304,华丽的,多明尼克
cn_305,合格的,多洛莉丝
cn_306,向壁虚构的,多莉丝
cn_307,向壁虚造的,多琳
cn_308,回头是岸的,多萝西娅
cn_309,团团转的,好尔德
cn_310,壮士解腕的,安
cn_311,多才多艺的,安东尼
cn_312,多才的,安东尼奥
cn_313,多多行善的,安东妮儿
cn_314,多虑的,安尼塔
cn_315,多谋善断的,安吉拉
cn_316,多管闲事的,安吉莉亚
cn_317,夸夸其谈的,安吉莉娜
cn_318,好心的,安西尔
cn_319,好声好气的,安伯
cn_320,好沉思的,安其罗
cn_321,好言好语的,安妮
cn_322,好学上进的,安迪
cn_323,好的,安娜
cn_324,好客的,安娜贝儿
cn_325,如花似月的,安娜塔西雅
cn_326,如花似玉的,安格斯
cn_327,如临深渊的,安得烈
cn_328,如狼似虎的,安琪
cn_329,如履薄冰的,安琪拉
cn_330,下雨有伞的,安德莉亚
cn_331,守纪律的,安德森
cn_332,守信用的,安德鲁
cn_333,守信的,托比
cn_334,守株待兔的,托尼
cn_335,安心安意的,朱丽叶
cn_336,安心若素的,朱丽亚
cn_337,安静悲观的,朱利尔斯
cn_338,尽职的,朱利安
cn_339,年轻的,朱恩
cn_340,当机立断的,朱莉
cn_341,成竹在胸的,朱莉安娜
cn_342,执法如山的,朱蒂
cn_343,执著的,朱蒂斯
cn_344,有人缘的,朵拉
cn_345,有口无心的,毕夏普
cn_346,干净习惯的,毕维斯
cn_347,有才干的,汤尼
cn_348,有才能的,汤米
cn_349,有方法的,汤玛士
cn_350,有见识的,汤玛斯
cn_351,有主见的,汤姆
cn_352,有仪态的,百丽儿
cn_353,有发明才能的,米兰达
cn_354,有冲劲的,米里亚姆
cn_355,有创造力的,米奇
cn_356,有合作精神的,米契尔
cn_357,有礼貌的,米娅
cn_358,有色的,米莉
cn_359,有志气的,米路
cn_360,有求必应的,约书亚
cn_361,有系统的,约克
cn_362,有奉献精神的,约瑟夫
cn_363,有始有终的,约瑟芬
cn_364,有抱负的,约翰
cn_365,身体健康的,纪伯伦
cn_366,有进取心的,考尔比
cn_367,有信心的,考伯特
cn_368,有冒险精神的,耳舒拉
cn_369,有拼搏精神的,艾凡
cn_370,有独创性的,艾文
cn_371,有耐力的,艾比
cn_372,有效率的,艾丝特
cn_373,有效率的,艾丝翠得
cn_374,有能力的,艾尔弗雷德
cn_375,有教养的,艾尔玛
cn_376,有理性的,艾布特
cn_377,有理解力的,艾伦
cn_378,有智力的,艾米
cn_379,有策略的,艾米丽
cn_380,有雄心壮志的,艾米瑞达
cn_381,有献身精神的,艾西
cn_382,有趣的,艾丽丝
cn_383,朱红的,艾丽卡
cn_384,朴素的,艾丽西娅
cn_385,机关的,艾丽莎
cn_386,机灵的,艾伯纳
cn_387,机密的,艾伯特
cn_388,机敏的,艾利克
cn_389,机智灵巧的,艾玛
cn_390,机智果断的,艾达
cn_391,机智的,艾拉
cn_392,杀人如麻的,艾咪
cn_393,杀鸡问客的,艾娃
cn_394,杀戮的,艾美
cn_395,欢天喜地的,艾娜
cn_396,欢呼雀跃的,艾勒
cn_397,死心塌地的,艾曼纽
cn_398,死而后已的,艾曼达
cn_399,汗流浃背的,艾理斯
cn_400,灰蒙蒙的,艾略特
cn_401,百折不回的,艾维
cn_402,百折不挠的,艾维斯
cn_403,百依百顺的,艾莉
cn_404,纡尊降贵的,艾莉尔
cn_405,红红的,艾莉莎
cn_406,红色的,艾富里
cn_407,红的,艾琳
cn_408,红莲的,艾琳娜
cn_409,红通通的,艾琳诺
cn_410,红铜的,艾登
cn_411,纪念的,艾塞亚
cn_412,老生常谈的,艾瑟儿
cn_413,老奸巨滑的,艾萨克
cn_414,老实的,艾蜜莉
cn_415,老练的,艾谱莉
cn_416,耳听八方的,艾德
cn_417,耳闻目睹的,艾德文
cn_418,自由自在的,艾德文娜
cn_419,自知之明的,艾德里安
cn_420,自信的,艾德琳
cn_421,自觉的,艾德蒙
cn_422,自轻自贱的,艾薇
cn_423,自得其乐的,艾薇拉
cn_424,自然的,西格莉德
cn_425,自暴自弃的,西维亚
cn_426,血污的,西瑞尔
cn_427,血红的,西蒙
cn_428,血性男儿的,西德尼
cn_429,血淋淋的,齐默尔曼
cn_430,衣冠楚楚的,丽贝卡
cn_431,衣衫褴褛的,丽诺比丽
cn_432,西装革履的,丽莎
cn_433,讲义气的,丽莲
cn_434,讲道理的,丽塔
cn_435,负责的,丽蓓卡
cn_436,闭月羞花的,丽蓓嘉
cn_437,两袖清风的,亨克
cn_438,严于律己的,亨利
cn_439,严于律已的,伯尼
cn_440,严守时刻的,伯克利
cn_441,严格的,伯纳
cn_442,严谨的,伯里斯
cn_443,伶牙俐齿的,伯特
cn_444,低声下气的,伯特莱姆
cn_445,低声细语的,伯顿
cn_446,体贴入微的,伯骑士
cn_447,体贴的,佐伊
cn_448,佛口圣心的,何蒙莎
cn_449,佛口婆心的,佛兰克林
cn_450,作恶多端的,佛能
cn_451,克己奉公的,克利夫兰
cn_452,冷淡的,克利斯蒂
cn_453,冷眼静看的,克利斯蒂安
cn_454,冷漠的,克劳迪娅
cn_455,冷静的,克劳瑞丝
cn_456,冷飕飕的,克劳德
cn_457,别有用心的,克里斯
cn_458,别有所指的,克里斯汀
cn_459,助人为乐的,克里斯多夫
cn_460,努力的,克拉尔
cn_461,劫富济贫的,克拉伦斯
cn_462,医术高明的,克拉克
cn_463,含羞的,克洛伊
cn_464,含糊其辞的,克洛怡
cn_465,听之任之的,克莉丝
cn_466,听天由命的,克莉丝汀
cn_467,呆头呆脑的,克莉丝蒂娜
cn_468,呆若木鸡的,克莉斯多
cn_469,困难的,克莱儿
cn_470,困惑的,克莱门特
cn_471,坏的,克莱夫
cn_472,坐立不安的,克莱拉
cn_473,坚不可摧的,克莱得
cn_474,坚如磐石的,克莱斯特
cn_475,坚贞不屈的,克雷尔
cn_476,坚贞不渝的,克雷孟特
cn_477,坚忍不拔的,利利
cn_478,坚固的,利奥
cn_479,坚定不移的,利奥波特
cn_480,坚持不渝的,利奥波德
cn_481,坚持不懈的,劳伦
cn_482,坚强果断的,劳伦特
cn_483,坚强的,劳伦斯
cn_484,妙语连珠的,劳里
cn_485,妙笔生花的,劳瑞
cn_486,妙趣横生的,劳瑞恩
cn_487,孜孜不倦的,坎贝尔
cn_488,孝顺的,坎蒂
cn_489,局促不安的,坎蒂丝
cn_490,应机立断的,希巴斯汀
cn_491,弃旧图新的,希贝儿
cn_492,弃短取长的,希尔
cn_493,弄虚作假的,希尔达
cn_494,张口结舌的,希尔保特
cn_495,张牙舞爪的,希尔顿
cn_496,形容词大全,希伯来
cn_497,形容词后缀,希拉
cn_498,形影不离的,希拉里
cn_499,忍辱负重的,希拉莉
cn_500,忐忑不安的,希拉瑞莉
cn_501,志同道合的,希欧多尔
cn_502,忧伤的,库克
cn_503,快人快事的,怀特黑德
cn_504,快人快语的,李
cn_505,快乐的,李维
cn_506,快的,李奥娜
cn_507,快嘴快舌的,杜克
cn_508,戒骄戒躁的,杜达
cn_509,扶老携幼的,杜鲁
cn_510,抑强扶弱的,杜鲁门
cn_511,改恶从善的,沃伦
cn_512,更坏的,沃克
cn_513,李代桃僵的,沙琳
cn_514,杞人忧天的,狄龙
cn_515,束缚的,狄伦
cn_516,条理分明的,狄克
cn_517,极目了望的,玛可欣
cn_518,极彩的,玛乔丽
cn_519,步履轻盈的,玛米
cn_520,步履矫健的,玛西亚
cn_521,汹汹的,玛丽
cn_522,沉沉的,玛丽亚
cn_523,沉鱼落雁的,玛丽安
cn_524,沉默的,玛丽莲
cn_525,没精打采的,玛克辛
cn_526,灵巧的,玛希
cn_527,灾难的,玛佩尔
cn_528,男性的,玛拉
cn_529,男的,玛律斯
cn_530,秀外慧中的,玛姬
cn_531,秀色可餐的,玛格丽特
cn_532,穷凶极恶的,玛莎
cn_533,系风捕影的,玛琪
cn_534,纯洁的,玛蒂尔达
cn_535,纳谏如流的,玛蒂娜
cn_536,肝胆相照的,玛德琳
cn_537,肠肥脑满的,纳旦尼尔
cn_538,言而有信的,纳特
cn_539,言行一致的,纽曼
cn_540,言行不一的,肖恩
cn_541,言行相诡的,辛普森
cn_542,天黑有灯的,辛蒂
cn_543,词不达意的,达尔文
cn_544,赤子之心的,达尔西
cn_545,赤子的,达尼尔
cn_546,赤红的,达伦
cn_547,赤练的,达芙妮
cn_548,赤胆忠心的,达茜
cn_549,赤莲的,达勒
cn_550,赤铜的,达莲娜
cn_551,足智多谋的,迈克尔
cn_552,辛勤的,邦妮
cn_553,邪气的,里安德尔
cn_554,闲情逸致的,里奇
cn_555,闷闷的,里根
cn_556,阳奉阴违的,里斯特
cn_557,阴沈沈的,麦尔肯
cn_558,阴沉的,麦尔斯
cn_559,阴险的,麦伦
cn_560,阴险毒辣的,麦克
cn_561,鸠形鹄面的,麦克弗森
cn_562,鸡毛蒜皮的,麦克阿瑟
cn_563,与友分酒的,麦金托什
cn_564,粥温茶暖的,麦格
cn_565,乖乖的,麦基
cn_566,侃侃而谈的,麦斯威尔
cn_567,刻舟求剑的,享利
cn_568,刻苦的,佩儿
cn_569,刻骨铭心的,佩兴斯
cn_570,笑语晏晏的,佩恩
cn_571,受刑的,佩格
cn_572,受过良好教育的,依夫
cn_573,变态的,依耶芙特
cn_574,呱呱叫的,依耶塔
cn_575,和风细雨的,凯文
cn_576,和和气气的,凯丝
cn_577,和衷共济的,凯尔
cn_578,和蔼可亲的,凯尔文
cn_579,和颜悦色的,凯尔西
cn_580,国色天香的,凯伊
cn_581,垂头丧气的,凯伦
cn_582,夜以继日的,凯西
cn_583,奉公守法的,凯丽
cn_584,奋不顾身的,凯利
cn_585,奔相走告的,凯希
cn_586,始终不渝的,凯里
cn_587,始终不解的,凯拉
cn_588,始终如一的,凯罗尔
cn_589,季节的,凯特
cn_590,孤注一掷的,凯茜
cn_591,孤高的,凯莉
cn_592,学贯中西的,凯莉盖
cn_593,学富五车的,凯斯
cn_594,定睛一看的,凯琳
cn_595,宝石红,凯瑟琳
cn_596,宝石绿的,凯萨琳
cn_597,宝石蓝的,凯撒
cn_598,实在的,卓拉
cn_599,实事求是的,坦普尔
cn_600,实际的,奈宝尼尔
cn_601,居心不良的,奈哲尔
cn_602,岿然不动的,奈登
cn_603,幸运的,妮可
cn_604,废寝忘食的,妮可拉
cn_605,弥天大谎的,妮娜
cn_606,径情而行的,妮蒂亚
cn_607,忠于职守的,宝儿
cn_608,忠心耿耿的,尚恩
cn_609,忠贞不渝的,帕姬
cn_610,忠诚的,彼得
cn_611,忠厚老实的,彼得斯
cn_612,忠厚的,所罗门
cn_613,忠厚善良的,拉里
cn_614,忿忿的,拉金
cn_615,性格爽直的,拉格伦
cn_616,性格豪爽的,拉斐尔
cn_617,性烈如火的,拉菲尔
cn_618,性情温和的,拉德
cn_619,怪力的,旺达
cn_620,怪怪的,旺妲
cn_621,披肝沥胆的,昆
cn_622,披露腹心的,昆西
cn_623,抽薪止沸的,昆廷
cn_624,拘拘束束的,昆娜
cn_625,拘谨不安的,昆特
cn_626,拘谨软弱的,昆顿
cn_627,招摇撞骗的,昆蒂娜
cn_628,斩钉截铁的,易莱哲
cn_629,斩草除根的,杰
cn_630,昂首挺胸的,杰夫
cn_631,明白事理的,杰弗瑞
cn_632,明目张胆的,杰伊
cn_633,明目皓齿的,杰西
cn_634,明眸皓齿的,杰西嘉
cn_635,昏昏的,杰佛理
cn_636,服务周全的,杰佛瑞
cn_637,欣喜若狂的,杰克
cn_638,武艺高强的,杰克逊
cn_639,油油的,杰罗姆
cn_640,泛泛而谈的,杰勒米
cn_641,泠泠的,杰理
cn_642,泥土似的,杰森
cn_643,泥黄的,杰瑞
cn_644,炉火纯青的,杰瑞德
cn_645,画蛇添足的,林
cn_646,畅所欲言的,林恩
cn_647,直抒己见的,林顿
cn_648,直抒已见的,欧内斯特
cn_649,直抒胸臆的,欧文
cn_650,直来直去的,欧尔佳
cn_651,直言不讳的,欧尼斯特
cn_652,直言相告的,欧恩
cn_653,直捣黄龙的,欧格登
cn_654,直情径行的,欧蕊
cn_655,直捷了当的,法兰西斯
cn_656,直爽的,法兰克
cn_657,直率的,法兰克林
cn_658,直率的，,波文
cn_659,直截了当的,波比
cn_660,知足常乐的,波特
cn_661,知恩图报的,波顿
cn_662,知难而上的,波莉
cn_663,空中楼阁的,波琳
cn_664,空荡荡的,泽卡赖亚
cn_665,绅士风度的,罗厄尔
cn_666,细细的,罗文
cn_667,细致的,罗丝
cn_668,肥胖的,罗兰
cn_669,肺腑之言的,罗伊
cn_670,舍己为人的,罗伯特
cn_671,舍己救人的,罗里
cn_672,舍生忘死的,罗奈尔得
cn_673,舍生取义的,罗杰
cn_674,艰苦卓绝的,罗宾
cn_675,花言巧语的,罗宾逊
cn_676,花里胡哨的,罗恩
cn_677,花容月貌的,罗得里克
cn_678,苍天的,罗莎琳德
cn_679,苍色的,罗斯福
cn_680,苍穹的,罗琳
cn_681,苍碧的,罗德
cn_682,苍蓝的,罗德尼
cn_683,虎视眈眈的,肯
cn_684,表示否定,肯尼
cn_685,表里一致的,肯尼士
cn_686,表里不一的,肯尼斯
cn_687,表里如一的,肯恩
cn_688,诚心诚意的,肯特
cn_689,诚实的,芝妮雅
cn_690,诚实真诚的,芬妮
cn_691,话里有话的,芭比
cn_692,诡计多端的,芭芭拉
cn_693,贤明的,芭迪
cn_694,贤淑的,苏
cn_695,贤惠的,苏西
cn_696,贤慧的,苏洛
cn_697,质朴忠厚的,苏珊
cn_698,质朴厚道的,苏珊娜
cn_699,贫贱不移的,苏菲亚
cn_700,转弯抹角的,采尼
cn_701,软弱无能的,金
cn_702,软弱可欺的,金百莉
cn_703,软绵绵的,金姆
cn_704,进击的,阿什利
cn_705,远的,阿比盖尔
cn_706,迟钝的,阿贝
cn_707,金石为开的,阿尔文
cn_708,金光的,阿尔弗雷德
cn_709,金刚怒目的,阿尔瓦
cn_710,金色的,阿尔娃
cn_711,金灿灿的,阿奇尔
cn_712,金黄的,阿奇柏德
cn_713,金碧的,阿姆斯特朗
cn_714,附耳低言的,阿杰尔
cn_715,青天的,阿波罗
cn_716,青色的,阿诺
cn_717,青苍的,阿诺德
cn_718,青春的,阿曼达
cn_719,青绿的,阿维娃
cn_720,青筋突暴的,阿普里尔
cn_721,青碧的,阿普顿
cn_722,青蓝的,阿瑟
cn_723,非凡的,阿道夫
cn_724,顶天立地的,阿蜜莉雅
cn_725,顶瓜瓜的,阿德莱德
cn_726,饱学之士的,陆斯恩
cn_727,饱的,雨果
cn_728,鱼目混珠的,俄尔
cn_729,临危不俱的,保拉
cn_730,临危不惧的,保罗
cn_731,临危制变的,南茜
cn_732,临深履薄的,南森
cn_733,举一反三的,哈乐德
cn_734,举止安详的,哈伦
cn_735,举止闲雅的,哈利
cn_736,举目远望的,哈里
cn_737,举步轻摇的,哈里斯
cn_738,亭亭玉立的,哈里森
cn_739,亮红的,哈姆雷特
cn_740,亮绿的,哈林顿
cn_741,亮晶晶的,哈威
cn_742,亮黄的,哈帝
cn_743,亮蓝的,哈莉特
cn_744,亲切的,哈瑞斯
cn_745,亲亲的,奎克
cn_746,亲密无间的,契布曼
cn_747,促膝谈心的,威尔
cn_748,俊俏的,威弗列德
cn_749,俏丽多姿的,威利
cn_750,信口开河的,威廉
cn_751,俭朴的,威廉姆斯
cn_752,冒名顶替的,娇拉汀
cn_753,前赴后继的,帝福尼
cn_754,前俯后仰的,拜尔德
cn_755,勃然大怒的,拜伦
cn_756,勇往直前的,柏妮丝
cn_757,勇猛果断的,柏宜斯
cn_758,勇猛的,柏格
cn_759,勇敢的,柏得温
cn_760,哇哇的,柏莎
cn_761,哑口无言的,查尔斯
cn_762,城府很深的,查理斯
cn_763,奏效的,查德
cn_764,姿容绝代的,柯克
cn_765,威风的,柯利弗
cn_766,威风凛凛的,柯拉
cn_767,孩子般的,柯帝士
cn_768,客观的,柯顿
cn_769,封印的,柳真
cn_770,幽幽的,洁西嘉
cn_771,幽默风趣的,洛伦
cn_772,幽默的,洛克
cn_773,建设性的,洛克萨妮
cn_774,怒目而视的,洛拉
cn_775,怒目圆睁的,洛葛仙妮
cn_776,急于求成的,派克
cn_777,急中生智的,派恩
cn_778,急公好义的,派特丽夏
cn_779,急功近利的,派翠西亚
cn_780,急如星火的,派翠克
cn_781,急流勇退的,珀尔
cn_782,恪守不渝的,珀莉
cn_783,拾金不昧的,珊朵拉
cn_784,持之以恒的,珍
cn_785,指东说西的,珍尼丝
cn_786,挤眉弄眼的,珍尼佛
cn_787,挥汗如雨的,珍妮
cn_788,悬崖边上的,珍妮芙
cn_789,星星的,珍妮特
cn_790,枯黄的,珍娜
cn_791,柔心弱骨的,科尔
cn_792,柔软的,科尔温
cn_793,洋娃娃的,科克
cn_794,洗心革面的,科林
cn_795,洗耳恭听的,科兹莫
cn_796,活动地,科迪
cn_797,活泼的,科瑞恩
cn_798,活跃的,科瑞斯特尔
cn_799,流离的,美洛蒂
cn_800,浅青的,耶达
cn_801,浅绿的,耶呼弟
cn_802,浅黄的,耶基斯
cn_803,浅碧的,耶鲁
cn_804,浅蓝的,胡达
cn_805,炽红的,苔丝
cn_806,炽热的,苔米
cn_807,狡猾的,若伊
cn_808,独立的,若拉
cn_809,畏首畏尾的,若娜
cn_810,相映成趣的,英国
cn_811,相貌堂堂的,英格马
cn_812,眉飞色舞的,英格兰姆
cn_813,眉开眼笑的,英格丽
cn_814,眉清目秀的,英格丽德
cn_815,视死如归的,范
cn_816,结结巴巴的,范伦丁
cn_817,美如冠玉的,范伦汀娜
cn_818,美丽的,范伦铁恩
cn_819,美味的,茉伊拉
cn_820,美型的,茉莉
cn_821,美美的,费奇
cn_822,美若天仙的,费怡
cn_823,美艳绝世的,费滋
cn_824,美艳绝伦的,迦勒
cn_825,美愈天人的,迪夫
cn_826,美撼凡尘的,迪丽雅
cn_827,耐久的,迪恩
cn_828,胆小怕事的,迪得莉
cn_829,胆小的,修
cn_830,背叛的,哲罗姆
cn_831,胖嘟嘟的,唐
cn_832,胜券在握的,唐纳修
cn_833,胡思乱想的,唐纳德
cn_834,若无其事的,唐娜
cn_835,苦干的,唐恩
cn_836,苦的,埃文
cn_837,苦哈哈的,埃尔莎
cn_838,苦思冥想的,埃里克
cn_839,英明果断的,埃奇沃思
cn_840,英俊潇洒的,埃迪
cn_841,英勇无敌的,埃莉卡
cn_842,英勇好斗的,埃莉诺
cn_843,英勇顽强的,夏佐
cn_844,英姿飒爽的,夏洛特
cn_845,虹色的,姬儿
cn_846,语重心长的,姬尔
cn_847,语惊四座的,姬玛
cn_848,诱人香味的,姬恩
cn_849,说一不二的,娜特莉
cn_850,说话风趣的,娜提雅维达
cn_851,说话诙谐的,娜塔莉
cn_852,费舌劳唇的,娜塔莎
cn_853,轻声轻气的,宾
cn_854,轻轻的,席拉
cn_855,轻飘飘的,席梦娜
cn_856,重大的,朗曼
cn_857,闻过则喜的,格兰汉
cn_858,面如土色的,格兰特
cn_859,面有菜色的,格兰瑟姆
cn_860,面红耳赤的,格里芬
cn_861,面面相觑的,格拉蒂丝
cn_862,面黄肌瘦的,格林
cn_863,饶有风趣的,格林顿
cn_864,首创精神,格罗佛
cn_865,香肌玉肤的,格罗瑞娅
cn_866,香喷喷的,格温多琳
cn_867,骄阳似火的,格瑞丝
cn_868,骄傲自大的,格瑞塔
cn_869,倾心吐胆的,桃乐斯
cn_870,倾国倾城的,桃瑞丝
cn_871,冥冥的,桑迪
cn_872,凉的,桑席
cn_873,凉爽的,桑德拉
cn_874,埋头苦干的,泰贝莎
cn_875,夏日炎炎的,泰丝
cn_876,娓娓而谈的,泰伦
cn_877,娘娘腔的,泰伦斯
cn_878,娥娜翩跹的,泰丽莎
cn_879,容光焕发的,泰特
cn_880,宽以待人的,泰勒
cn_881,宽宏大度的,泰瑞莎
cn_882,宽宏大量的,泰蜜
cn_883,宽厚的,泰德
cn_884,宾客盈门的,海伍德
cn_885,座无虚席的,海伦
cn_886,恩尽义绝的,海伦娜
cn_887,恭顺的,海柔尔
cn_888,息事宁人的,海洛伊丝
cn_889,恶贯满盈的,海顿
cn_890,恶狠狠的,海勒
cn_891,恶恶实实的,海曼
cn_892,悄悄的,海莉
cn_893,捕风捉影的,海登
cn_894,料事如神的,海蒂
cn_895,旁敲侧击的,爱丝特
cn_896,残酷无情的,爱尔玛
cn_897,残暴的,爱尔顿
cn_898,殷勤周到的,爱尔莎
cn_899,殷勤的,爱伦
cn_900,浩然之气的,爱丽丝
cn_901,浪子回头的,爱丽森
cn_902,浮文巧语的,爱沙拉
cn_903,海市蜃楼的,爱玛
cn_904,海蓝的,爱罗伊
cn_905,烈日当空的,爱迪生
cn_906,热血的,爱格伯特
cn_907,热忱招呼的,爱莉丝
cn_908,热呼呼的,爱斯特尔
cn_909,热的,爱琳
cn_910,热热的,爱琳娜
cn_911,热情周到的,爱德华
cn_912,热情招待的,爱德格
cn_913,热情的,爱德温
cn_914,热情相邀的,特伦斯
cn_915,爱动脑筋,特丽莎
cn_916,爱恨分明的,特里
cn_917,爱美的,特洛伊
cn_918,狼子野心的,特瑞西
cn_919,狼心狗肺的,特蕾西
cn_920,真心实意的,班
cn_921,真心诚意的,班尼迪克
cn_922,真朱的,班奈特
cn_923,真红的,班杰明
cn_924,真赤的,班森
cn_925,真实的,笆笆拉
cn_926,真诚的,索尼亚
cn_927,真情实意的,索菲娅
cn_928,破门而出的,诺厄
cn_929,破釜沉舟的,诺尔
cn_930,祖母绿的,诺亚
cn_931,神飞色动的,诺玛
cn_932,神仙玉骨的,诺拉
cn_933,神态自若的,诺埃尔
cn_934,神采飞扬的,诺曼
cn_935,神采奕奕的,诺维雅
cn_936,笑吟吟的,贾尔斯
cn_937,笑里藏刀的,贾思琳
cn_938,笑呵呵的,贾桂琳
cn_939,笑咪咪的,贾斯丁
cn_940,笑哈哈的,贾斯汀
cn_941,笑盈盈的,贾斯帕
cn_942,笑眯眯的,贾斯特
cn_943,笑逐言开的,贾斯敏
cn_944,笑嘻嘻的,高德佛里
cn_945,笔走龙蛇的,勒斯
cn_946,粉白黛黑的,培迪
cn_947,素净淡雅的,基思
cn_948,耿直的,基诺
cn_949,胸无城府的,基斯
cn_950,胸无点墨的,基蒂
cn_951,胸无宿物的,堂娜
cn_952,胸怀坦荡的,婕西
cn_953,能干的,婕咪
cn_954,能言善辩的,密克
cn_955,能胜任的,康那理惟士
cn_956,能说会道的,康里
cn_957,能歌善舞的,康奈尔
cn_958,艳冠群芳的,康妮
cn_959,草绿的,康拉德
cn_960,草菅人命的,康斯坦丝
cn_961,草黄的,康斯坦斯
cn_962,谈笑风生的,得文
cn_963,谈笑风声的,曼达
cn_964,豺狼成性的,曼迪
cn_965,赶尽杀绝的,曼特裘
cn_966,迷途知返的,曼斯菲尔德
cn_967,追忆的,曼蒂
cn_968,适应性强的,曼德尔
cn_969,酒精的,梅
cn_970,釜底抽薪的,梅甘
cn_971,铁红的,梅米
cn_972,铁血的,梅根
cn_973,铁骨铮铮的,梅格
cn_974,顽强的,梅维丝
cn_975,顾盼流转的,梅莉
cn_976,骨瘦如柴的,梅森
cn_977,高风亮节的,梅琳达
cn_978,高尚的,梅瑞狄斯
cn_979,高朋满座的,梅蜜
cn_980,高的,梅薇思
cn_981,高情远致的,梦娜
cn_982,鬼畜的,梵妮
cn_983,龀牙咧嘴的,理查
cn_984,假仁假义的,理查森
cn_985,假惺惺的,盖
cn_986,健步如飞的,盖文
cn_987,健谈的,盖尔
cn_988,健康的,盖理
cn_989,偷天换日的,绮丽儿
cn_990,偷偷的,绮莉
cn_991,偷梁换柱的,维文
cn_992,剪水双瞳的,维尔拉
cn_993,唯唯诺诺的,维尔莉特
cn_994,堂堂正正的,维布伦
cn_995,婀娜多姿的,维吉尔
cn_996,婉风流转的,维吉妮亚
cn_997,密密的,维多
cn_998,彩色的,维多利亚
cn_999,彩虹的,维克
cn_1000,得过且过的,维克多
cn_1001,悠闲自在的,维克特
cn_1002,悠然自得的,维纳斯
cn_1003,情同骨肉的,维达
cn_1004,情投意合的,维拉
cn_1005,惊讶的,维拉妮卡
cn_1006,惊艳的,维姬
cn_1007,惨无人道的,维娜
cn_1008,排忧解难的,维琪
cn_1009,掠夺的,维隆卡
cn_1010,推心置腹的,维德
cn_1011,推诚相见的,莉达
cn_1012,推诚相待的,莉拉
cn_1013,推襟送抱的,莉兹
cn_1014,掩耳盗铃的,莉娃
cn_1015,敏捷的,莉迪娅
cn_1016,救死扶伤的,莉娜
cn_1017,断然处置的,莉莉
cn_1018,断然措施的,莉莉斯
cn_1019,旋乾转坤的,莉莲
cn_1020,欲言又止的,莉斯
cn_1021,深红的,莉蒂亚
cn_1022,深赤的,莉蒂西雅
cn_1023,深明大义的,莎伦
cn_1024,深苍的,莎拉
cn_1025,深青的,莎芭丝提妮
cn_1026,深思熟虑的,莎柏琳娜
cn_1027,深绿的,莎洛姆
cn_1028,深黄的,莎曼撤
cn_1029,深碧的,莎莉
cn_1030,深蓝的,莎莉丝特
cn_1031,深藏若虚的,莎碧娜
cn_1032,混混的,莫尔
cn_1033,清丝纠缠的,莫尼卡
cn_1034,清丽绝俗的,莫妮卡
cn_1035,清秀高雅的,莫林
cn_1036,清闲自在的,莫琳
cn_1037,清和平允的,莫雷
cn_1038,清艳脱俗的,莰蒂丝
cn_1039,爽快的,莱安
cn_1040,爽直的,莱特
cn_1041,爽朗的,莱斯利
cn_1042,猛烈的,莱斯特
cn_1043,率直的,莱瑞拉
cn_1044,理解力强的,陶德
cn_1045,甜蜜蜜的,雪伦
cn_1046,盛情款待的,雪丽
cn_1047,眼观六路的,雪丽尔
cn_1048,眼高手低的,雪莉
cn_1049,矫揉造作的,雪莱
cn_1050,移樽就教的,堤姆
cn_1051,笨鸟先飞的,奥巴代亚
cn_1052,粗心的,奥卡西
cn_1053,累的,奥古斯汀
cn_1054,绿色的,奥古斯特
cn_1055,绿油油的,奥布里
cn_1056,绿的,奥丽芙
cn_1057,绿绿的,奥丽薇亚
cn_1058,脱俗的,奥克塔维亚
cn_1059,莫须有的,奥克塔薇尔
cn_1060,虚己以听的,奥利尔
cn_1061,虚与委蛇的,奥利弗
cn_1062,虚心的,奥利佛
cn_1063,虚乎乎的,奥利维亚
cn_1064,虚头巴脑的,奥狄斯
cn_1065,虚伪刁滑的,奥玛
cn_1066,虚伪的,奥帕
cn_1067,虚怀若谷的,奥格斯格
cn_1068,虚弱的,奥特
cn_1069,虚情假义的,奥特曼
cn_1070,蛇蝎心肠的,奥康纳
cn_1071,袖手傍观的,奥斯丁
cn_1072,被褐怀玉的,奥斯卡
cn_1073,逍遥自在的,奥斯本
cn_1074,逍遥自娱的,奥斯汀
cn_1075,逍遥自得的,奥斯顿
cn_1076,逗人发笑的,奥斯维得
cn_1077,通宵达旦的,奥琳娜
cn_1078,通情达理的,奥菲莉亚
cn_1079,铜绿的,奥菲莉娅
cn_1080,铜筋铁骨的,奥萝拉
cn_1081,铜黄的,奥蒂列特
cn_1082,铮铮铁骨的,奥蒂莉亚
cn_1083,雪中送炭的,奥德里奇
cn_1084,傅粉施朱的,奥德莉
cn_1085,最坏的,富宾恩
cn_1086,最糟的,强尼
cn_1087,博大精深的,强纳生
cn_1088,博古通今的,惠特尼
cn_1089,博学多才的,提姆
cn_1090,博采从议的,斐迪南
cn_1091,博闻强识的,斐瑞
cn_1092,善于分析的,斯考特
cn_1093,善于交际的,斯图尔特
cn_1094,善于表达,斯图亚特
cn_1095,善气迎人的,斯坦利
cn_1096,善良仁慈的,斯派克
cn_1097,善良忠厚的,斯科特
cn_1098,善良的,斯宾塞
cn_1099,善良温柔的,斯密斯
cn_1100,善良温柔诚实真诚的,斯莱瑞
cn_1101,善始善终的,斯温伯恩
cn_1102,善社交的,斯蒂芬
cn_1103,喋喋不休的,斯蒂芬妮
cn_1104,喜上眉梢的,斯嘉丽
cn_1105,喜气洋洋的,普利莫
cn_1106,喜出望外的,普里西拉
cn_1107,喜洋洋的,普里斯特利
cn_1108,喜笑颜开的,普莉玛
cn_1109,喧哗的,普鲁登斯
cn_1110,奥妙无穷的,棠雅
cn_1111,奥妙的,渥兹华斯
cn_1112,富创造力的,温士顿
cn_1113,强壮的,温妮
cn_1114,悲观失望的,温妮费德
cn_1115,惺惺作态的,温妮莎
cn_1116,愤怒的,温蒂
cn_1117,热爱动物的,温德尔
cn_1118,提心吊胆的,琳
cn_1119,敢冲敢闯的,琳达
cn_1120,敢作敢当的,琳赛
cn_1121,敢说敢作的,琴
cn_1122,散漫的,琼
cn_1123,斯文的,琼安娜
cn_1124,暂时的,琼纳斯
cn_1125,棋艺精湛的,菲力克斯
cn_1126,棕色的,菲力浦
cn_1127,温文而雅的,菲比
cn_1128,温柔的,菲尔
cn_1129,温柔敦厚的,菲尔丁
cn_1130,温婉娴淑的,菲丽丝
cn_1131,温情脉脉的,菲妮克丝
cn_1132,渴望的,菲洛米娜
cn_1133,湖绿的,菲奥纳
cn_1134,湛蓝的,菲碧
cn_1135,湿漉漉的,菲蕾德翠卡
cn_1136,焦急万分的,萝伦
cn_1137,猫哭老鼠的,萝拉
cn_1138,猩红的,萝勃塔
cn_1139,短小精悍的,萝瑞尔
cn_1140,硬绷绷的,雅各
cn_1141,童叟无欺的,雅典娜
cn_1142,紫的,韩弗理
cn_1143,菩萨心肠的,鲁伯特
cn_1144,菩萨低眉的,鲁珀特
cn_1145,萌萌的,鲁宾
cn_1146,萎靡不振的,鲁道夫
cn_1147,著名的,塔伯
cn_1148,装疯卖傻的,塔玛拉
cn_1149,装聋作哑的,塔莎
cn_1150,装腔作势的,塞尔玛
cn_1151,装模作样的,塞尔达
cn_1152,装潢门面的,塞西
cn_1153,谦虚好学的,塞西尔
cn_1154,谦虚的,塞西莉亚
cn_1155,谦虚热情的,塞丽娜
cn_1156,谦虚谨慎的,塞琳娜
cn_1157,象家的,瑞加娜
cn_1158,赎罪的,瑞伊
cn_1159,跋山涉水的,瑞吉儿
cn_1160,锈红的,瑞利
cn_1161,锈绿的,瑞琪儿
cn_1162,隐晦曲折的,简
cn_1163,集思广益的,萨布丽娜
cn_1164,黄色的,萨瓦娜
cn_1165,黄灿的,萨米
cn_1166,黄的,萨妮
cn_1167,黄金的,萨曼莎
cn_1168,黄铜的,萨莉
cn_1169,黄黄的,萨琳娜
cn_1170,黄澄澄的,葛兰
cn_1171,黑化的,葛列格
cn_1172,黑的,葛列格里
cn_1173,黑黑的,葛里菲兹
cn_1174,黑暗的,葛佳丝塔芙
cn_1175,黑漆漆的,葛罗瑞亚
cn_1176,傲娇的,葛莉谢尔达
cn_1177,勤劳的,葛莱蒂丝
cn_1178,勤奋的,葛瑞丝
cn_1179,勤勤恳恳的,蒂凡妮
cn_1180,嗜杀成性的,蒂芙妮
cn_1181,塌实的,蒂娜
cn_1182,廉洁奉公的,蒂莫西
cn_1183,廉洁的,裘蒂丝
cn_1184,愁眉苦脸的,詹米
cn_1185,愁眉紧锁的,詹妮
cn_1186,意气风发的,詹妮弗
cn_1187,意在言外的,詹姆士
cn_1188,意志坚强的,詹姆斯
cn_1189,慎之又慎的,詹森
cn_1190,摇头晃脑的,赖安
cn_1191,新绿的,赖昂内尔
cn_1192,暗红的,路
cn_1193,暗赤的,路易士
cn_1194,暗室不欺的,路易丝
cn_1195,暗香盈袖的,路易莎
cn_1196,暗蓝的,路易斯
cn_1197,楚楚动人的,路德
cn_1198,楚楚的,道尔顿
cn_1199,滑稽的,道格拉斯
cn_1200,滔滔不绝的,锡得尼
cn_1201,满面春风的,锡德
cn_1202,满脸横肉的,雷
cn_1203,满腔热情的,雷尔夫
cn_1204,满腹经纶的,雷吉诺德
cn_1205,煞有介事的,雷克斯
cn_1206,痴心妄想的,雷纳德
cn_1207,禁忌的,雷欧
cn_1208,稚气未脱的,雷契尔
cn_1209,聘婷秀雅的,雷思丽
cn_1210,腼腆的,雷哲
cn_1211,落落大方的,雷蒙德
cn_1212,触目惊心的,鲍比
cn_1213,谨小慎微的,鲍伯
cn_1214,谨言慎行的,鲍曼
cn_1215,谨慎的,嘉比里拉
cn_1216,躲躲闪闪的,碧翠丝
cn_1217,遇事生风的,福罗拉
cn_1218,道貌岸然的,福特
cn_1219,遗憾的,翠丝特
cn_1220,随遇而安的,翠西
cn_1221,雷厉风飞的,蒙丽莎
cn_1222,雷厉风行的,蒙莉莎
cn_1223,鼠目寸光的,蓓姬
cn_1224,兢兢业业的,蓝伯特
cn_1225,慈眉善目的,蓝侬
cn_1226,慈悲为怀的,蓝斯
cn_1227,慢吞吞的,蓝道夫
cn_1228,慢的,蜜尔娜
cn_1229,慢慢的,蜜妮安
cn_1230,旗开得胜的,蜜拉贝儿
cn_1231,漆黑的,蜜莉恩
cn_1232,熊熊的,蜜雪儿
cn_1233,碧色的,蜜雪莉雅
cn_1234,碧青的,裴吉
cn_1235,碧绿的,谭雅坦尼娅
cn_1236,碧蓝的,赛门
cn_1237,稳健的,赛拉
cn_1238,端庄的,赛得里克
cn_1239,精力充沛的,赛维尔
cn_1240,精明的,赛薇亚拉
cn_1241,精悍的,赫尔曼
cn_1242,精神抖擞的,赫伯特
cn_1243,精神饱满的,赫达
cn_1244,精神焕发的,赫柏
cn_1245,精通某门学问的,赫莉
cn_1246,翠绿的,赫斯特
cn_1247,聚精会神的,赫蒂
cn_1248,蓝天的,德里克
cn_1249,蓝色的,德洛丽丝
cn_1250,蓝的,德维特
cn_1251,豪放的,摩尔根
cn_1252,豪爽的,摩西
cn_1253,貌赛西施的,摩里斯
cn_1254,酷的,摩帝马
cn_1255,酸溜溜的,摩根
cn_1256,锲而不舍的,摩顿
cn_1257,静悄悄的,摩菲
cn_1258,静静的,摩黛丝提
cn_1259,鲜红的,撒母耳
cn_1260,鲜蓝的,撒克逊
cn_1261,嘴甜心苦的,撒姆尔
cn_1262,嬉皮笑脸的,潘朵拉
cn_1263,德厚流光的,潘妮
cn_1264,慧质兰心的,潘娜洛普
cn_1265,撒娇的,潘蜜拉
cn_1266,暴走的,潼恩
cn_1267,暴戾恣睢的,墨菲
cn_1268,暴虐的,穆丽儿
cn_1269,暴跳如雷的,穆得
cn_1270,毅然决然的,穆得莉
cn_1271,潜在的,穆琳
cn_1272,瘦巴巴的,霍尔
cn_1273,聪明伶俐的,霍华德
cn_1274,聪明的,霍伯特
cn_1275,蓬头历齿的,霍根
cn_1276,蓬头垢面的,霍索恩
cn_1277,蔚蓝的,默西迪丝
cn_1278,蔼然可亲的,戴安娜
cn_1279,趣味盎然的,戴纳
cn_1280,镇定自若的,戴里克
cn_1281,靠不住的,戴芙
cn_1282,飘飘然的,戴茜
cn_1283,鹤发鸡皮的,戴维
cn_1284,鹤发童颜的,戴维德
cn_1285,鹤立鸡群的,璐易丝
cn_1286,凝神注视的,蕾西
cn_1287,憨态可掬的,蕾佳娜
cn_1288,憨直可爱的,蕾妮
cn_1289,憨厚的,蕾娜塔
cn_1290,憨厚淳朴的,薇薇安
cn_1291,懒洋洋的,黛儿
cn_1292,瞠目结舌的,黛比
cn_1293,融会贯通的,黛布拉
cn_1294,镜中的,黛安娜
cn_1295,镜花水月的,黛米
cn_1296,默默的,黛西
cn_1297,瞬时的,黛芙妮
cn_1298,糟糕的,黛娜
cn_1299,薄薄的,黛博拉
cn_1300,豁达大度的,黛碧
cn_1301,鞠躬尽瘁的,露比
cn_1302,瞻前顾后的,露丝
cn_1303,翻然悔悟的,露丝玛丽
cn_1304,藏青的,露西
cn_1305,襟怀坦白的,露西妮
cn_1306,靡颜腻理的,露西娅
cn_1307,蠢蠢的,露茜
cn_1308,爱吃的,露露