en_0,Lesser Heal,"Heal the target for a small amount of HP. It can also deal damage to the undead. \n\nLearning requirement: \nRoyal: Level 10 \nMage: Level 4 \nElf: Level 8 \nKnight: Level 20 \nDark Elf: Level 15."
en_1,Light,"Use magic to summon a light source that illuminates an area around the spell caster for 3600 secs. \n\nLearning requirement: \nRoyal: Level 10 \nMage: Level 4 \nElf: Level 8 \nKnight: Level 10 \nDark Elf: Level 15."
en_2,Magical Shield,"Form a protective shield and decrease own AC by 2 points. Cannot be stacked. \n\nLearning requirement: \nRoyal: Level 10 \nMage: Level 4 \nElf: Level 8 \nKnight: Level 30 \nDark Elf: Level 15."
en_3,Energy Bolt,"Cast a small magic beam that deals a small amount of damage to the target. Mage class consume 0 mana upon casting under Level 30; Elf and Royal class consume 0 mana upon casting under Level 20. \n\nLearning requirement: \nRoyal: Level 10 \nMage: Level 4 \nElf: Level 8 \nKnight: Level 50 \nDark Elf:Level 15."
en_4,Teleport,"Teleport to a random place. Can also select a specific spot to teleport to by using Ring of Teleportation. \n\nLearning requirement: \nRoyal: Level 10 \nMage: Level 4 \nElf: Level 8 \nKnight: Level 50 \nDark Elf: Level 15."
en_5,Ice Dagger,"Throw ice daggers that deals damage to the enemy. \n\nLearning requirement: \nRoyal: Level 10 \nMage: Level 4 \nElf: Level 8 \nKnight: Level 50 \nDark Elf: Level 15."
en_6,Wind Shuriken,"Throw a blade made of wind to deal damage to the target. \n\nLearning requirement: \nRoyal: Level 10 \nMage: Level 4 \nElf: Level 8 \nKnight: Level 50 \nDark Elf: Level 15."
en_7,Holy Weapon,"Empower weapons to increase hit rate. The empowered weapon will be able to deal additional damage on the undead. \n\nLearning requirement: \nRoyal: Level 10 \nMage: Level 4 \nElf: Level 8 \nKnight: Level 40 \nDark Elf: Level 15."
en_8,Cure Poison,"Use magic to cure the target and remove the poison. \n\nLearning requirement: \nRoyal: Level 20 \nMage: Level 8 \nElf: Level 16 \nDark Elf: Level 30."
en_9,Chill Touch,"Absorb some HP from target and add it to your own. Casting this spell causes your Lawful value to decrease by 2. \nLearning requirement: \nRoyal: Level 20 \nMage:Level 8 \nElf: Level 16 \nDark Elf: Level 30."
en_10,Curse: Poison,"Use magic to create toxins, have a chance to poison the target which cause them to suffer from continued toxic damage. Success Rate depend on self INT and target poison resistance. Casting this spell will reduce your Lawful value by 10. \n\nLearning Requirement: \nRoyal: Level 20 \nMage: Level 8 \nElf: Level 16 \nDark Elf: Level 30."
en_11,Enchant Weapon,"Increase target's weapon damage by 2 points. \n\nLearning requirement: \nRoyal: Level 20 \nMage: Level 8 \nElf: Level 16 \nDark Elf :Level 30."
en_12,Detection,"Detect invisible monsters and players. Turn the pk mode on, to detect invisible players. \n\nLearning requirement: \nRoyal: Level 20 \nMage: Level 8 \nElf: Level 16 \nDark Elf: Level 30."
en_13,Decrease Weight,"Increase own load bearing capacity for a period of time. \n\nLearning requirement: \nRoyal: Level 20 \nMage: Level 8 \nElf: Level 16 \nDark Elf: 30."
en_14,Fire Arrow,"Cast flaming arrows that deals damage to the enemy. \n\nLearning requirement: \nRoyal: Level 20 \nMage: Level 8 \nElf: Level 16 \nDark Elf: Level 30."
en_15,Hell Fang,"Summon spikes from the ground that deals damage to the enemy. \n\nLearning requirement: \nRoyal: Level 20 \nMage: Level 8 \nElf:Level 16 \nDark Elf: Level 30."
en_16,Lightning,"Strike the enemy which are right in front of your character with the power of lightning. \n\nLearning requirement: \nMage: Level 12 \nElf: Level 24"
en_17,Turn Undead,"Have a chance to make the undead monsters die immediately, however there is a 5% probability of turning them into berserk state. Success Rate depend on self INT and target MR. \n\nLearning Requirement: \nMage: Level 12 \nElf: Level 24"
en_18,Heal,"Recover part of target's HP, and it can also deal damage on the undead. \n\nLearning requirement:\nMage: Level 12 \nElf: Level 24."
en_19,Curse: Blind,"Block the enemy's view with magic. Have a chance to blind target for 12 seconds and reduce 15% both melee hit and range hit. Success Rate depend on self INT and target blind resistance. \n\nLearning requirement: \nMage: Level 12 \nElf: Level 24"
en_20,Blessed Armor,"Decrease the AC of your own Armor by 3 points. This spell does not stack. \n\nLearning requirement: \nMage: Level 12 \nElf: Level 24."
en_21,Frozen Cloud,"Launch a powerful icy attack at the target, causing damage to the target and the enemies within 1 unit range. \n\nLearning requirement: \nMage: Level 12 \nElf: Level 24"
en_22,Reveal Weakness,"Use magic to detect the attributes that your enemies fear the most. \n\nLearning requirement: \nMage: Level 12 \nElf: Level 24."
en_23,Fireball,"Cast blazing fireballs to burn the target and enemies within two units distance from the target. \n\nLearning requirement: \nMage: Level 16 \nElf: Level 32."
en_24,Enhance DEX,"Cast a wind spell that increases target’s dexterity by 5 points. Effect does not stack. \n\nLearning requirement: \nMage: Level 16 \nElf: Level 32."
en_25,Weapon Break,"Use magic to wrap your opponent's weapon and inactivate them. It only effect on other players. Casting this spell will reduce your Lawful value by 10. Success Rate depend on self INT and target MR. \n\nLearning requirement: \nMage: Level 16 \nElf: Level 32"
en_26,Vampire Touch,"Absorb target’s HP and add it to your own. Using this spell causes your Lawful value to decrease by 5. \n\nLearning requirement: \nMage: Level 16 \nElf: Level 32."
en_27,Slow,"Have a chance to change the environment around the enemies with wind power and decelerate them. Using this spell causes your Lawful value to decrease by 15. Success Rate depend on self INT and target MR. \n\nLearning requirement: \nMage: Level 16 \nElf: Level 32."
en_28,Earth Jail,"Use the power of the earth to form a huge thorn, to pierce and wrap your opponent, causing damage to the target and the enemies within 1 unit range. \n\nLearning Requirement: \nMage: Level 16 \nElf: Level 32"
en_29,Counter Magic,"Cast a protective magical shield around self. The shield can prevent one magic attack in 5 seconds. \n\nLearning Requirement: \nMage: Level 16 \nElf: Level 32"
en_30,Meditation,"Turn into the meditation state which grant the spell caster a faster MP Regen. The effect will disappear once you start to move or attacking. Mage can has additional 35 recovery and elf has addtional 15 recovery. \n\nLearning requirement: \nMage: Level 16 \n Elf: Level 32"
en_31,Curse: Paralyze,"Summon a posion ivy to rise from the ground and attack your enemies, with a chance of paralyzing them. Casting this spell will reduce your Lawful value by 10. Success Rate depend on self INT and target stone resistance. \n\nLearning Requirement: \nMage: Level 20 \nElf: Level 40."
en_32,Call Lightning,"Summon lightning to strike down your enemies which cause a great damage. \n\nLearning requirement: \nMage: Level 20 \nElf: Level 40"
en_33,Greater Heal,"Recover a great amount of HP for the target, and it can also make damage to the undead. \n\nLearning requirement: \nMage: Level 20 \nElf: Level 40."
en_34,Tame Monster,"Have a chance to tame monsters and have them assist you in battle. Success rate depend on target HP and level difference between each other. \n\nLearning requirement: \nMage: Level 20 \nElf: Level 40"
en_35,Remove Curse,"Emit a holy light to remove the curse on the target. \n\nLearning requirement: \nMage: Level 20 \nElf: Level 40."
en_36,Cone of Cold,"Throw ice spikes that deals damage to the enemy. \n\nLearning requirement: \nMage: Level 20 \nElf: Level 40"
en_37,Mana Drain,"Have a chance to absorb target's MP and convert of the MP absorbed for yourself. Success Rate depend on self INT and target MR. If the target magic amount is lower than 20%(monsters) and 40%(players), the spell will absorb 0. \n\nLearning requirement: \nMage: Level 20\nElf: Level 40."
en_38,Dark Shadow,"Summon a dark shadow which have a chance to blind your enemy for 24 seconds. The melee and ranged accurate will be reduced by 40%. Casting this spell will reduce your Lwaful value by 10. Success Rate depend on self INT and target blind resistance. \n\nLearning Requirement: \nMage: Level 20 \nElf: Level 40"
en_39,Create Zombie,"Summon a zombie from your enemy's corspe, which can help the spell caster during combat. \n\nLearning Requirement: \nMage: Level 24 \nElf: Level 48"
en_40,Enhance STR,"Use power of flames to increase target's STR by 5 points. Can only be used on Clan members. Effect does not stack. \n\nLearning requirement: \nMage:Level 24 \nElf:Level 48."
en_41,Haste,"Use power of wind to increase speed of target for 20 mins. Spell cannot be cast again while still active on target. \n\nLearning requirement: \nMage: Level 24 \nElf: Level 48."
en_42,Cancel Magic,"Dispel enemies magic spells with the power of the wind. Has a chance to remove all buff on the target.[Some special buffs, like Polymorph, PK punish and halo etc, could not removed].Success Rate depend on self INT and target MR. \n\nLearning requirement: \nMage: Level 24 \nElf: Level 48"
en_43,Eruption,"Use the power of the earth to tear your enemy apart and cause great damage. \n\nLearning Requirement: \nMage: Level 24 \nElf: Level 48"
en_44,Sunburst,"Gathering a fiery explosion on the target which deals a huge amount of damage. \n\nLearning Requirement: \nMage: Level 24 \nElf: Level 48"
en_45,Weakness,"Have a chance to lower target's physical damage, melee hit and range hit. Casting this spell will reduce your Lawful value. Success Rate depend on self INT and target MR. \n\nLearning Requirement: \nMage: Level 24 \nElf: Level 48"
en_46,Bless Weapon,"Cast blessing spell onto target's weapon to increase damage, melee hit and range hit. \n\nLearning requirement: \nMage: Level 24 \nElf: Level 48."
en_47,Heal Pledge,"Heal all Team members on the screen. \n\nLearning requirement: \nMage: Level 28."
en_48,Freeze,"Deal damage on the target with the possibility of freezing them. When frozen, the target cannot be attacked and cannot move. Success Rate depend on self INT and target freeze resistance. \n\n Learning requirement: \n Mage: Level 28"
en_49,Monster Call,"Summon monsters which can help to assist you upon casting this spell. The number of monster summoned depends on the points of your charisma whereas your Level  affects the type of monsters summoned. You can only summon one monster each time if you already have a monster accompany or the 15 seconds after your last accompany disappear. Or you will summon the upper limit monsters in once with the corresponding magic gems. You can not use this spell under Lv28. Casting this spell will cause your Lawful value to decrease by 10. \n\nLearning requirement: \nMage: Level 28"
en_50,Holy Walk,"Empower the spell caster's own feet to increase movement speed. \n\nLearning requirement: \nMage: Level 28."
en_51,Tornado,"Summon a strong whirlwin, causing great damage to the target and the enemies within 2 units range. Turn Pk mode on, to cast on other players. \n\nLearning Requirement: \nMage: Level 28"
en_52,Greater Haste,"Increase spell caster’s speed by 50% for 10 mins. Cannot be stacked. \n\nLearning Requirement: \nMage: Level 28"
en_53,Berserk,"Increase melee attack of your team members, clan members and yourself by 5 points. However, your AC will decrease by 10 points and will not be affected by spells that can help you to recover HP. \n\nLearning Requirement: \nMage: Level 28"
en_54,Disease,"Use magic to make your enemy turn ill. Have a chance to reduce your enemy AC by 12 points and accuracy rate by 6 points. Casting this spell will reduce your Lawful value by 10. Success Rate depend on self INT and target MR. \n\nLearning Requirement: \nMage: Level 28"
en_55,Full Heal,"Fill up HP for the target. Can also deal damage on the undead. \n\nLearning requirement: \nMage: Level 32."
en_56,Firewall,"Create a magical flaming wall that deals damage on all enemies that touch it. \n\nLearning requirement: \nMage: Level 32."
en_57,Blizzard,"Summon an ice storm which can cause great damage to the target and the enemies within 5 unit range. Casting this spell will reduce your Lawful value by 10. \n\nLearning requirement: \nMage: Level 32"
en_58,Invisibility,"Turn the spell caster into invisible state. Will be inactive once you invade or attack the enemy. \n\nLearning Requirement: \nMage: Level 32"
en_59,Resurrection,"Resurrect the dead target with full HP. \n\nLearning requirement: \nMage: Level 32."
en_60,Earthquake,"Trigger earthquakes, causing great damage to the target and the enemies within 2 unit range. Turn Pk mode on, to cast on other players. \n\nLearning requirement: \nMage: Level 32"
en_61,Life Steam,"Create an energy ring that increases the HP Regen speed of all players within the area. \n\nLearning requirement: \nMage: Level 32"
en_62,Silence,"Seal your enemy with magic. Have a chance to make them unable to cast any spell in a period of time. Success Rate depend on self INT and target silence resistance. \n\nLearning Requirement: \nMage: Level 32"
en_63,Lighting Storm,"Summon lightning and stormy wind to deal damage on the target and enemies within one unit distance from them. \n\nLearning requirement: \nMage: Level 36."
en_64,Fog of Sleeping,"Have a chance to make the target and enemies within one unit range to fall asleep for 32 secs. Enemies will be awakened once he received attacks. Casting this spell will reduce your Lawful value by 10. Success Rate depend on self INT and target sleeping resistance. \n\nLearning requirement: \nMage: Level 36"
en_65,Shape Change,"Have a chance to temporarily change the form of the target. Success Rate depend on target MR and grade gap of each oterh. \n\nLearning requirement: \nMage: Level 36."
en_66,Shield of Protection,"Create a huge magical protective shield for Clan members. All the damage can only have half effect while the duration is active. \n\nLearning Requirement: \nMage: Level 36"
en_67,Mass Teleport,"Teleport the spell caster and Clan members within one unit distance from him to a random location. May select a specific spot to teleport to when using Ring of Teleportation. \n\nLearning requirement: \nMage: Level 36."
en_68,Fire Storm,"Cast a flaming tornad, causing damage to the target and non- blue or white colored named enemy which stand near him. \n\nLearning Requirement: \nMage: Level 36"
en_69,Decay Potion,"Freeze all potions of the target, has a chance to cause them to be unable to use any potions during the effective period. Success Rate depend on self INT and target MR. \n\nLearning Requirement: \nMage: Level 36"
en_70,Holy Detection,"Detect all invisible monsters and enemies on the screen, turning them visible and attack them immediately. Turn Pk mode on, to cast on other players. \n\nLearning Requirement: \nMage: Level 36"
en_71,Magical Weapon,"Unknown Effect."
en_72,Meteor Strike,"Summon falling meteors from the sky, causing great damage to the target and the enemies within 1 unit range. \n\nLearning Requirement: \nMage: Level 40"
en_73,Greater Resurrection,"Resurrect the dead target with full HP as well as 25% of the EXP lost upon death. \n\nLearning requirement: \nMage:Level 40."
en_74,Mass Slow,"Cast an earth spell to change the topography of the land, has a chance of reducing the speed of the target and the enemies within 1 unit range. Casting this spell will increase your Lawful value by 1. Success Rate depend on self INT and target MR. \n\nLearning Requirement: \nMage: Level 40"
en_75,Destroy,"Summon a huge bayonet falling from the sky which cause fatal damage to your enemy. \n\nLearning Requirement: \nMage: Level 40"
en_76,Absolute Barrier,"Cast an invincible protective shield for the spell caster which block all attacks for 12 secs. It will deactivate immediately upon casting another spell. \n\nLearning Requirement: \nMage: Level 40"
en_77,Advance Spirit,"Increase target's maximum HP and MP by 20% while activated. \n\nLearning Requirement: \nMage: Level 40"
en_78,Snow Hurricane,"Summon a swirling snowstorm, causing great damage to the target and the enemies within 5 units range. Has a chance to freeze the target. Success Rate depend on self INT and target freeze resistance. \n\nLearning Requirement: \nMage: Level 40"
en_79,Shock Stun,"Have a chance to stun the target for a few seconds. This skill can only be used when two-handed swords are equipped. Consume 5% current HP plus 30 HP upon casting this spell. Success Rate depend on self STR and target stun resistance. \n\nLearning requirement: \nKnight: Level 50"
en_80,Enhance Armor,"Reduce the amount of damage received. The higher the Level, the greater of damage amount reduced. \n\nLearning Requirement: \nKnight: Level 50"
en_81,Bounce Attack,"Cause magical spikes to sprout from your armor. Enemies who attack you may suffer a debuff that melee weapon damage become 0. \n\nLearning requirement: \nKnight: Level 60"
en_82,Solid Defence,"Increase own evade ranged by 90 points and damage reduction by 4 points. It can last 32 seconds and consume 2 magic gems. It can only be cast when a shield is equipped. \n\nLearning requirement: \nKnight: Level 50."
en_83,Counter Barrier,"Have a chance to reflect melee damage received back to the attacker. This skill can only be used when two-handed sword type weapons are equipped. Success Rate depend on self STR and target grade gap of each other. \n\nLearning requirement: \nKnight: Level 50"
en_84,Precise Target,"Mark your opponent for a period of time. During the time, the spell caster's clan member can see the mark; if the marked target is a player, physical attack can increase 1% + (Attack Lv/15)% damage. \n\nLearning Requirement: \nRoyal: Level 15"
en_85,Glowing Aura,"Increase MD by 3 points and SP by 2 points of your team members and yourself. Effect of Shining Aura will be remove upon casting this spell. \n\nLearning requirement: \nRoyal: Level 40"
en_86,Shining Aura,"Increase AC of your team members, clan members and yourself by 8 points. Effect of Glowing Aura will be remove upon casting this spell. \n\nLearning requirement: \nRoyal: Level 55"
en_87,Call Clan,"Summon members from the same clan to your current position. \n\nLearning requirement:\nRoyal: Level 30."
en_88,Brave Aura,"Increase physical damage of your team members and yourself by 5 points. \n\nLearning requirement: \nRoyal: Level 50"
en_89,Assist Clan,"Teleport yourself to a specific member from the same Clan. \n\nLearning requirement: \nRoyal: Level 45."
en_90,Resist Magic,"Increase the spell caster’s MR by 10 points. \n\nLearning requirement: \nElf: Level 10."
en_91,Mind Conversion,"Convert 8 points of your own HP into 2 points of MP. \n\nLearning requirement: \nElf: Level 10."
en_92,Return to World Tree,"The spell caster can be immediately teleported to the World tree in Elven Garden except in areas where teleport is prohibited. \n\nLearning Requirement: \nElf: Level 10"
en_93,Triple Arrow,"Launch 3 arrows all at once to your enemy. \nYou need to equip a bow in order to cast this spell. When Dex is haigher than 25, the magic this skill need will be cut down according to Int and Dex. \n\nLearning Requirement: \nElf: Level 30."
en_94,Element Weaken,"Have a chance to reduce 50 elemental resistance of target according to your strengthen one. Success Rate depend on grade gap of each oterh. \n\nLearning requirement: \nElf: Level 40"
en_95,Counter Mirror,"Grant the spell caster chance to reflect magic attacks for a period of time while this spell is being activated. \n\nLearning Requirement: \nElf: Level 50"
en_96,Clear Mind,"Increase the spell caster's wisdom by 3 points and magic recovery by 2 points. Cannot be stacked. \n\nLearning requirement: \nElf: Level 20."
en_97,Resist Element,"Increase all elemental resistance by 10. \n\nLearning requirement: \nElf: Level 20"
en_98,Return to Nature,"Have a chance to release monsters which were summoned or tamed. Success Rate depend on starget HP and grade gap of each oterh. \n\nLearning requirement: \nElf: Level 30"
en_99,Blood to Soul,"Convert 45 own HP into 12 MP. \n\nLearning requirement: \nElf: Level 30"
en_100,Elemental Protection,"Raise relevant elemental resistance by 50. \n\nLearning requirement: \nElf: Level 30"
en_101,Fire Weapon,"Increase target's melee damage by 4 points. \n\nLearning requirement: \nElf: Level 30"
en_102,Wind Shot,"Increase target's range hit by 6 points. \n\nLearning Requirement: \nElf: Level 30"
en_103,Wind Walk,"Increase the spell caster's movement speed while activated. \n\nLearning Requirement: \nElf: Level 30"
en_104,Earth Skin,"Increase target’s AC by 6 points. Does not stack. \n\nLearning requirement: \nElf: Level 30."
en_105,Thorns,"Has a chance to lower target's movement speed. The enemy will be fail to use Advanced Haste. Success Rate depend on grade gap of each other. \n\nLearning requirement: \nElf: Level 30"
en_106,Erase Magic,"Has a chance to decrease target's MR by 75%. Target's MR will recover after being hit with magic attack. Success Rate depend on grad gap of each oterh. \n\nLearning Requirement: \nElf: Level 40"
en_107,Summon Lesser Elemental,"Summon an elf with the same attributes as the spell caster's. \n\nLearning requirement: \nElf : Level 40"
en_108,Dancing Blaze,"Increase physical damage of your team members and yourself by 4 points. \n\nLearning Requirement: \nElf: Level 40"
en_109,Eye of Storm,"Increase range hit of your team members and yourself by 2 points and range damage by 3 points. \n\nLearning Requirement: \nElf: Level 40"
en_110,Earth Barrier,"Have a chance to make target unable to attack for 6 secs. Success Rate depend on grade gap of each other. \n\nLearning requirement: \n Elf: Level 40"
en_111,Nature's Touch,"Increase target's HP Regen rate. The higher the Level, the higher the amound of HP Regened, can increase upto 15 HP. \n\nLearning requirement: \nElf: Level 40"
en_112,Earth Guardian,"Increase AC of your team members and yourself by 7 points. \n\nLearning Requirement: \nElf: Level 40"
en_113,Aqua Protect,"Protect target with water elements, increase target avoid by 5 points. \n\nLearning requirement: \nElf: Level 40"
en_114,Area of Silence,"Has a chance to disable magic use for all players and NPCs on screen for 16 secs. Success Rate depend on self INT and target silence resistance. \n\nLearning requirement: \nElf: Level 50."
en_115,Summon Greater Elemental,"Summon a powerful elf with the same elements as the spell caster's. \n\nLearning requirement: \nElf: Level 50"
en_116,Burning Weapon,"Increase spell caster’s melee damage by 6 points. \n\nLearning requirement: \nElf: Level 50"
en_117,Nature's Blessing,"Recover a certain amount of HP for your team members. \n\nLearning requirement: \nElf: Level 50"
en_118,Nature's Miracle,"Resurrect the dead target with full HP and half MP. (If the target's MP is lower than 50% when target die, it can only recover the same MP before target die)\n\nLearning requirement: \nMage: Level 50"
en_119,Storm Shot,"Increase range damage by 5 points. \n\nLearning requirement: \nElf: Level 50"
en_120,Wind Shackle,"Have a chance to decrease the enemy's attack speed for a period of time. Success Rate depend on grade gap of each oterh. \n\nLearning requirement: \nElf: Level 50"
en_121,Iron Skin,"Increase the spell caster's AC by 10 points while activated. \n\nLearning Requirement: \nElf: Level 50"
en_122,Exotic Vitalize,"Allows spell caster to recover HP and MP even when overweight. \n\nLearning requirement: \nElf: Level 50"
en_123,Water Life,"Doubling the effect of the first healing of your target while activated. \n\nLearning Requirement: \nElf: Level 30"
en_124,Elemental Fire,"Grant the spell caster 33% chance of increasing own physical ATK by 150% while activated. \n\nLearning Requirement: \nElf: Level 50"
en_125,Storm Walk,"Sacrifice 45% MR to increase evasion rate from melee attack by 50% for 4 secs. If the spell caster is in Advanced Haste, the evasion rate will become double. The evasion rate increased effect only when you PK with other players. \n\nLearning requirement: \nElf: Level 50"
en_126,Pollute Water,"Grant the spell caster chance to prevent target's healing effect for a period of time. Can be removed by Remove Curse.Success Rate depend on grade gap of each oterh. \n\nLearning Requirement: \nElf: Level 50"
en_127,Precise Shot,"Grant the spell caster chance to cause the target to be completely unable to evade range attacks while activated. Success Rate depend on grade gap of each oterh. \n\nLearning Requirement: \nElf: Level 50"
en_128,Soul of Flame,"Grant the spell caster increasing weapon damage to maximum while performing during the period. \n\nLearning Requirement: \nElf: Level 50"
en_129,Additional Fire,"Allows spell caster to recover HP and MP even when overweight. \n\nLearning requirement: \nElf: Level 50"
en_130,Holy Walk,"Improve all the spell caster's speed to Advanced Haste. Also you will have an additional acceleration effect of physical attack. \n\nLearning requirement: \nMage: Level 28"
en_131,Wind Walk,"Improve all the spell caster's speed to Advanced Haste. \n\nLearning requirement: \nElf: Level 30"
en_132,Berserk,"Improve you melee damage by 7 points, during the period time, you will increse defense by 10 points and have no HP Regen. \n\nLearning requirement: \nMage: Level 28"
en_133,Disease,"Use magic to make your enemy become sick. Have a chance to reduce your enemy AC and MD each 15 points. Casting this spell will reduce your Lawful value by 10. Success Rate depend on self INT and target MR. \n\nLearning Requirement: \nMage: Level 28"
en_134,Weakness,"Have a chance to lower target's 15 physical damage and 5 magical damage. Casting this spell will reduce you 10 Lawful value. Success Rate depend on self INT and target MR. \n\nLearning Requirement: \nMage: Level 24 \nElf: Level 48"
en_135,Curse: Darkness,"Use Curse: Darkness to obstruct the enemies and have a chance to blind them. It last 24 seconds. Casting this spell will reduce your Lawful value by 10. Success Rate depend on self INT and target MR. \n\nLearning requirement: \nMage:Level 20 \nElf:Level 40"
en_136,Wind Walk,"Improve all the spell caster's speed to Advanced Haste. Also you will have an additional acceleration effect of physical attack. \n\nLearning requirement: \nMage: Level 28"
en_137,Bless Weapon,"Empower weapons to increase hit rate and damage. \n\nLearning requirement: \nMage: Level 24 \nElf :Level 48."
en_138,Disease,"Have a chance to lower target's AC 20 points and MR 30 points. Casting this spell will reduce you 10 Lawful value. Success Rate depend on self INT and target MR. \n\nLearning Requirement: \nMage: Level 28"
en_139,Wind Shot,"Increase target's range hit by 6 points. \n\nLearning Requirement: \nElf: Level 30"
en_140,Aqua Protect,"Protect target with water elements, increase target evasion by 5 points and avoid by 8. \n\nLearning requirement: \n Elf: Level 40"
en_141,Storm Shot,"Increase range damage by 8 points. \n\nLearning requirement: \nElf: Level 50"
en_142,Weakness,"Have a chance to lower target's 15 physical damage and 5 magical damage. Casting this spell will reduce you 10 Lawful value. Success Rate depend on self INT and target MR. \n\nLearning Requirement: \nMage: Level 24 \nElf: Level 48"
en_143,Double Slash,"Powerful skill as a royal memeber. Double slash on the target twice with 150% melee damage each. \nYou need to equip a melee weapon in order to cast this spell. You can have MP cost reduced when your STR points reach 23, depending on the higher one of STR or INT. The effect cannot be stacked. \n\nLearning requirement: \nRoyal: Level 50"
en_144,Iceberg,"Use magic to create a huge iceberg to attack you enemy. \n\nLearning requirement: \nMage: Level 32"
en_145,Devil Touch,"Use devil power to absorb your enemy's HP and Mp. You can convert of the HP absorbed for yourself with damage to enemy, and have a chance to absorb target's MP and convert of the MP absorbed for yourself. If the target magic amount is lower than 20%(monsters) and 40%(players), the spell will absorb 0. Casting this spell will reduce you 100 Lawful value. \n\nLearning Requirement: \nMage: Level 36"
en_146,Barbaric Walk,"Use barbaric power to recharge your followers, improve their speed to Advanced Haste. Casting this spell will effect to all your followers which is not in [Barbaric Walk] status. Magical Value and gems consume depends on corresponding quantity. \n\nLearning requirement: \nMage: Level 28"
en_147,Blood Sacrifice,"Sacrfice your HP to heal your followers in the same screen. Recover amount and HP sacrificed depend on the numberous of followers. Sacrificed HP is influenced by CON. \n\nLearning requirement: \nMage: Level 32"
en_148,Soul Sacrifice,"Disregard 35% MR of the enemy when you attack him with magic during the period of time. At the same time, you will lose 15% MR. \n\nLearning requirement: \nMage: Level 40"
en_149,Shadow Shield,"Using shadow shield to cover your own, enhance damage reduction by 4 points and magic damage reduction by 4 points. \n\nLearning requirement: \nDark Elf: Level 30"
en_150,Hit Up,"Increase melee and range hit by 3 points. \n\nLearning requirement: \nDark Elf: Level 30"
en_151,Attack Up,"Increase melee and range damage by 4 points. Can not coexist with Shadow Fang. \n\nLearning requirement: \nDark Elf: Level 45"
en_152,Avoid Up,"Increase avoid by 5 points. \n\nLearning requirement: \nDark Elf: Level 45."
en_153,Uncanny Dodge,"Increase avoid by 8 points. Have additional 20% avoid and 30% evasion when you are under attacked. \n\nLearning requirement: \nDark Elf: Level 60."
en_154,Stealth,"Hide in the smog and become invisible in 6 seconds. Have 12 seconds weak periosd, with AC increased by 20 points，MR reduced 30 points and all physical damage reduce by 20 points. \n\nLearning requirement: \nDark Elf: Level 60."
en_155,Shadow Fang,"Show the fangs in the shadow, increase all physical damage points by 8 points. Can not coexist with Attack Up. \n\nLearning requirement: \nDark Elf: Level 60"
en_156,Bloodfury Scythe,"Anger fills the veins, throwing 2 knives to the same enemy once in a short time. \nYou need to equip a gauntlet in order to cast this spell. \n\nLearning requirement: \nDark Elf: Level 45, and awake as Cursed Line."
en_157,Curse: Weakness,"Cast a spell of curse. For a period of time, your attacks have a chance to cause Weakness effect to the target for 4 seconds. \nOnly can be used when gauntlets are equipped.\nWeakness effect: Reduce 10% caused physic damage.\nLearning Requirement: \nDark Elf: Level 45, awaken Curse"
en_158,Curse: Bleed,"Cast a spell of curse. For a period of time, your attacks have a chance to cause Bleeding effect to the target for 4 seconds. \nOnly can be used when gauntlets are equipped. \nBleeding Effect: Losing 3% of the max HP for every 2 seconds. \nLearning Requirement: \nDark Elf: Level 60, awaken Curse"
en_159,Curse: Lost,"Cast a spell of curse. For a period of time, your attacks have a chance to cause Lost Soul to the target for 4 seconds. Inapplicable to NPCs. \nOnly can be used when Gauntlets are equipped.\nLost Soul: Character can only move, and can not attack, cast spell, or use items.\nLearning Requirement: \nDark Elf: Level 60, awaken Curse"
en_160,Double Destroy,"Attacking enemies with the power of resonance of the weapon. Have a chance to attack with double power when attacking. \nYou need to equip double blades or claws in order to cast this spell. \n\nLearning requirement: \nDark Elf: Level 45, and awake as Shadow Line."
en_161,Wind Shadow,"Attack enemy and disregard his [Storm Walk] effect. You can disregard enemy 18% evasion and 20% avoid when enemy is not under [Storm Walk] effect. \n\nLearning requirement: \nDark Elf: Level 60."
en_162,Burning Spirit,"Burning your spirit, have a chance to attack with 150% damage during the period time. \nYou need to equip double blades or claws in order to cast this spell. \n\nLearning requirement: \nDark Elf: Level 45, and awake as Shadow Line."
en_163,Final Attack,"Sacrifice 45% of your Maximum current HP, deal a fatal blow to target. The damage can be made depend on the sacrifice HP and STR. Can not be effect when your HP is lower than 6%. If your target is NPC, effect will be 50%.\nYou need to equip double blades or claws in order to cast this spell. \n\nLearning requirement: \nDark Elf: Level 60, and awake as Shadow Line."
en_164,Armor Break,"Enhance the final damage to players in the period of time. \n\nLearning requirement: \nDark Elf: Level 60, and awake as Shadow Line."
en_165,Element Effect:Slowdown,"null"
en_166,Element Effect:Buff Incineration,"null"
en_167,Element Effect:Block Recovery,"null"
en_168,Element Effect:Petrifaction,"null"
en_169,Smite,"Smite a target in front of your character and deal damage. \nOnly can be used when melee weapons are equipped. Increase the effective range to 2 units when a spear is equipped. Has a chance to make a critical hit, dealing extra damage based on your weapon damage. When your Con reaches 9, and the higher the Con, the higher the extra damage dealt. \n\nLearning Requirement: \nKnight: Level 50"
en_170,Whirlwind,"Dealing damage to all targets within melee range in 1 unit. \nOnly can be used when melee weapons are equipped. Increase the effective range to 2 units when a spear is equipped. Has a chance to make a critical hit, dealing extra damage based on your weapon damage. When your Con reaches 9, and the higher the Con, the higher the extra damage dealt. You can have MP cost reduced when your STR points reach 23, depending on the higher one of STR or INT. The effect cannot be stacked.  \n\nLearning Requirement: \nKnight: Level 60"
en_171,Heroic Strike,"Strike a target in front of your character and deal damage. \nOnly can be used when melee weapons are equipped. Increase the effective range to 2 units when a spear is equipped. Has a chance to make a critical hit, dealing extra damage based on your weapon damage. When your Con reaches 9, and the higher the Con, the higher the extra damage dealt. \n\nLearning Requirement: \nRoyal: Level 50"
en_172,Sweep,"Dealing damage to all targets within melee range in 1 unit. \nOnly can be used when melee weapons are equipped. Increase the effective range to 2 units when a spear is equipped. Has a chance to make a critical hit, dealing extra damage based on your weapon damage. When your Con reaches 9, and the higher the Con, the higher the extra damage dealt. You can have MP cost reduced when your STR points reach 23, depending on the higher one of STR or INT. The effect cannot be stacked.  \n\nLearning Requirement: \nRoyal: Level 50"
cn_173,点燃（点卡版）,让目标点燃，持续受到火属性伤害。\n点燃效果：每秒钟收到41点火属性伤害，持续10秒。其造成的火属性伤害不会受到目标的魔法防御或魔伤减免影响，但会受到目标的火元素抗性影响。\n学习要求：\n法师：32级
cn_174,冰矛（点卡版）,对目标造成伤害且有机率冻结目标。\n冻结效果：不能移动、攻击或使用道具，但受到物理伤害和魔法伤害-15，除了魔法相消术之外，不会被其他负面魔法命中。\n学习要求：\n法师：28级
cn_175,污浊之水（点卡版）,有一定机率使目标在持续时间内治疗量减半（只影响魔法治疗量以及药水治疗的效果，不影响自身回血效果）\n学习要求：\n精灵：50级
cn_176,光箭,施放一个小型的魔法能量箭，对目标造成少量伤害。 \n学习要求：\n法师：4级\n精灵：8级\n王族：10级\n骑士：50级\
cn_177,圣洁之光（点卡版）,施放出圣洁的光辉驱散负面状态，解除目标身上的中毒、麻痹、石化的负面效果[变形附带的负面效果不可消除]。\n学习要求：\n法师：20级\n精灵：40级
cn_178,超度术（点卡版）,有一定的机率使邪恶系怪物立即毙命，超度失败则怪物增加移速。成功率与自身智力和目标魔法防御有关。\n学习要求：\n法师：12级\n精灵：24级
cn_179,暴风疾走（点卡版）,持续4秒，持续时间内降低20点魔防并提高2倍命中抵抗，若自身有二段加速效果，则提高2倍命中抵抗。命中抵抗的增益效果仅对PVP有效。\n学习要求：\n精灵：50级
cn_180,大地屏障（点卡版）,有一定机率使目标在一段时间内石化。石化后的目标无法攻击、移动、使用魔法或者物品。被石化的目标受到的物理和魔法伤害会减少。成功率与双方等级差有关。\n学习要求：\n精灵：40级