tw_0,$0
tw_1,揮舞
tw_2,使用中
tw_3,打開
tw_4,無油
tw_5,"風神梵迪的恩賜"
tw_6,"水神伏特的恩賜"
tw_7,"土神堤拉的恩賜"
tw_8,"火神伏尔坎的恩賜"
tw_9,"元素結晶"
tw_10,"通往水淩林地區"
tw_11,"通往海底城堡"
tw_12,"輪迴奧術"
tw_13,"頭目"
tw_14,"閃亮的初心者之甲"
tw_15,"閃亮的初心者手套"
tw_16,"閃亮的初心者之靴"
tw_17,"閃亮的初心者之盾"
tw_18,"隱谷血魔"
tw_19,"隱谷弓箭手"
tw_20,"隱谷魅魔"
tw_21,"無畏之章"
tw_22,"皮革(任務物品)"
tw_23,"勇氣之章"
tw_24,"城門"
tw_25,"城堡告示員"
tw_26,"回憶心泉"
tw_27,"[攻城戰]"
tw_28,"市政廳傳送捲軸"
tw_29,"武器素材木箱"
tw_30,"瑕疵武器石盒"
tw_31,"木箱已購憑證"
tw_32,"石盒已購憑證"
tw_33,"勇氣之源"
tw_34,"無畏之源"
tw_35,"[不可補充]"
tw_36,"傳音海螺"
tw_37,"狩獵徽章"
tw_38,"狩獵木盒"
tw_39,"狩獵山脈傳送卷軸"
tw_40,"獵魔人"
tw_41,"被封印的誓約書[1天]"
tw_42,"屈原長靴禮盒"
tw_43,"[隱藏之谷·諾]入場券"
tw_44,"隱藏之谷的贈禮石盒"
tw_45,"隱藏之谷通行證·禮"
tw_46,"先賢者之弓"
tw_47,"先賢者之劍"
tw_48,"先賢者之杖"
tw_49,"先賢者頭巾"
tw_50,"先賢者T恤"
tw_51,"先賢者盔甲"
tw_52,"先賢者披風"
tw_53,"先賢者手套"
tw_54,"先賢者短靴"
tw_55,"先賢者套裝"
tw_56,"回歸裝備禮盒"
tw_57,"枯木"
tw_58,"混亂原石"
tw_59,"安特樹皮"
tw_60,"墮落長劍"
tw_61,"力量鋼杖"
tw_62,"靈魂法杖"
tw_63,"墮落魔杖"
tw_64,"幽迷弓"
tw_65,"鷹隼弩"
tw_66,"攻城戰斧"
tw_67,"防護軟甲"
tw_68,"防護長靴"
tw_69,"防護頭盔"
tw_70,"混沌頭盔"
tw_71,"混沌斗篷"
tw_72,"混沌法袍"
tw_73,"瑕疵的防護軟甲"
tw_74,"瑕疵的防護頭盔"
tw_75,"瑕疵的防護長靴"
tw_76,"瑕疵的鷹隼弩"
tw_77,"瑕疵的幽迷弓"
tw_78,"瑕疵的混沌斗篷"
tw_79,"瑕疵的混沌法袍"
tw_80,"瑕疵的混沌頭盔"
tw_81,"瑕疵的力量鋼杖"
tw_82,"瑕疵的靈魂法杖"
tw_83,"瑕疵的墮落魔杖"
tw_84,"瑕疵的墮落長劍"
tw_85,"泰森 [裝備製作]"
tw_86,"貝舒可 [裝備製作]"
tw_87,"多麗絲 [裝備製作]"
tw_88,"阿里羅的珍珠"
tw_89,"萬能藥木匣"
tw_90,"普通魔法筆記禮盒[4-6等]"
tw_91,"天選者經驗木匣"
tw_92,"解毒藥水[任務物品]"
tw_93,"火神伏爾坎的木匣"
tw_94,"火神伏爾坎之禮"
tw_95,"月光女神的僕從"
tw_96,"風殞之劍"
tw_97,"風殞之劍[劍胚]"
tw_98,"風殞之劍專屬強化卷軸"
tw_99,"嗜血重弩手頭目"
tw_100,"嗜血重弩手"
tw_101,哥布林
tw_102,獸人
tw_103,地精
tw_104,狼人
tw_105,小惡魔
tw_106,侏儒
tw_107,史萊姆
tw_108,喪屍
tw_109,魔眼
tw_110,豺狼人
tw_111,侏儒戰士
tw_112,骷髏
tw_113,兵蟻
tw_114,骷髏弓箭手
tw_115,石頭戈倫
tw_116,骷髏斧頭兵
tw_117,骷髏長矛兵
tw_118,屍羅蜘蛛
tw_119,霍布哥布林
tw_120,蜥蜴人
tw_121,梟熊
tw_122,戰蜥人
tw_123,食屍鬼
tw_124,夜影
tw_125,人狼
tw_126,昂哥蜘蛛
tw_127,變形怪
tw_128,巨螞蟻
tw_129,食腐魔
tw_130,長者魔法師
tw_131,熊地精
tw_132,地獄犬
tw_133,蠍子
tw_134,哈爾皮埃
tw_135,食人魔
tw_136,巨魔
tw_137,獅鷲
tw_138,巨眼怪
tw_139,蛇雞獸
tw_140,雙頭巨人
tw_141,巴西利斯克
tw_142,魅魔
tw_143,獨眼巨人
tw_144,魅魔妖后
tw_145,巫師
tw_146,詩蔻蒂
tw_147,索羅納
tw_148,恩多
tw_149,斯韋丹
tw_150,德雷克
tw_151,黑長者
tw_152,巴風特
tw_153,貝雷特
tw_154,布倫丹
tw_155,死亡騎士
tw_156,蟻后
tw_157,斯科特
tw_158,瓊安娜
tw_159,阿弗瑞德
tw_160,茵卡
tw_161,伯特倫
tw_162,"奧爾佳 [道具店]"
tw_163,"柏宜斯"
tw_164,"布魯克斯"
tw_165,"西瑞爾[變形]"
tw_166,"澤恩"
tw_167,"科迪莉婭"
tw_168,"查德"
tw_169,"卡珊特拉"
tw_170,"卡瑞娜"
tw_171,"狗"
tw_172,"馬"
tw_173,"泰勒 [藥店]"
tw_174,"賈絲汀娜"
tw_175,"莉婭"
tw_176,"護法者"
tw_177,"喵星人"
tw_178,"牛"
tw_179,獸人戰士
tw_180,前往_沙棘木城堡
tw_181,前往_馬婁斯
tw_182,前往_精靈園林
tw_183,前往_妖魔村
tw_184,前往_沙棘木二層
tw_185,前往_應許之島
tw_186,螳螂人
tw_187,獸人弓箭手
tw_188,獸人薩滿
tw_189,獸人步兵
tw_190,獸人衛兵
tw_191,獸人重弩手
tw_192,獸人僵屍
tw_193,獸人法師
tw_194,暗黑精靈
tw_195,黑暗蜘蛛
tw_196,精英骷髏
tw_197,柯拉
tw_198,精英骷髏弓箭手
tw_199,浮士德
tw_200,精英骷髏斧頭兵
tw_201,精英骷髏法師
tw_202,多麗絲
tw_203,達蒙
tw_204,吉爾維格 [魔法書]
tw_205,伽林
tw_206,稻草人
tw_207,精英骷髏長矛兵
tw_208,柯爾絲頓
tw_209,傳教士[經驗回購]
tw_210,骷髏法師
tw_211,雞
tw_212,蘿拉
tw_213,拿俄米
tw_214,奈洛比
tw_215,瑪拉
tw_216,鴨
tw_217,瑪西婭
tw_218,鵝
tw_219,尼翠爾
tw_220,豬
tw_221,托勒密
tw_222,兔
tw_223,"帕斯卡 [武器店]"
tw_224,羅達
tw_225,雷蒙德
tw_226,瑞瑪奧
tw_227,拉姆
tw_228,"瑞比婭 [防具店]"
tw_229,羊
tw_230,"索瑪麗 [道具店]"
tw_231,塞迪
tw_232,瑟斯頓
tw_233,西彌斯
tw_234,尤塔
tw_235,阿普頓
tw_236,應許之島碼頭船家
tw_237,梅林
tw_238,娜塔莉塔
tw_239,士兵
tw_240,城堡士兵
tw_241,達特福德城堡士兵
tw_242,瓦爾妲
tw_243,to_測試專用圖
tw_244,變異食人魔
tw_245,變異巴西利斯克
tw_246,弱化哈爾皮埃
tw_247,變異蜥蜴人
tw_248,弱化狼人
tw_249,安德魯
tw_250,古紮布
tw_251,變異巨眼怪
tw_252,"卡古克 [倉庫]"
tw_253,"彼格古 [武器店]"
tw_254,"艾格琳"
tw_255,"拉之葛 [道具店]"
tw_256,拉娜
tw_257,勞西安
tw_258,歐文
tw_259,弱化蠍子
tw_260,獨眼巨人_變色
tw_261,雙頭巨人_變色
tw_262,德雷克_變色
tw_263,弱化梟熊
tw_264,莎貝可
tw_265,弱化小惡魔
tw_266,豺狼人_變色
tw_267,弱化戰蜥人
tw_268,巨魔_變色
tw_269,哥布林_變色
tw_270,史萊姆_變色
tw_271,黑暗蜘蛛_變色
tw_272,弱化螳螂人
tw_273,沙棘木城堡
tw_274,沙棘木城堡_塔_2
tw_275,沙棘木城堡_塔_3
tw_276,沙棘木城堡_塔_4
tw_277,妖魔城堡_塔_1
tw_278,妖魔城堡_塔_2
tw_279,妖魔城堡_塔_3
tw_280,妖魔城堡_塔_4
tw_281,伊蒂絲
tw_282,格斯
tw_283,珀西
tw_284,格溫
tw_285,胡佛
tw_286,埃文
tw_287,伊內姿
tw_288,"杜拉 [藥店]"
tw_289,朗姆
tw_290,伊特
tw_291,妖魔城堡士兵
tw_292,獸人步兵_變色
tw_293,獸人衛兵_變色
tw_294,弱化昂哥蜘蛛
tw_295,霍布哥布林_變色
tw_296,魅魔妖后_變色
tw_297,獅鷲_變色
tw_298,史萊姆_變色_土
tw_299,史萊姆_變色_火
tw_300,哥布林_變色_土
tw_301,茵卡_衛兵
tw_302,"赫爾默斯 [應許之島地監]"
tw_303,"布魯克斯 [武器店]"
tw_304,"船家 [傳送師]"
tw_305,"賈絲汀娜 [道具店]"
tw_306,"利婭 [防具店]"
tw_307,"安德魯 [倉庫]"
tw_308,"托勒密 [骨甲師]"
tw_309,"多麗絲 [防具製作]"
tw_310,"澤斯"
tw_311,加夫
tw_312,奧莉維亞
tw_313,卡洛斯
tw_314,維姬
tw_315,安布羅斯
tw_316,布蘭東
tw_317,魯弗斯
tw_318,菲莉絲
tw_319,納爾遜
tw_320,埃爾莎
tw_321,吉婭
tw_322,卡蜜拉
tw_323,洛勒萊
tw_324,羅漢
tw_325,凱爾
tw_326,塞拉
tw_327,韋斯莉
tw_328,蓋奇
tw_329,洛雷塔
tw_330,布萊恩
tw_331,南尼特
tw_332,考爾德
tw_333,波西亞
tw_334,蘭斯
tw_335,卡爾
tw_336,大衛
tw_337,瑪麗思
tw_338,吉爾
tw_339,赫西
tw_340,加雷斯
tw_341,夏伊洛
tw_342,卡米麗婭
tw_343,克雷格
tw_344,雷納德
tw_345,菲德拉
tw_346,"加斯 [伊丁之極傳送]"
tw_347,貝蒂娜
tw_348,亞倫
tw_349,馬丁
tw_350,"卡羅爾 [倉庫]"
tw_351,莉雅
tw_352,維蘭瑟
tw_353,海安
tw_354,安緹諾雅
tw_355,沙棘木城堡遠端士兵
tw_356,達特福德城堡遠端士兵
tw_357,恩尼亞裡斯
tw_358,赫爾默斯
tw_359,刺蟻
tw_360,裡克
tw_361,火蟻
tw_362,白蟻
tw_363,巨螞蟻_變色
tw_364,狐猴
tw_365,小熊貓
tw_366,艾德爾
tw_367,尤林
tw_368,"芭弗 [藥店]"
tw_369,"尤托爾 [道具店]"
tw_370,"姆雅克"
tw_371,斯洛格
tw_372,"伊卡古特 [倉庫]"
tw_373,"約翰格 [武器店]"
tw_374,"貝舒可 [防具製作]"
tw_375,布林
tw_376,阿米古格
tw_377,塞古夫
tw_378,熊貓
tw_379,熊
tw_380,鎧鼠
tw_381,卡珊特拉居所士兵
tw_382,冒險者
tw_383,菲利克斯
tw_384,帕奇
tw_385,魔導師
tw_386,巨力怪
tw_387,傳送師
tw_388,穿山甲
tw_389,沃倫
tw_390,戈東
tw_391,艾力克
tw_392,德拉斯
tw_393,亨特
tw_394,小貓
tw_395,"泰森 [武器製作]"
tw_396,王子
tw_397,男騎士
tw_398,男法師
tw_399,男精靈
tw_400,公主
tw_401,女騎士
tw_402,女法師
tw_403,女精靈
tw_404,正義者
tw_405,邪惡者
tw_406,中立者
tw_407,武器-匕首
tw_408,武器-單手鈍器
tw_409,武器-單手弓
tw_410,武器-單手矛
tw_411,武器-單手魔杖
tw_412,武器-雙手鈍器
tw_413,武器-雙手弓
tw_414,武器-雙手劍
tw_415,武器-雙手矛
tw_416,防具-頭盔
tw_417,防具-斗篷
tw_418,防具-T恤
tw_419,防具-盔甲
tw_420,防具-手套
tw_421,防具-鞋
tw_422,防具-盾
tw_423,防具-項錬
tw_424,防具-戒指
tw_425,防具-腰帶
tw_426,防具-耳環
tw_427,魔法書-通用
tw_428,魔法書-法師
tw_429,魔法書-精靈
tw_430,魔法書-騎士
tw_431,魔法書-皇族
tw_432,道具-藥水
tw_433,道具-功能卷軸
tw_434,道具-傳送卷軸
tw_435,武器-单手劍
tw_436,道具-杂物
tw_437,"西奧多 [寄賣市場]"
tw_438,"斯凱 [血盟管理員]"
tw_439,奈特
tw_440,羅傑[強化]
tw_441,"優惠商人 [限時]"
tw_442,"活動聯絡者 [限時]"
tw_443,邪惡屠戮者
tw_444,邪惡監視者
tw_445,邪惡審判者
tw_446,煉金師
tw_447,狄亞戈
tw_448,神秘商人
tw_449,狼人偽裝者
tw_450,侏儒偽裝者
tw_451,獸人偽裝者
tw_452,獸人戰士偽裝者
tw_453,地精偽裝者
tw_454,哥布林偽裝者
tw_455,霍布哥布林偽裝者
tw_456,侏儒戰士偽裝者
tw_457,哈維爾[強化]
tw_458,斯溫
tw_459,遊歷商人
tw_460,五星大師
tw_461,漆黑的熊地精
tw_462,漆黑的螳螂人
tw_463,漆黑的地獄犬
tw_464,漆黑的石頭戈崙
tw_465,漆黑的骷髏
tw_466,漆黑的骷髏弓箭手
tw_467,漆黑的骷髏斧頭兵
tw_468,漆黑的骷髏長矛兵
tw_469,漆黑的夜影
tw_470,漆黑的食屍鬼
tw_471,漆黑的昂哥蜘蛛
tw_472,漆黑的喪屍
tw_473,"賈克斯 [材料合成]"
tw_474,"永生者 [賬號綁定]"
tw_475,活動幸運禮包
tw_476,活動贊王禮包
tw_477,活動參與禮包
tw_478,活動禮包
tw_479,"蒂安神的僕從 [誓約書]"
tw_480,蒂安神的贈禮[1天]
tw_481,蒂安神的贈禮[3天]
tw_482,蒂安神的贈禮[30天]
tw_483,蒂安神的贈禮
tw_484,蒂安神的贈禮[7天]
tw_485,死神瑪麗亞的僕從
tw_486,墮落的守門者
tw_487,"死神瑪麗亞的僕從 [傳送]"
tw_488,"克萊夫 [血盟倉庫管理員]"
tw_489,"潘 [牧羊人]"
tw_490,枯萎的木靈
tw_491,"月光女神瓦爾妲[覺醒]"
tw_492,"西維亞"
tw_493,不給糖就搗蛋
tw_494,給糖就不搗蛋
tw_495,搗亂的小惡魔
tw_496,節日使者
tw_497,長者薩滿
tw_498,"落魄的海賊 [寶藏]"
tw_499,友善戒指
tw_500,高級魔法寶石
tw_501,裝備保護卷軸
tw_502,聖書
tw_503,銅鑰匙
tw_504,木鑰匙
tw_505,魔法書
tw_506,卷軸
tw_507,慎重藥水
tw_508,勇敢藥水
tw_509,樹皮
tw_510,復甦的樹枝
tw_511,羽毛
tw_512,笛子
tw_513,庫洛碎片
tw_514,水晶
tw_515,粉末
tw_516,花束
tw_517,自我加速藥水
tw_518,綠色藥水
tw_519,治癒藥水
tw_520,紅色藥水
tw_521,加速魔力恢復藥水
tw_522,藍色藥水
tw_523,解毒藥水
tw_524,翡翠藥水
tw_525,終極治癒藥水
tw_526,白色藥水
tw_527,強力治癒藥水
tw_528,橙色藥水
tw_529,南瓜
tw_530,玉米
tw_531,金幣
tw_532,精靈餅乾
tw_533,應許之島村莊指定傳送卷軸
tw_534,應許地監1層指定傳送卷軸
tw_535,應許地監2層指定傳送卷軸
tw_536,古老隧道指定傳送卷軸
tw_537,馬洛斯地監1層指定傳送卷軸
tw_538,馬洛斯地監2層指定傳送卷軸
tw_539,馬洛斯地監3層指定傳送卷軸
tw_540,馬洛斯地監4層指定傳送卷軸
tw_541,馬洛斯地監5層指定傳送卷軸
tw_542,馬洛斯地監6層指定傳送卷軸
tw_543,馬洛斯地監7層指定傳送卷軸
tw_544,物品測試指定傳送卷軸
tw_545,沙棘木地監獄1層指定傳送卷軸
tw_546,沙棘木地監獄2層指定傳送卷軸
tw_547,騎特拉村莊指定傳送卷軸
tw_548,騎特拉地監1層指定傳送卷軸
tw_549,騎特拉地監2層指定傳送卷軸
tw_550,騎特拉地監3層指定傳送卷軸
tw_551,騎特拉地監4層指定傳送卷軸
tw_552,沙棘木村莊指定傳送卷軸
tw_553,沙漠綠洲指定傳送卷軸
tw_554,馬洛斯城鎮指定傳送卷軸
tw_555,妖魔村莊指定傳送卷軸
tw_556,妖魔城堡指定傳送卷軸
tw_557,沙棘木城堡指定傳送卷軸
tw_558,沙棘木內城指定傳送卷軸
tw_559,精靈園林指定傳送卷軸
tw_560,精靈地監1層指定傳送卷軸
tw_561,精靈地監2層指定傳送卷軸
tw_562,精靈地監3層指定傳送卷軸
tw_563,德雷克地監1層指定傳送卷軸
tw_564,德雷克地監2層指定傳送卷軸
tw_565,德雷克地監3層指定傳送卷軸
tw_566,德雷克地監4層指定傳送卷軸
tw_567,德雷克地監5層指定傳送卷軸
tw_568,德雷克地監6層指定傳送卷軸
tw_569,德雷克地監7層指定傳送卷軸
tw_570,伊丁之極指定傳送卷軸
tw_571,蟻洞1-1指定傳送卷軸
tw_572,蟻洞1-2指定傳送卷軸
tw_573,蟻洞1-3指定傳送卷軸
tw_574,蟻洞1-4指定傳送卷軸
tw_575,蟻洞1-5指定傳送卷軸
tw_576,蟻洞1-6指定傳送卷軸
tw_577,蟻洞2-1指定傳送卷軸
tw_578,蟻洞2-2指定傳送卷軸
tw_579,蟻洞2-3指定傳送卷軸
tw_580,蟻洞3層指定傳送卷軸
tw_581,蟻后巢穴指定傳送卷軸
tw_582,"精靈結晶(水)"
tw_583,"精靈結晶(火)"
tw_584,"精靈結晶(風)"
tw_585,"精靈結晶(地)"
tw_586,通用卷軸
tw_587,地圖
tw_588,船票
tw_589,+1等級卷軸
tw_590,-1等級卷軸
tw_591,+10K正義值卷軸
tw_592,-10K正義值卷軸
tw_593,死亡藥水
tw_594,召喚怪物魔杖
tw_595,馬洛斯酒店室內-1指定傳送卷軸
tw_596,馬洛斯酒店室內-2指定傳送卷軸
tw_597,馬洛斯酒店室內-3指定傳送卷軸
tw_598,馬洛斯酒店室內-4指定傳送卷軸
tw_599,馬洛斯酒店室內-4指定傳送卷軸
tw_600,沙漠地區酒店-1指定傳送卷軸
tw_601,沙漠地區酒店-2指定傳送卷軸
tw_602,沙漠地區酒店-3指定傳送卷軸
tw_603,沙漠地區酒店-4指定傳送卷軸
tw_604,沙漠地區酒店-5指定傳送卷軸
tw_605,應許村酒店-1指定傳送卷軸
tw_606,應許村酒店-2指定傳送卷軸
tw_607,應許村酒店-3指定傳送卷軸
tw_608,應許村酒店-4指定傳送卷軸
tw_609,應許村酒店-5指定傳送卷軸
tw_610,應許村酒店-5指定傳送卷軸
tw_611,重置魔法藥水
tw_612,新手卷軸
tw_613,勞華地監傳送卷軸
tw_614,寧神藥水
tw_615,弱化狼人的獠牙
tw_616,時光晶石碎片
tw_617,弱化哈爾皮埃的飛羽
tw_618,弱化梟熊的食物
tw_619,新手強力治癒藥水
tw_620,新手橙色藥水
tw_621,香草餅乾
tw_622,新手治癒藥水
tw_623,新手紅色藥水
tw_624,新手自我加速藥水
tw_625,新手綠色藥水
tw_626,[伊丁豐碑]傳送卷軸
tw_627,賈絲汀娜的貨箱
tw_628,火藤
tw_629,斷刃
tw_630,喪屍的靈魂晶石
tw_631,魔眼的靈魂晶石
tw_632,食屍鬼的血液
tw_633,狼皮
tw_634,時光晶石
tw_635,利婭的防具貨箱
tw_636,利婭的康復藥水
tw_637,亨特的皮革
tw_638,魔法書
tw_639,新手
tw_640,死亡騎士的僕從
tw_641,新手變形卷軸
tw_642,保護罩
tw_643,光箭
tw_644,冰箭
tw_645,初級治癒術
tw_646,指定傳送術
tw_647,日光術
tw_648,神聖武器
tw_649,風刃
tw_650,影牙術
tw_651,寒冷戰栗
tw_652,附魔武器
tw_653,毒咒
tw_654,火箭
tw_655,破匿之眼
tw_656,解毒術
tw_657,負重強化
tw_658,中級治癒術
tw_659,寒冰氣息
tw_660,極光雷電
tw_661,弱性感測
tw_662,超渡術
tw_663,護持
tw_664,暗盲咒術
tw_665,冥想術
tw_666,吸血鬼之吻
tw_667,壞物術
tw_668,岩牢
tw_669,燃燒的火球
tw_670,緩速術
tw_671,通暢氣脈術
tw_672,魔法屏障
tw_673,冰錐
tw_674,縛身術
tw_675,極道落雷
tw_676,聖潔之光
tw_677,迷魅術
tw_678,高級治癒術
tw_679,魔力奪取
tw_680,黑暗之影
tw_681,加速術
tw_682,地裂術
tw_683,弱化術
tw_684,烈炎術
tw_685,神佑武器
tw_686,傀儡術
tw_687,體魄強健術
tw_688,魔法相消術
tw_689,冰矛圍籬
tw_690,召喚術
tw_691,強力加速術
tw_692,狂暴術
tw_693,疾病術
tw_694,神聖疾走
tw_695,體力恢復術
tw_696,龍捲風
tw_697,魔法陷阱
tw_698,全部治癒術
tw_699,冰雪暴
tw_700,治癒風暴
tw_701,火牆
tw_702,返生術
tw_703,隱身術
tw_704,震裂術
tw_705,魔法封印
tw_706,破匿聖光
tw_707,沉睡之霧
tw_708,火風暴
tw_709,聖結界
tw_710,霜化術
tw_711,變形術
tw_712,集體傳送術
tw_713,雷霆風暴
tw_714,力場
tw_715,強化視野
tw_716,冰雪颶風
tw_717,煉魔武器
tw_718,流星雨
tw_719,究極光裂術
tw_720,終極返生術
tw_721,絕對屏障
tw_722,集體緩速術
tw_723,靈魂昇華
tw_724,換位術
tw_725,究極傳送術
tw_726,瞬間停止
tw_727,反射之池
tw_728,"火神慶典禮券"
tw_729,"[限時]"
tw_730,"任務物品"
tw_731,"火神伏爾坎的祝福券"
tw_732,"Lv.1武器源晶(封印)"
tw_733,"Lv.2武器源晶(封印)"
tw_734,"Lv.3武器源晶(封印)"
tw_735,"Lv.4武器源晶(封印)"
tw_736,"月靈石"
tw_737,"棋羿"
tw_738,"中秋禮券"
tw_739,"中秋禮券·兌換函"
tw_740,世界樹呼喚
tw_741,心靈轉換
tw_742,魔法防禦
tw_743,元素防禦
tw_744,淨化精神
tw_745,三重矢
tw_746,單元素防禦
tw_747,地面障礙
tw_748,大地防護
tw_749,水之元氣
tw_750,火焰武器
tw_751,釋放元素
tw_752,風之疾走
tw_753,風之神射
tw_754,魂體轉換
tw_755,通靈術
tw_756,大地屏障
tw_757,大地的祝福
tw_758,弱化元素
tw_759,暴風之眼
tw_760,水之防護
tw_761,烈炎氣息
tw_762,生命之泉
tw_763,魔法消除
tw_764,強力通靈術
tw_765,封印禁地
tw_766,元素之火
tw_767,暴風疾走
tw_768,暴風神射
tw_769,污濁之水
tw_770,烈炎武器
tw_771,烈焰之魂
tw_772,生命呼喚
tw_773,生命的祝福
tw_774,精準射擊
tw_775,灼魂之火
tw_776,鋼鐵防護
tw_777,鏡反射
tw_778,風之枷鎖
tw_779,大地之魂
tw_780,堅固防護
tw_781,增幅防禦
tw_782,反擊屏障
tw_783,衝擊之暈
tw_784,尖刺盔甲
tw_785,精準目標
tw_786,呼喚盟友
tw_787,激勵士氣
tw_788,援護盟友
tw_789,衝擊士氣
tw_790,鋼鐵士氣
tw_791,"新手福利"
tw_792,雷之元素
tw_793,火之元素
tw_794,水之元素
tw_795,土之元素
tw_796,風之元素
tw_797,豆沙月餅
tw_798,桂花月餅
tw_799,蓮蓉月餅
tw_800,雙黃月餅
tw_801,燈
tw_802,燈籠
tw_803,燈油
tw_804,魔法燈籠
tw_805,蠟燭
tw_806,創造怪物魔杖
tw_807,松木魔杖
tw_808,閃電魔杖
tw_809,烏木魔杖
tw_810,變形魔杖
tw_811,楓木魔杖
tw_812,驅逐魔杖
tw_813,"強化 自我加速藥水"
tw_814,"強化 綠色藥水"
tw_815,濃縮體力恢復藥劑
tw_816,濃縮紅藥水
tw_817,濃縮強力體力恢復劑
tw_818,濃縮橙藥水
tw_819,濃縮終極體力恢復劑
tw_820,濃縮白藥水
tw_821,古代治癒藥劑
tw_822,古代紅色藥水
tw_823,古代強力治癒藥劑
tw_824,古代橙色藥水
tw_825,古代終極治癒藥劑
tw_826,古代白色藥水
tw_827,失明藥水
tw_828,黑色藥水
tw_829,"萬能藥(力量)"
tw_830,"萬能藥(體質)"
tw_831,"萬能藥(敏捷)"
tw_832,"萬能藥(智力)"
tw_833,"萬能藥(精神)"
tw_834,"萬能藥(毅力)"
tw_835,紅酒
tw_836,威士忌
tw_837,精神藥水
tw_838,鑽石
tw_839,紅寶石
tw_840,藍寶石
tw_841,綠寶石
tw_842,品質鑽石
tw_843,品質紅寶石
tw_844,品質藍寶石
tw_845,品質綠寶石
tw_846,高品質鑽石
tw_847,高品質紅寶石
tw_848,高品質藍寶石
tw_849,高品質綠寶石
tw_850,肉
tw_851,魔眼之肉
tw_852,蛋
tw_853,胡蘿蔔
tw_854,檸檬
tw_855,香蕉
tw_856,蘋果
tw_857,橘子
tw_858,防具強化卷軸
tw_859,防具毀滅卷軸
tw_860,回村傳送卷軸
tw_861,集體傳送卷軸
tw_862,武器強化卷軸
tw_863,變形卷軸
tw_864,復活卷軸
tw_865,新手回村傳送卷軸
tw_866,新手解除裝備詛咒卷軸
tw_867,新手鑑定卷軸
tw_868,新手隨機傳送卷軸
tw_869,隨機傳送卷軸
tw_870,解除裝備詛咒卷軸
tw_871,鑑定卷軸
tw_872,戈崙之心
tw_873,金鑰匙
tw_874,德雷克之心
tw_875,鉑金幣
tw_876,酒店鑰匙
tw_877,銀鑰匙
tw_878,項圈
tw_879,磨刀石
tw_880,魔法寶石
tw_881,精靈玉
tw_882,斯科特之鱗
tw_883,斯科特之爪
tw_884,斯科特之眼
tw_885,斯科特之血
tw_886,斯科特之肉
tw_887,斯科特之心
tw_888,斯科特之骨
tw_889,斯科特之牙
tw_890,火龍鱗
tw_891,風龍鱗
tw_892,水龍鱗
tw_893,土龍鱗
tw_894,皮革
tw_895,高級皮革
tw_896,金屬塊
tw_897,黑暗蜘蛛絲
tw_898,狼皮
tw_899,白金金屬板
tw_900,白金
tw_901,白金原石
tw_902,史萊姆的胃液
tw_903,黑色秘銀
tw_904,黑色秘銀原石
tw_905,黑色秘銀金屬板
tw_906,藍色布料
tw_907,紅色布料
tw_908,白色布料
tw_909,鱗片
tw_910,蠍子之皮
tw_911,銀
tw_912,銀原石
tw_913,銀金屬板
tw_914,原石碎片
tw_915,精靈碎片
tw_916,地獄犬之皮
tw_917,黃金金屬板
tw_918,黃金
tw_919,黃金原石
tw_920,獅鷲之羽毛
tw_921,秘銀線
tw_922,秘銀塊
tw_923,秘銀金屬板
tw_924,線
tw_925,奧鋼
tw_926,奧鋼金屬板
tw_927,食人魔的血
tw_928,元素石
tw_929,精靈粉末
tw_930,精靈羽翼
tw_931,薄金屬板
tw_932,黑鑰匙
tw_933,紅鑰匙
tw_934,古代之箭
tw_935,箭
tw_936,銀箭
tw_937,黃金箭
tw_938,秘銀箭
tw_939,黑色秘銀箭
tw_940,奧鋼箭
tw_941,鋼鐵塊
tw_942,鋼鐵原石
tw_943,石頭
tw_944,溶解劑
tw_945,麵粉
tw_946,番茄
tw_947,聖水
tw_948,火屬性強化卷軸
tw_949,土屬性強化卷軸
tw_950,水屬性強化卷軸
tw_951,風屬性強化卷軸
tw_952,返生藥水
tw_953,信紙
tw_954,飾品強化卷軸
tw_955,鐵血徽章
tw_956,珍稀金屬
tw_957,虛空金屬
tw_958,亡靈骨頭
tw_959,破碎皮革(X)
tw_960,破碎皮革(Y)
tw_961,骷髏法師的骨髓
tw_962,淨化的靈魂晶石
tw_963,石頭戈崙之心
tw_964,污穢的靈魂晶石
tw_965,應許之島地監地圖
tw_966,古老隧道的信息
tw_967,力量精華
tw_968,污濁的靈魂晶石
tw_969,死亡騎士的亡靈碎骨
tw_970,虛空之石
tw_971,螳螂人的蠱惑之心
tw_972,人狼的巨牙
tw_973,食屍鬼的屍油
tw_974,食腐魔的不死肉
tw_975,裝有骷髏骨頭的貨箱
tw_976,糧食
tw_977,石盒
tw_978,古代鉑金幣
tw_979,誓約書
tw_980,治癒藥水(綁定)
tw_981,解毒藥水(綁定)
tw_982,強力治癒藥水(綁定)
tw_983,自我加速藥水(綁定)
tw_984,回村傳送卷軸(綁定)
tw_985,隨機傳送卷軸(綁定)
tw_986,解除裝備詛咒卷軸(綁定)
tw_987,鑑定卷軸(綁定)
tw_988,磨刀石(綁定)
tw_989,武器強化卷軸(綁定)
tw_990,防具強化卷軸(綁定)
tw_991,地獄木之匙
tw_992,黑血之匙
tw_993,高級變形卷軸
tw_994,終極變形卷軸
tw_995,智者之禮
tw_996,蒂安神的贈禮[60天]
tw_997,武器高級強化保護卷軸
tw_998,"[隱藏之谷·誓]入場券"
tw_999,"防護套裝"
tw_1000,獸人匕首
tw_1001,骰子匕首
tw_1002,短劍的劍身
tw_1003,匕首
tw_1004,精靈匕首
tw_1005,新手匕首
tw_1006,秘銀匕首
tw_1007,奧鋼匕首
tw_1008,失去魔力的布倫丹之劍
tw_1009,長劍的劍身
tw_1010,奧鋼之劍的劍身
tw_1011,獸人短劍
tw_1012,碎甲之刃
tw_1013,闊劍
tw_1014,短劍
tw_1015,銀劍
tw_1016,侏儒短劍
tw_1017,彎刀
tw_1018,精靈短劍
tw_1019,銀長劍
tw_1020,紅騎士之劍
tw_1021,長劍
tw_1022,黑騎士之劍
tw_1023,新手單手劍
tw_1024,大馬士革刀
tw_1025,黑騎士匕首
tw_1026,武士刀
tw_1027,細劍
tw_1028,波斯彎刀
tw_1029,新手雙手劍
tw_1030,雙手劍
tw_1031,布倫丹之杖
tw_1032,瑟魯基之劍
tw_1033,死亡騎士的火焰之劍
tw_1034,末日之刃
tw_1035,雙手巨劍
tw_1036,潘的犄角
tw_1037,秘銀之角
tw_1038,月刃長戟
tw_1039,獸人之矛
tw_1040,尖刺倒鉤戟
tw_1041,三叉戟
tw_1042,三尖戟
tw_1043,長槍
tw_1044,長矛
tw_1045,倒鉤戟
tw_1046,長柄刀槍
tw_1047,精靈之矛
tw_1048,奧鋼之角
tw_1049,內斯特長槍
tw_1050,長戟
tw_1051,斬矛
tw_1052,新手長矛
tw_1053,暗鴉戰矛
tw_1054,精靈魔抗短劍
tw_1055,精靈敏捷短劍
tw_1056,水晶魔杖
tw_1057,新手法杖
tw_1058,貝雷特之杖
tw_1059,巴風特之杖
tw_1060,巫術法杖
tw_1061,瑪娜之杖
tw_1062,瑪娜鋼杖
tw_1063,橡木法杖
tw_1064,巫師法杖
tw_1065,力量法杖
tw_1066,斧頭
tw_1067,儀式刀
tw_1068,棍棒
tw_1069,連枷
tw_1070,權杖
tw_1071,戰鎚
tw_1072,銀斧
tw_1073,戰斧
tw_1074,精鋼戰斧
tw_1075,狂戰士戰斧
tw_1076,流星錘
tw_1077,新手斧頭
tw_1078,巨斧
tw_1079,獵人之弓
tw_1080,精靈之弓
tw_1081,獸人之弓
tw_1082,弓
tw_1083,短弓
tw_1084,新手石弓
tw_1085,新手之弓
tw_1086,十字短弓
tw_1087,和弓
tw_1088,遠古弩槍
tw_1089,梵迪之弓
tw_1090,精靈魔力短劍
tw_1091,精靈體質短劍
tw_1092,專屬的瑪娜之杖
tw_1093,專屬的寶石魔杖
tw_1094,魔化長矛兵
tw_1095,魔化法師
tw_1096,魔化斧頭兵
tw_1097,魔化弓箭手
tw_1098,魔化戰士
tw_1099,魔化蜘蛛
tw_1100,魔化食屍鬼
tw_1101,魔化的熊地精王
tw_1102,腐爛之身
tw_1103,詛咒之法
tw_1104,瘟疫之源
tw_1105,厄運之首
tw_1106,魔化的食人魔王
tw_1107,怪老頭
tw_1108,怪老頭之影
tw_1109,倒楣鬼
tw_1110,倒楣鬼之影
tw_1111,魔化的蜘蛛女王
tw_1112,貪婪之斧
tw_1113,災難之爪
tw_1114,罪惡之鐮
tw_1115,魔化巴風特
tw_1116,"高級變形卷軸(新手)"
tw_1117,專屬的希望之劍
tw_1118,希望之劍
tw_1119,魔復藥水
tw_1120,馬洛斯地監1層指定傳送卷軸(綁定)
tw_1121,馬洛斯地監2層指定傳送卷軸(綁定)
tw_1122,馬洛斯地監3層指定傳送卷軸(綁定)
tw_1123,馬洛斯地監4層指定傳送卷軸(綁定)
tw_1124,馬洛斯地監5層指定傳送卷軸(綁定)
tw_1125,馬洛斯地監6層指定傳送卷軸(綁定)
tw_1126,馬洛斯地監7層指定傳送卷軸(綁定)
tw_1127,羊的骨頭
tw_1128,朽木
tw_1129,庫洛精華
tw_1130,圖騰
tw_1131,圖騰碎片
tw_1132,"大南瓜 [萬聖節]"
tw_1133,"南瓜餅乾 [萬聖節]"
tw_1134,獸人族的圖騰
tw_1135,精靈之晶
tw_1136,神之水
tw_1137,獸人首領的信物
tw_1138,迷霧魔法陣之書
tw_1139,迷霧魔法陣之心
tw_1140,月光女神的祝福
tw_1141,走失的羊
tw_1142,被盜的精靈羽翼
tw_1143,聖誕帽
tw_1144,聖誕襪
tw_1145,聖誕禮物
tw_1146,聖誕幸運禮物
tw_1147,短期誓約書
tw_1148,藏寶圖(應許之島)
tw_1149,藏寶圖(馬洛斯地區)
tw_1150,藏寶圖(妖魔地區)
tw_1151,藏寶圖(精靈園林)
tw_1152,藏寶圖(沙棘木地區)
tw_1153,高級藏寶圖(應許之島)
tw_1154,高級藏寶圖碎片一
tw_1155,高級藏寶圖碎片二
tw_1156,高級藏寶圖碎片三
tw_1157,高級藏寶圖碎片四
tw_1158,一等變形卷軸(騎士)
tw_1159,二等變形卷軸(騎士)
tw_1160,三等變形卷軸(騎士)
tw_1161,四等變形卷軸(騎士)
tw_1162,五等變形卷軸(騎士)
tw_1163,六等變形捲軸(騎士)
tw_1164,一等變形卷軸(法師)
tw_1165,二等變形卷軸(法師)
tw_1166,三等變形卷軸(法師)
tw_1167,四等變形卷軸(法師)
tw_1168,五等變形卷軸(法師)
tw_1169,六等變形捲軸(法師)
tw_1170,一等變形卷軸(精靈)
tw_1171,二等變形卷軸(精靈)
tw_1172,三等變形卷軸(精靈)
tw_1173,四等變形卷軸(精靈)
tw_1174,五等變形卷軸(精靈)
tw_1175,六等變形捲軸(精靈)
tw_1176,一等變形卷軸(王族)
tw_1177,二等變形卷軸(王族)
tw_1178,三等變形卷軸(王族)
tw_1179,四等變形卷軸(王族)
tw_1180,五等變形卷軸(王族)
tw_1181,六等變形捲軸(王族)
tw_1182,昂哥蜘蛛頭目
tw_1183,地精頭目
tw_1184,地獄犬頭目
tw_1185,哥布林頭目
tw_1186,霍布哥布林頭目
tw_1187,精英骷髏頭目
tw_1188,精英骷髏法師頭目
tw_1189,精英骷髏斧頭兵頭目
tw_1190,精英骷髏弓箭手頭目
tw_1191,精英骷髏長矛兵頭目
tw_1192,骷髏頭目
tw_1193,骷髏法師頭目
tw_1194,骷髏斧頭兵頭目
tw_1195,骷髏弓箭手頭目
tw_1196,骷髏長矛兵頭目
tw_1197,狼人頭目
tw_1198,魔眼頭目
tw_1199,人狼頭目
tw_1200,喪屍頭目
tw_1201,屍羅蜘蛛頭目
tw_1202,石頭戈侖頭目
tw_1203,食腐魔頭目
tw_1204,食人魔頭目
tw_1205,食屍鬼頭目
tw_1206,史萊姆頭目
tw_1207,獸人頭目
tw_1208,獸人法師頭目
tw_1209,獸人弓箭手頭目
tw_1210,獸人戰士頭目
tw_1211,螳螂人頭目
tw_1212,熊地精頭目
tw_1213,夜影頭目
tw_1214,侏儒頭目
tw_1215,侏儒戰士頭目
tw_1216,藏寶圖
tw_1217,高級藏寶圖
tw_1218,黑暗蜘蛛頭目
tw_1219,暗黑精靈頭目
tw_1220,獸人步兵頭目
tw_1221,獸人衛兵頭目
tw_1222,獸人重弩手頭目
tw_1223,獸人薩滿頭目
tw_1224,獸人僵屍頭目
tw_1225,一等變形卷軸
tw_1226,二等變形卷軸
tw_1227,三等變形卷軸
tw_1228,四等變形卷軸
tw_1229,五等變形卷軸
tw_1230,六等變形卷軸
tw_1231,晶石
tw_1232,土晶石
tw_1233,水晶石
tw_1234,風晶石
tw_1235,火晶石
tw_1236,福氣袋[喜]
tw_1237,福氣袋[迎]
tw_1238,福氣袋[慶]
tw_1239,福氣袋[典]
tw_1240,慶典糕點
tw_1241,慶典禮盒
tw_1242,先賢的祝福
tw_1243,紅爆竹
tw_1244,新年變形卷軸
tw_1245,快樂變形卷軸
tw_1246,調皮的年獸
tw_1247,貪吃的年獸
tw_1248,逃竄的年獸
tw_1249,破舊的高級變形卷軸(綁定)
tw_1250,高級變形卷軸(綁定)
tw_1251,精粹
tw_1252,梅林的魔法器具
tw_1253,Teon週年慶禮包
tw_1254,伺服器週年慶禮包
tw_1255,綁定
tw_1256,嗜血狼人
tw_1257,嗜血食人魔
tw_1258,嗜血狼人頭目
tw_1259,嗜血食人魔頭目
tw_1260,紅騎士之盾
tw_1261,魅魔頭目
tw_1262,蛇雞獸頭目
tw_1263,破舊的
tw_1264,閃亮的
tw_1265,艾美[裝飾]
tw_1266,貪婪的
tw_1267,[混亂角鬥場]
tw_1268,[寄賣市場]
tw_1269,[屬性轉化]
tw_1270,角色成長禮盒
tw_1271,希望聖石
tw_1272,帕特神廟的庇佑
tw_1273,和平戒指
tw_1274,澤斯的強力武器
tw_1275,武器強化卷軸(任務專屬)
tw_1276,被封印的誓約書[15天]
tw_1277,格羅瑞婭
tw_1278,魔法符石
tw_1279,魔法染料
tw_1280,特殊魔法染料
tw_1281,邪惡狩獵者
tw_1282,黑暗骷髏弓箭手
tw_1283,黑暗骷髏法師 
tw_1284,黑暗骷髏弓箭手頭目
tw_1285,黑暗骷髏法師頭目
tw_1286,血影
tw_1287,嗜血蜘蛛
tw_1288,惡魔弓箭手
tw_1289,紅騎士套裝
tw_1290,死亡騎士套裝
tw_1291,布倫丹套裝
tw_1292,皮制套裝
tw_1293,獸人套裝
tw_1294,侏儒套裝
tw_1295,尖刺皮制套裝
tw_1296,骷髏套裝
tw_1297,巫師套裝
tw_1298,鋼鐵套裝
tw_1299,尖刺皮涼鞋
tw_1300,皮帽
tw_1301,皮頭盔
tw_1302,鋼鐵頭盔
tw_1303,騎士頭巾
tw_1304,騎士頭盔
tw_1305,侏儒鋼盔
tw_1306,破舊的風之頭盔
tw_1307,死亡騎士頭盔
tw_1308,魔抗頭盔
tw_1309,巫師帽
tw_1310,魔法頭盔:敏捷
tw_1311,魔法頭盔:治癒
tw_1312,魔法頭盔:力量
tw_1313,斯韋丹之帽
tw_1314,皇冠
tw_1315,精靈敏捷頭盔
tw_1316,風之頭盔
tw_1317,阿提拉戰盔
tw_1318,索羅納之帽
tw_1319,感知頭盔
tw_1320,紅騎士頭巾
tw_1321,新手皮盔
tw_1322,詩蔻蒂之帽
tw_1323,埃爾姆的祝福
tw_1324,獸人頭盔
tw_1325,精靈皮盔
tw_1326,夜視頭盔
tw_1327,尖刺皮帽
tw_1328,精靈體質頭盔
tw_1329,恩多之帽
tw_1330,布倫丹軟帽
tw_1331,薇薇安頭飾
tw_1332,頭盔
tw_1333,骷髏頭盔
tw_1334,蟻后金翼
tw_1335,蟻后銀翼
tw_1336,侏儒斗篷
tw_1337,土之斗篷
tw_1338,瑪娜斗篷
tw_1339,魔抗斗篷
tw_1340,水之斗篷
tw_1341,風之斗篷
tw_1342,防護斗篷
tw_1343,紅騎士斗篷
tw_1344,紅色斗篷
tw_1345,火之斗篷
tw_1346,獸人斗篷
tw_1347,精靈斗篷
tw_1348,銀色斗篷
tw_1349,隱身斗篷
tw_1350,位移斗篷
tw_1351,油布斗篷
tw_1352,新手T恤
tw_1353,T恤
tw_1354,皮甲
tw_1355,皮背心
tw_1356,鋼鐵鎧甲
tw_1357,環甲
tw_1358,木甲
tw_1359,死亡騎士盔甲
tw_1360,板條甲
tw_1361,魔抗鏈甲
tw_1362,巫師長袍
tw_1363,棉質長袍
tw_1364,藤甲
tw_1365,巴風特盔甲
tw_1366,阿提拉戰甲
tw_1367,皮帶背心
tw_1368,鱗甲
tw_1369,骷髏盔甲
tw_1370,鏈甲
tw_1371,新手皮甲
tw_1372,水晶盔甲
tw_1373,獸人環甲
tw_1374,獸人鏈甲
tw_1375,精靈鏈甲
tw_1376,精靈鎧甲
tw_1377,精靈護胸金屬板
tw_1378,硬皮背心
tw_1379,尖刺皮甲
tw_1380,尖刺皮背心
tw_1381,青銅鎧甲
tw_1382,布倫丹護甲
tw_1383,薇薇安長袍
tw_1384,鎧甲
tw_1385,皮手套
tw_1386,鋼鐵手套
tw_1387,死亡騎士手套
tw_1388,阿提拉手套
tw_1389,防護手套
tw_1390,水靈手套
tw_1391,新手皮手套
tw_1392,雪地手套
tw_1393,水晶手套
tw_1394,土靈手套
tw_1395,火靈手套
tw_1396,手套
tw_1397,布倫丹手套
tw_1398,薇薇安手套
tw_1399,力量手套
tw_1400,風靈手套
tw_1401,護腕
tw_1402,皮靴
tw_1403,皮涼鞋
tw_1404,鋼鐵長靴
tw_1405,死亡騎士長靴
tw_1406,阿提拉戰靴
tw_1407,貝雷特長靴
tw_1408,巨型長靴
tw_1409,新手皮涼鞋
tw_1410,深海長靴
tw_1411,短靴
tw_1412,布倫丹長靴
tw_1413,薇薇安長靴
tw_1414,黑長者涼鞋
tw_1415,皮盾
tw_1416,鋼鐵盾牌
tw_1417,骷髏盾牌
tw_1418,木盾
tw_1419,侏儒圓盾
tw_1420,瑪娜水晶球
tw_1421,法力之書
tw_1422,反射之盾
tw_1423,紅眼魔盾
tw_1424,塔盾
tw_1425,新手皮盾
tw_1426,精靈盾牌
tw_1427,獸人盾牌
tw_1428,銀騎士之盾
tw_1429,小盾牌
tw_1430,尖刺皮盾
tw_1431,大盾牌
tw_1432,新卡美洛項錬
tw_1433,破舊的毅力項錬
tw_1434,破舊的敏捷項錬
tw_1435,破舊的力量項錬
tw_1436,破舊的智力項錬
tw_1437,破舊的精神項錬
tw_1438,破舊的體質項錬
tw_1439,毅力項錬
tw_1440,敏捷項錬
tw_1441,應許之島項錬
tw_1442,獸人項錬
tw_1443,力量項錬
tw_1444,智力項錬
tw_1445,精神項錬
tw_1446,體質項錬
tw_1447,骷髏項錬
tw_1448,魔抗戒指
tw_1449,變形控制戒指
tw_1450,新手指環
tw_1451,召喚控制戒指
tw_1452,水抗戒指
tw_1453,傳送控制戒指
tw_1454,土抗戒指
tw_1455,風抗戒指
tw_1456,魔抗指環
tw_1457,火抗戒指
tw_1458,破舊的血之腰帶
tw_1459,破舊的靈魂腰帶
tw_1460,破舊的精神腰帶
tw_1461,閃亮的血之腰帶
tw_1462,閃亮的靈魂腰帶
tw_1463,閃亮的精神腰帶
tw_1464,血之腰帶
tw_1465,靈魂腰帶
tw_1466,食人魔腰帶
tw_1467,勇敢腰帶
tw_1468,精神腰帶
tw_1469,巨魔腰帶
tw_1470,皮夾克
tw_1471,光之項錬
tw_1472,魔抗耳環
tw_1473,木夾克
tw_1474,魔抗T恤
tw_1475,小型毅力項錬
tw_1476,小型敏捷項錬
tw_1477,小型力量項錬
tw_1478,小型智力項錬
tw_1479,小型精神項錬
tw_1480,小型體質項錬
tw_1481,專屬的精靈敏捷頭盔
tw_1482,專屬的精靈體質頭盔
tw_1483,專屬的紅騎士頭巾
tw_1484,專屬的體質皮盔
tw_1485,專屬的敏捷皮盔
tw_1486,專屬的腥紅頭巾
tw_1487,魅魔妖后頭目
tw_1488,巨魔頭目
tw_1489,雙頭巨人頭目
tw_1490,血影頭目
tw_1491,嗜血蜘蛛頭目
tw_1492,惡魔弓箭手頭目
tw_1493,月輝耳環
tw_1494,星辰耳環
tw_1495,日炎耳環
tw_1496,守護耳環
tw_1497,勇者耳環
tw_1498,智者耳環
tw_1499,亞龍之矛
tw_1500,亞龍之矛頭目
tw_1501,亞龍之刃
tw_1502,亞龍之刃頭目
tw_1503,泥龍
tw_1504,荒龍
tw_1505,"I"
tw_1506,"Ⅱ"
tw_1507,"Ⅲ"
tw_1508,"IV"
tw_1509,"Ⅴ"
tw_1510,"Ⅵ"
tw_1511,伊丁秘錄
tw_1512,服務生[旅店]
tw_1513,禮物使者
tw_1514,蒂安神的嘉獎
tw_1515,幸運符石
tw_1516,邀請禮包
tw_1517,邀請會員禮包
tw_1518,亨特的戰鬥心得
tw_1519,強力解毒藥水
tw_1520,卡珊特拉居所
tw_1521,應許之島地監
tw_1522,馬洛斯地監
tw_1523,精靈地監
tw_1524,瓦爾妲居所
tw_1525,通往德雷克山嶽
tw_1526,通往精靈園林
tw_1527,德雷克山嶽地監
tw_1528,格羅瑞婭[寄賣市場]
tw_1529,通往馬洛斯地區
tw_1530,通往自然之地
tw_1531,蜥蜴人弓箭手
tw_1532,蠍子頭目
tw_1533,巴西利斯克頭目
tw_1534,哈爾皮埃頭目
tw_1535,蜥蜴人頭目
tw_1536,白蟻頭目
tw_1537,刺蟻頭目
tw_1538,蜥蜴人弓箭手頭目
tw_1539,沙漠毒蠍
tw_1540,銀紋斗篷
tw_1541,紅紋斗篷
tw_1542,一等變形卷軸(魔化)
tw_1543,二等變形卷軸(魔化)
tw_1544,三等變形卷軸(魔化)
tw_1545,四等變形卷軸(魔化)
tw_1546,五等變形卷軸(魔化)
tw_1547,六等變形卷軸(魔化)
tw_1548,高級變形卷軸(魔化)
tw_1549,秘銀劍
tw_1550,蠍子毒液
tw_1551,藥物
tw_1552,蜥蜴人皮
tw_1553,通行證
tw_1554,毒箭
tw_1555,犬牙
tw_1556,哥爾
tw_1557,奧蘭奶奶
tw_1558,喬治將軍
tw_1559,奧睿
tw_1560,馬林
tw_1561,哈伯特
tw_1562,神秘法師
tw_1563,吉婭[道具]
tw_1564,柯爾絲頓[藥店]
tw_1565,阿普頓
tw_1566,納爾遜[武器]
tw_1567,吉弗[倉庫]
tw_1568,塞拉[道具]
tw_1569,卡米拉[藥店]
tw_1570,雷蒙德[防具]
tw_1571,斯科特[武器]
tw_1572,喬斯林[倉庫]
tw_1573,奧吉廉[強化]
tw_1574,明德[寄賣市場]
tw_1575,卡米麗婭[道具]
tw_1576,瑪麗思[藥店]
tw_1577,克雷格
tw_1578,加雷斯[武器]
tw_1579,提伯爾特[倉庫]
tw_1580,威利梅[強化]
tw_1581,朱莉安娜[寄賣市場]
tw_1582,阿修[綠洲商人]
tw_1583,通往沙棘木地區
tw_1584,體力奪取
tw_1585,幸運商人
tw_1586,斧鉗巨蟻
tw_1587,火蟻頭目
tw_1588,兵蟻頭目
tw_1589,巨螞蟻頭目
tw_1590,回憶泉水
tw_1591,飾品強化保護卷軸
tw_1592,寶石魔杖
tw_1593,賞金
tw_1594,追獵魔杖
tw_1595,如意絲綢
tw_1596,炫彩煙花
tw_1597,煙花(任務)
tw_1598,慶典煙花
tw_1599,美好的祝願(任務)
tw_1600,1.2倍經驗魔方
tw_1601,1.3倍經驗魔方
tw_1602,1.4倍經驗魔方
tw_1603,神聖魔方
tw_1604,傳教士
tw_1605,慶典使者
tw_1606,邪惡地獄犬
tw_1607,迷你高級變形卷軸(綁定)
tw_1608,慶典糕點(任務專屬)
tw_1609,弱化侏儒
tw_1610,弱化哥布林
tw_1611,弱化霍布哥布林
tw_1612,弱化豺狼人
tw_1613,庫力特
tw_1614,生命聖泉
tw_1615,防具強化卷軸(任務專屬)
tw_1616,新手斗篷
tw_1617,糧食
tw_1618,木材
tw_1619,木弓
tw_1620,侏儒戰士的頭盔
tw_1621,紫色的藥水
tw_1622,獸人戰士的毛髮
tw_1623,藥物
tw_1624,腐肉
tw_1625,魔眼的靈魂晶石
tw_1626,腐肉
tw_1627,永生之果
tw_1628,破皮革
tw_1629,狼人的爪
tw_1630,銀戒指
tw_1631,骷髏盔甲
tw_1632,屍羅蜘蛛的牙
tw_1633,獸人戰士的斧頭
tw_1634,不死鳥之羽
tw_1635,法陣魔石
tw_1636,魔戒
tw_1637,卡夏
tw_1638,法拉
tw_1639,雷文
tw_1640,赫伯特
tw_1641,阿卡拉
tw_1642,凱恩
tw_1643,阿特瑪
tw_1644,傑拉瑪
tw_1645,愛西亞
tw_1646,霍頓
tw_1647,侏儒的信物
tw_1648,哥布林的匕首
tw_1649,僕從的靈魂
tw_1650,死亡之花的花瓣
tw_1651,死亡之花的花籽
tw_1652,被盜的金屬塊
tw_1653,被盜的物資
tw_1654,地精的棍棒
tw_1655,損壞的弓
tw_1656,騷擾農場的證據
tw_1657,火藤草
tw_1658,愛人的信物
tw_1659,士兵的銘牌
tw_1660,靈魂結晶
tw_1661,魔眼的肉
tw_1662,狼人的魂晶
tw_1663,金屬塊(任務物品)
tw_1664,蜘蛛的腿
tw_1665,狼人的獠牙
tw_1666,蜘蛛絲
tw_1667,蜘蛛的毒液
tw_1668,信函
tw_1669,人狼的皮毛
tw_1670,破舊的書本(需要銷毀)
tw_1671,破舊的頭盔(需要存放到角色倉庫)
tw_1672,初心者匕首
tw_1673,初心者之弓
tw_1674,初心者之劍
tw_1675,初心者之杖
tw_1676,閃亮的初心者之弓
tw_1677,閃亮的初心者之劍
tw_1678,閃亮的初心者之杖
tw_1679,初心者T恤
tw_1680,初心者之甲
tw_1681,初心者披風
tw_1682,初心者頭盔
tw_1683,初心者手套
tw_1684,初心者之靴
tw_1685,初心者之盾
tw_1686,初心者之戒
tw_1687,閃亮的初心者披風
tw_1688,閃亮的初心者頭盔
tw_1689,納爾德
tw_1690,阿爾諾
tw_1691,阿森林
tw_1692,巴瑞特
tw_1693,德魯
tw_1694,德拉斯的藥水
tw_1695,德拉斯的道具
tw_1696,德拉斯的武器
tw_1697,德拉斯的防具
tw_1698,雷文的戒指
tw_1699,勇士徽章
tw_1700,魔法斧頭
tw_1701,引路鳥
tw_1702,愛西亞的地圖
tw_1703,加百利[強者試煉]
tw_1704,泊爾[引導員]
tw_1705,試練者的證明
tw_1706,"等級40-49區域"
tw_1707,"等級50-56區域"
tw_1708,"等級57-63區域"
tw_1709,"等級64-69區域"
tw_1710,"試煉之石"
tw_1711,"巴蒂[盟戰]"
tw_1712,"哈娜[領地]"
tw_1713,"血盟領地傳送卷軸"
tw_1714,"盔甲碎片"
tw_1715,"沙漠獵犬"
tw_1716,"死亡之花"
tw_1717,"死刺蜘蛛"
tw_1718,"骷髏骨頭"
tw_1719,"沙漠獵犬頭目"
tw_1720,"死亡之花頭目"
tw_1721,"死刺蜘蛛頭目"
tw_1722,"屈原長靴·魔刹"
tw_1723,"屈原長靴·防護"
tw_1724,"屈原長靴·精準"
tw_1725,"屈原長靴·專注"
tw_1726,"八寶粽"
tw_1727,"鹹蛋粽"
tw_1728,"水晶果肉粽"
tw_1729,"糯米"
tw_1730,"端午活動印花"
tw_1731,"屈原紀念禮盒"
tw_1732,"魔物巢穴傳送師"
tw_1733,"巢穴通行證"
tw_1734,"被封印的遠古之弩"
tw_1735,"被封印的遠古巨劍"
tw_1736,"被封印的遠古之劍"
tw_1737,"被封印的遠古短匕"
tw_1738,"被封印的遠古戰矛"
tw_1739,"被封印的遠古巨斧"
tw_1740,"遠古之弩[已封存]"
tw_1741,"遠古巨劍[已封存]"
tw_1742,"遠古之劍[已封存]"
tw_1743,"遠古短匕[已封存]"
tw_1744,"遠古戰矛[已封存]"
tw_1745,"遠古巨斧[已封存]"
tw_1746,"神印卷軸"
tw_1747,"遠古治癒藥水"
tw_1748,"遠古強力治癒藥水"
tw_1749,"遠古牛頭人"
tw_1750,"遠古牛頭人戰士"
tw_1751,"遠古蛇女"
tw_1752,"遠古刀鋒怪"
tw_1753,"遠古恐爪怪"
tw_1754,"遠古惡魔長者"
tw_1755,"遠古牛頭人頭目"
tw_1756,"遠古牛頭人戰士頭目"
tw_1757,"遠古蛇女頭目"
tw_1758,"遠古刀鋒怪頭目"
tw_1759,"遠古恐爪怪頭目"
tw_1760,"遠古惡魔長者頭目"
tw_1761,"遠古德雷克頭目"
tw_1762,"遠古小惡魔頭目"
tw_1763,"屈原長靴·破綻"
tw_1764,"屈原長靴·琥珀"
tw_1765,"屈原長靴·甲胄"
tw_1766,"神棄之島船夫"
tw_1767,"神棄之島船票"
tw_1768,"瓊"
tw_1769,"弗里"
tw_1770,"弱化獸人弓箭手"
tw_1771,"弱化死亡之花"
tw_1772,"愛麗絲[售票員]"
tw_1773,"船票"
tw_1774,"愛琳[武器製作/傳送]"
tw_1775,"遠古血晶"
tw_1776,"遠古終極治癒藥水"
tw_1777,"遠古放逐者之淚"
tw_1778,"遠古蛇雞獸"
tw_1779,"遠古熊地精"
tw_1780,"遠古雙頭巨人"
tw_1781,"遠古小惡魔"
tw_1782,"遠古蛇雞獸頭目"
tw_1783,"遠古熊地精頭目"
tw_1784,"遠古雙頭巨人頭目"
tw_1785,"遠古德雷克"
tw_1786,"約書亞[商人]"
tw_1787,"歐朗"
tw_1788,"米隆"
tw_1789,"阿圖爾"
tw_1790,"阿爾科克"
tw_1791,"塞萊"
tw_1792,"強者試煉書"
tw_1793,"試煉票盒"
tw_1794,"試煉門票"
tw_1795,"放逐者之力·石化"
tw_1796,"放逐者之魘·石化"
tw_1797,"放逐者之淚·石化"
tw_1798,"放逐者之力·毒"
tw_1799,"放逐者之魘·毒"
tw_1800,"放逐者之淚·毒"
tw_1801,"被盜的物資"
tw_1802,"哥布林的棍棒"
tw_1803,"死亡之花的枝葉"
tw_1804,"騷擾農場的證據"
tw_1805,"貝亞德[試煉之地傳送師]"
tw_1806,"獸人法師的法袍"
tw_1807,"昂哥蜘蛛的絲"
tw_1808,"滅魔頭盔"
tw_1809,"滅魔斗篷"
tw_1810,"滅魔鏈甲"
tw_1811,"滅魔T恤"
tw_1812,"滅魔長靴"
tw_1813,"梟熊頭目"
tw_1814,"狼人的皮"
tw_1815,"骷髏圓盾"
tw_1816,"骷髏法杖"
tw_1817,"骷髏巨斧"
tw_1818,"人狼的骨頭"
tw_1819,"藍色結晶"
tw_1820,"紅色結晶"
tw_1821,"白色結晶"
tw_1822,"褐色結晶"
tw_1823,"食腐魔的胃液"
tw_1824,"地獄犬的獠牙"
tw_1825,"殭屍的玉"
tw_1826,"梟熊的肉"
tw_1827,"暗黑精靈的箭"
tw_1828,"黑暗蜘蛛的網"
tw_1829,"獸人衛兵的徽章"
tw_1830,"獸人薩滿的血"
tw_1831,"獸人重弩手的箭"
tw_1832,"英雄戒指Lv.1"
tw_1833,"英雄戒指Lv.2"
tw_1834,"英雄戒指Lv.3"
tw_1835,"英雄戒指Lv.4"
tw_1836,"英雄紋章"
tw_1837,"卡司特之劍"
tw_1838,"瑟鲁基之劍"
tw_1839,"巨龍雙手劍"
tw_1840,"沙魯戰矛"
tw_1841,"精鋼巨斧"
tw_1842,"巨龍戰斧"
tw_1843,"黑暗法杖"
tw_1844,"光明法杖"
tw_1845,"巴德匕首"
tw_1846,"奧魯短匕"
tw_1847,"尤伢之弓"
tw_1848,"巴拉爾頭盔"
tw_1849,"精靈頭盔"
tw_1850,"克魔頭盔"
tw_1851,"克魔斗篷"
tw_1852,"銀騎士斗篷"
tw_1853,"先知斗篷"
tw_1854,"靈敏斗篷"
tw_1855,"克魔T恤"
tw_1856,"軟皮甲"
tw_1857,"精鍛皮甲"
tw_1858,"銀絲皮甲"
tw_1859,"金絲皮甲"
tw_1860,"卡司特鏈甲"
tw_1861,"克魔鏈甲"
tw_1862,"體力手套"
tw_1863,"魔力手套"
tw_1864,"敏捷手套"
tw_1865,"魔攻手套"
tw_1866,"克魔手套"
tw_1867,"德雷克"
tw_1868,"德雷克的僕從"
tw_1869,"滅魔手套"
tw_1870,"軟皮靴"
tw_1871,"長靴"
tw_1872,"克魔長靴"
tw_1873,"修煉者長靴"
tw_1874,"守護者長靴"
tw_1875,"掠奪者長靴"
tw_1876,"監察者長靴"
tw_1877,"聽風者長靴"
tw_1878,"克魔之盾"
tw_1879,"英雄項錬Lv.1"
tw_1880,"莉雅項錬"
tw_1881,"英雄項錬Lv.2"
tw_1882,"卑彌兒項錬"
tw_1883,"英雄項錬Lv.3"
tw_1884,"守護項錬"
tw_1885,"力·英雄項錬Lv.4"
tw_1886,"魔·英雄項錬Lv.4"
tw_1887,"敏·英雄項錬Lv.4"
tw_1888,"比諾耳環"
tw_1889,"亞安耳環"
tw_1890,"索裡耳環"
tw_1891,"歐吉耳環"
tw_1892,"卡莎耳環"
tw_1893,"凱鳴耳環"
tw_1894,"繁星耳環"
tw_1895,"月華耳環"
tw_1896,"日冕耳環"
tw_1897,"卡薩戰矛"
tw_1898,"友善指環"
tw_1899,"和平指環"
tw_1900,"能量戒指"
tw_1901,"克魔戒指"
tw_1902,"灼之戒"
tw_1903,"寒之戒"
tw_1904,"荒之戒"
tw_1905,"翼之戒"
tw_1906,"破舊的體力腰帶"
tw_1907,"破舊的能量腰帶"
tw_1908,"破舊的魔力腰帶"
tw_1909,"體力腰帶"
tw_1910,"能量腰帶"
tw_1911,"魔力腰帶"
tw_1912,"白銀長劍"
tw_1913,"黃金長劍"
tw_1914,"瘋魔細劍"
tw_1915,"預言家之劍"
tw_1916,"月弩"
tw_1917,"獵人之弓"
tw_1918,"一階武器淨化藥水"
tw_1919,"二階武器淨化藥水"
tw_1920,"三階武器淨化藥水"
tw_1921,"四階武器淨化藥水"
tw_1922,"五階武器淨化藥水"
tw_1923,"六階武器淨化藥水"
tw_1924,"七階武器淨化藥水"
tw_1925,"八階武器淨化藥水"
tw_1926,"九階武器淨化藥水"
tw_1927,"一階防具淨化藥水"
tw_1928,"二階防具淨化藥水"
tw_1929,"三階防具淨化藥水"
tw_1930,"四階防具淨化藥水"
tw_1931,"五階防具淨化藥水"
tw_1932,"六階防具淨化藥水"
tw_1933,"七階防具淨化藥水"
tw_1934,"八階防具淨化藥水"
tw_1935,"九階防具淨化藥水"
tw_1936,"一階飾品淨化藥水"
tw_1937,"二階飾品淨化藥水"
tw_1938,"三階飾品淨化藥水"
tw_1939,"四階飾品淨化藥水"
tw_1940,"五階飾品淨化藥水"
tw_1941,"六階飾品淨化藥水"
tw_1942,"七階飾品淨化藥水"
tw_1943,"八階飾品淨化藥水"
tw_1944,"九階飾品淨化藥水"
tw_1945,"瑕疵的卡司特之劍"
tw_1946,"瑕疵的暗魂騎士之劍"
tw_1947,"瑕疵的銀騎士之劍"
tw_1948,"瑕疵的白銀長劍"
tw_1949,"瑕疵的黃金長劍"
tw_1950,"瑕疵的瘋魔長劍"
tw_1951,"瑕疵的預言家之劍"
tw_1952,"瑕疵的雙手劍"
tw_1953,"瑕疵的沙魯戰矛"
tw_1954,"瑕疵的精鋼巨斧"
tw_1955,"瑕疵的巨龍戰斧"
tw_1956,"瑕疵的瑪娜之杖"
tw_1957,"瑕疵的黑暗法杖"
tw_1958,"瑕疵的光明法杖"
tw_1959,"瑕疵的巴德匕首"
tw_1960,"瑕疵的奧魯短匕"
tw_1961,"瑕疵的十字短弓"
tw_1962,"尤與伢的契約"
tw_1963,"瑕疵的月弩"
tw_1964,"瑕疵的獵人之弓"
tw_1965,"瑕疵的尖刺皮帽"
tw_1966,"瑕疵的騎士頭盔"
tw_1967,"瑕疵的巴拉爾頭盔"
tw_1968,"治療水晶"
tw_1969,"力量水晶"
tw_1970,"瑕疵的克魔頭盔"
tw_1971,"瑕疵的滅魔頭盔"
tw_1972,"鋼鐵意志"
tw_1973,"瑕疵的紅騎士頭巾"
tw_1974,"瑕疵的精靈頭盔"
tw_1975,"瑕疵的油布斗篷"
tw_1976,"瑕疵的銀紋斗篷"
tw_1977,"瑕疵的紅紋斗篷"
tw_1978,"瑕疵的防護斗篷"
tw_1979,"瑕疵的克魔斗篷"
tw_1980,"瑕疵的滅魔斗篷"
tw_1981,"瑕疵的銀騎士斗篷"
tw_1982,"瑕疵的先知斗篷"
tw_1983,"瑕疵的靈敏斗篷"
tw_1984,"瑕疵的T恤"
tw_1985,"瑕疵的克魔T恤"
tw_1986,"瑕疵的滅魔T恤"
tw_1987,"瑕疵的軟皮甲"
tw_1988,"瑕疵的精鍛皮甲"
tw_1989,"瑕疵的銀絲皮甲"
tw_1990,"瑕疵的金絲皮甲"
tw_1991,"瑕疵的卡司特鏈甲"
tw_1992,"瑕疵的克魔鏈甲"
tw_1993,"瑕疵的精靈護胸金屬板"
tw_1994,"瑕疵的滅魔鏈甲"
tw_1995,"鋼鐵意志"
tw_1996,"瑕疵的精靈鏈甲"
tw_1997,"瑕疵的體力手套"
tw_1998,"瑕疵的魔力手套"
tw_1999,"瑕疵的防護手套"
tw_2000,"鋼鐵意志"
tw_2001,"惡魔射手的血"
tw_2002,"魅魔妖后的血"
tw_2003,"食人魔的血"
tw_2004,"瑕疵的克魔手套"
tw_2005,"瑕疵的滅魔手套"
tw_2006,"瑕疵的軟皮靴"
tw_2007,"瑕疵的短靴"
tw_2008,"瑕疵的長靴"
tw_2009,"瑕疵的克魔長靴"
tw_2010,"修煉者的奧秘"
tw_2011,"守護者的堅決"
tw_2012,"掠奪者的貪婪"
tw_2013,"監察者的洞悉"
tw_2014,"聽風者的謊言"
tw_2015,"瑕疵的滅魔長靴"
tw_2016,"鋼鐵意志"
tw_2017,"瑕疵的小盾牌"
tw_2018,"瑕疵的大盾牌"
tw_2019,"鋼鐵意志"
tw_2020,"瑕疵的銀騎士之盾"
tw_2021,"瑕疵的紅騎士之盾"
tw_2022,"瑕疵的克魔之盾"
tw_2023,"瑕疵的精靈盾牌"
tw_2024,"瑕疵的莉雅項錬"
tw_2025,"瑕疵的卑彌兒項錬"
tw_2026,"瑕疵的守護項錬"
tw_2027,"瑕疵的比諾耳環"
tw_2028,"瑕疵的亞安耳環"
tw_2029,"瑕疵的索裡耳環"
tw_2030,"瑕疵的歐吉耳環"
tw_2031,"瑕疵的卡莎耳環"
tw_2032,"瑕疵的凱鳴耳環"
tw_2033,"瑕疵的繁星耳環"
tw_2034,"瑕疵的月華耳環"
tw_2035,"瑕疵的日冕耳環"
tw_2036,"瑕疵的能量戒指"
tw_2037,"瑕疵的克魔戒指"
tw_2038,"瑕疵的小體力腰帶"
tw_2039,"瑕疵的小能量腰帶"
tw_2040,"瑕疵的小魔力腰帶"
tw_2041,"瑕疵的體力腰帶"
tw_2042,"瑕疵的能量腰帶"
tw_2043,"瑕疵的魔力腰帶"
tw_2044,"瑕疵的巨魔腰帶"
tw_2045,"瑕疵的食人魔腰帶"
tw_2046,"瘋魔長劍"
tw_2047,"銀騎士之劍"
tw_2048,"藍魔石"
tw_2049,"黑魔石"
tw_2050,"綠魔石"
tw_2051,"黃金沙"
tw_2052,"毒液"
tw_2053,"哈爾皮埃之翎"
tw_2054,"死亡之花的花苞"
tw_2055,"小型毒液"
tw_2056,"世界樹的樹枝"
tw_2057,"瑕疵的細劍"
tw_2058,"瑕疵的瑟魯基之劍"
tw_2059,"碎甲之刃"
tw_2060,"紅眼魔盾"
tw_2061,"瑕疵的碎甲之刃"
tw_2062,"瑕疵的瑪娜水晶球"
tw_2063,"瑕疵的紅眼魔盾"
tw_2064,"受祝福的隨機傳送卷軸"
tw_2065,"熊皮"
tw_2066,"英雄憑證"
tw_2067,"瑕疵的卡薩戰矛"
tw_2068,"埃爾默[魔法書]"
tw_2069,"蒂安神的資助"
tw_2070,"微醺甜酒"
tw_2071,"瑕疵的武士刀"
tw_2072,"瑕疵的大馬士革刀"
tw_2073,"瑕疵的銀長劍"
tw_2074,"三階淨化藥水禮包"
tw_2075,"四階淨化藥水禮包"
tw_2076,"高級變形卷軸(體驗)"
tw_2077,"暗魂騎士之劍"
tw_2078,"暗魂騎士"
tw_2079,"暗魂騎士弓箭手"
tw_2080,"暗魂騎士斧頭兵"
tw_2081,"暗魂騎士隊長"
tw_2082,"暗魂藥師"
tw_2083,"一階淨化藥水禮包"
tw_2084,"暗魂騎士頭目"
tw_2085,"暗魂騎士弓箭手頭目"
tw_2086,"暗魂騎士斧頭兵頭目"
tw_2087,"暗魂藥師頭目"
tw_2088,"刀鋒怪"
tw_2089,"刀鋒怪頭目"
tw_2090,"恐爪怪"
tw_2091,"恐爪怪頭目"
tw_2092,"鋒利的彎刀"
tw_2093,"硬爪"
tw_2094,"開山斧"
tw_2095,"重藤弓"
tw_2096,"騎士的佩劍"
tw_2097,"蛇頭杖"
tw_2098,"體之魂戒"
tw_2099,"魔之魂戒"
tw_2100,"暗魂氣息"
tw_2101,"騎特拉地監"
tw_2102,"月光石"
tw_2103,"高級月光石"
tw_2104,"新鮮的肉排"
tw_2105,"美味的肉排"
tw_2106,"半熟的肉排"
tw_2107,"烤焦的肉排"
tw_2108,"黑暗骷髏"
tw_2109,"黑暗骷髏頭目"
tw_2110,"毀滅巨龍"
tw_2111,"亞莉莎[巨龍巢穴傳送師]"
tw_2112,"月輝之淚"
tw_2113,"高級月光石(綁定)"
tw_2114,"暗魂魔晶"
tw_2115,"角色改名卷軸"
tw_2116,"血盟改名卷軸"
tw_2117,"盟徽改名卷軸"
tw_2118,"夢魘騎士"
tw_2119,"骷髏印花"
tw_2120,"萬聖節禮盒"
tw_2121,"+9武器兌換券"
tw_2122,"+8武器兌換券"
tw_2123,"高級變形卷軸碎片"
tw_2124,"武器強化卷軸禮包"
tw_2125,"防具強化卷軸禮包"
tw_2126,"力·英雄項錬Lv.5"
tw_2127,"魔·英雄項錬Lv.5"
tw_2128,"敏·英雄項錬Lv.5"
tw_2129,"力·英雄項錬Lv.6"
tw_2130,"魔·英雄項錬Lv.6"
tw_2131,"敏·英雄項錬Lv.6"
tw_2132,"時光神石"
tw_2133,"護魂卷軸[限時24小時](綁定)"
tw_2134,"元素禮包"
tw_2135,"傲骨·高級變形卷軸"
tw_2136,"謝謝參與"
tw_2137,"土之荊棘"
tw_2138,"風之光影"
tw_2139,"加速禮盒"
tw_2140,"驚奇禮盒"
tw_2141,"朗博[符石系統]"
tw_2142,"強化卷軸禮盒"
tw_2143,"豐收之願"
tw_2144,"黃金麥穗"
tw_2145,"淬體藥水"
tw_2146,"煉魔藥水"
tw_2147,"神恩麥酒"
tw_2148,"鮮釀麥酒"
tw_2149,"冰雪節鈴鐺"
tw_2150,"冰雪之星"
tw_2151,"沈睡冰魄"
tw_2152,"未成形的跨年煙花"
tw_2153,"冰龍禮盒"
tw_2154,"冰雪·變形卷軸"
tw_2155,"亞莉莎[冰雪之地]"
tw_2156,"波特[冰雪之地守護者]"
tw_2157,"冰龍"
tw_2158,"冰鳳"
tw_2159,"冰雪霍布哥布林"
tw_2160,"已購憑證"
tw_2161,"冰雪之地離開卷軸"
tw_2162,"雪人"
tw_2163,"冰雪巨魔"
tw_2164,"冰雪暗黑精靈"
tw_2165,"冰雪骷髏法師"
tw_2166,"冰霜獵手"
tw_2167,"閃耀的冰雪之星"
tw_2168,"冰熊"
tw_2169,"冰墻"
tw_2170,"魔蛛"
tw_2171,"魔蛛頭目"
tw_2172,"火靈"
tw_2173,"水靈"
tw_2174,"土靈"
tw_2175,"風靈"
tw_2176,"遲鈍喪屍"
tw_2177,"低等喪屍"
tw_2178,"中等喪屍"
tw_2179,"高等喪屍"
tw_2180,"喪屍王"
tw_2181,"冰雪節棒棒糖"
tw_2182,"雪骨·變形卷軸"
tw_2183,"跨年煙花(小)"
tw_2184,"跨年煙花(大)"
tw_2185,"波特[冰龍守護者]"
tw_2186,"坎特[冰鳳守護者]"
tw_2187,"冰鳳禮盒"
tw_2188,"破損的獸人之弓"
tw_2189,"滅魔套裝"
tw_2190,"塔斯瑞[迷幻山嶽]"
tw_2191,"驅幻之眼"
tw_2192,"新春使者"
tw_2193,"新春福袋"
tw_2194,"福袋憑證"
tw_2195,"武器強化卷軸禮包"
tw_2196,"防具強化卷軸禮包"
tw_2197,"春麗[強卷禮包]"
tw_2198,"1.5倍經驗魔方"
tw_2199,"2倍經驗魔方"
tw_2200,"1.5倍經驗魔方"
tw_2201,"2倍經驗魔方[綁定]"
tw_2202,"幸運金幣"
tw_2203,"普索長劍"
tw_2204,"瑕疵的力量法杖"
tw_2205,"瑕疵的普索長劍"
tw_2206,"噬能水晶"
tw_2207,"噬心石"
tw_2208,"魔能藥劑"
tw_2209,"速能藥水"
tw_2210,"破影果實"
tw_2211,"武卷禮包憑證"
tw_2212,"防卷禮包憑證"
tw_2213,"洞察之眼"
tw_2214,"塔斯瑞之衣"
tw_2215,"狂熱·塔斯瑞之衣"
tw_2216,"風蘭·塔斯瑞之衣"
tw_2217,"巨石·塔斯瑞之衣"
tw_2218,"魔圖·塔斯瑞之衣"
tw_2219,"塔斯瑞之擎"
tw_2220,"塔斯瑞之擎強化卷軸"
tw_2221,"塔斯瑞之衣強化卷軸"
tw_2222,"驅幻之眼兌換券"
tw_2223,"塔斯瑞的學徒[迷幻山嶽]"
tw_2224,"塔斯瑞之擎強化卷軸(祝福)"
tw_2225,"塔斯瑞之衣強化卷軸(祝福)"
tw_2226,"米婭[重置屬性點]"
tw_2227,"新春福源"
tw_2228,"元宵藏寶圖"
tw_2229,"元宵憑證"
tw_2230,"元宵使者"
tw_2231,"神秘谷卷軸盒"
tw_2232,"神秘谷傳送卷軸"
tw_2233,"橙羹小元宵"
tw_2234,"核桃酪元宵"
tw_2235,"酒釀大元宵"
tw_2236,"祈願峽谷傳送卷軸"
tw_2237,"魔精肉"
tw_2238,"魔靈蛋"
tw_2239,"鮮蘋果"
tw_2240,"鮮玉米"
tw_2241,"鮮南瓜"
tw_2242,"和平獎券"
tw_2243,"佩絲[和平祈願]"
tw_2244,"魔血影"
tw_2245,"魔弓手"
tw_2246,"魅妖"
tw_2247,"祈願盒子"
tw_2248,"四階淨化藥水禮盒"
tw_2249,"高級材料禮盒"
tw_2250,"塔斯瑞之擎禮盒"
tw_2251,"巨眼怪"
tw_2252,"變形怪"
tw_2253,"甲伏怪"
tw_2254,"蛇女"
tw_2255,"劍魚"
tw_2256,"琵琶魚"
tw_2257,"寇濤魚人"
tw_2258,"攻城蟹"
tw_2259,"伊娃水母"
tw_2260,"魔鬼魚"
tw_2261,"沙華魚人"
tw_2262,"鯊魚"
tw_2263,"突蟹龜"
tw_2264,"梭螺魚人"
tw_2265,"海蛞蝓"
tw_2266,"莫客魚怪"
tw_2267,"底棲魔魚"
tw_2268,"庫普魯水怪"
tw_2269,"龍龜"
tw_2270,"伊西鰩魚"
tw_2271,"美人魚"
tw_2272,"海王"
tw_2273,"威利斯[倉庫]"
tw_2274,"阿爾杰[武器店]"
tw_2275,"塞琪[道具店]"
tw_2276,"載爾達"
tw_2277,"拉娜伊[藥店]"
tw_2278,"費思"
tw_2279,"加爾文"
tw_2280,"艾達"
tw_2281,"波絲"
tw_2282,"利昂[倉庫]"
tw_2283,"奧古斯特[武器店]"
tw_2284,"杰瑪[道具店]"
tw_2285,"海斯特"
tw_2286,"卡蕾[藥店]"
tw_2287,"瓦萊麗"
tw_2288,"耶魯"
tw_2289,"尤瑪"
tw_2290,"格倫達"
tw_2291,"珍妮特"
tw_2292,"凱里"
tw_2293,"蓋婭"
tw_2294,"菲爾"
tw_2295,"菲德里"
tw_2296,"多威爾"
tw_2297,"英蒂安"
tw_2298,"利瓦伊"
tw_2299,"巨眼怪頭目"
tw_2300,"回歸福利"
tw_2301,"變形怪頭目"
tw_2302,"甲伏怪頭目"
tw_2303,"蛇女頭目"
tw_2304,"劍魚頭目"
tw_2305,"琵琶魚頭目"
tw_2306,"寇濤魚人頭目"
tw_2307,"攻城蟹頭目"
tw_2308,"伊娃水母頭目"
tw_2309,"魔鬼魚頭目"
tw_2310,"沙華魚人頭目"
tw_2311,"鯊魚頭目"
tw_2312,"突蟹龜頭目"
tw_2313,"梭螺魚人頭目"
tw_2314,"海蛞蝓頭目"
tw_2315,"莫客魚怪頭目"
tw_2316,"底棲魔魚頭目"
tw_2317,"庫普魯水怪頭目"
tw_2318,"龍龜頭目"
tw_2319,"伊西鰩魚頭目"
tw_2320,"美人魚頭目"
tw_2321,"火·"
tw_2322,"焰·"
tw_2323,"烈焰·"
tw_2324,"爆炎·"
tw_2325,"火靈·"
tw_2326,"水·"
tw_2327,"冰·"
tw_2328,"冰凝·"
tw_2329,"怒濤·"
tw_2330,"水靈·"
tw_2331,"土·"
tw_2332,"岩·"
tw_2333,"頑石·"
tw_2334,"山崩·"
tw_2335,"土靈·"
tw_2336,"風·"
tw_2337,"煞·"
tw_2338,"暴風·"
tw_2339,"龍捲·"
tw_2340,"風靈·"
tw_2341,"天啟源晶"
tw_2342,"純淨的天啟源晶"
tw_2343,"土之武器源晶"
tw_2344,"遠古之弩"
tw_2345,"遠古巨劍"
tw_2346,"遠古之劍"
tw_2347,"遠古短匕"
tw_2348,"水之武器源晶"
tw_2349,"遠古戰矛"
tw_2350,"遠古巨斧"
tw_2351,"(祝福)"
tw_2352,"歌爾[英雄項鏈]"
tw_2353,"火之武器源晶"
tw_2354,"閃亮套裝"
tw_2355,"骰子"
tw_2356,"骰子優惠券"
tw_2357,"艾琳[伊娃之島]"
tw_2358,"風之武器源晶"
tw_2359,"入島通行證"
tw_2360,"飾品強化卷軸碎片"
tw_2361,"強力武器強化卷軸"
tw_2362,"強力防具強化卷軸"
tw_2363,"土源晶"
tw_2364,"風源晶"
tw_2365,"火源晶"
tw_2366,"水源晶"
tw_2367,"閃亮的初心者武器強化卷軸"
tw_2368,"閃亮的初心者防具強化卷軸"
tw_2369,"初心者[新手裝備]"
tw_2370,"天啟者[元素強化]"
tw_2371,"沙華魚人的魔晶"
tw_2372,"魔鬼魚的魔晶"
tw_2373,"鏡子結晶"
tw_2374,"顯影地圖"
tw_2375,"打不開的盒子"
tw_2376,"材料包裹"
tw_2377,"刺紅的昂哥蜘蛛肉"
tw_2378,"蛇肉"
tw_2379,"刺紅的昂哥蜘蛛絲"
tw_2380,"巨眼怪的淚腺"
tw_2381,"蜘蛛絲漿"
tw_2382,"記憶晶體"
tw_2383,"寇濤魚人的魚鰭"
tw_2384,"梭骨"
tw_2385,"海蛞蝓肉"
tw_2386,"蛇皮"
tw_2387,"擬態晶"
tw_2388,"蛇膽"
tw_2389,"蛇膽汁"
tw_2390,"試煉石"
tw_2391,"忠誠印章"
tw_2392,"尤瑪的藥"
tw_2393,"試煉函"
tw_2394,"聚魔石"
tw_2395,"費思的盒子"
tw_2396,"奇怪的石頭"
tw_2397,"巨眼怪的眼淚"
tw_2398,"龍龜殼"
tw_2399,"海底深淵試煉推薦信"
tw_2400,"深淵水源石"
tw_2401,"深淵風源石"
tw_2402,"美人魚之淚"
tw_2403,"深淵魚膽"
tw_2404,"海王石"
tw_2405,"水淩林守護騎士勳章"
tw_2406,"蛇尾"
tw_2407,"塑形石"
tw_2408,"祛毒清洗劑"
tw_2409,"水母衣"
tw_2410,"伊娃的祝福"
tw_2411,"刺紅的昂哥蜘蛛"
tw_2412,"刺紅的昂哥蜘蛛頭目"
tw_2413,"單挑利維亞坦的男人"
tw_2414,"費思的信"
tw_2415,"武器包裹"
tw_2416,"守護者之塔"
tw_2417,"埃耶卡特爾的怒火"
tw_2418,"活動使者"
tw_2419,"復明果實"
tw_2420,"特製葡萄酒"
tw_2421,"伊娃的追隨者"
tw_2422,"被封印的誓約書[7天]"
tw_2423,"記憶晶體·凝"
tw_2424,"鏡子結晶·魔"
tw_2425,"隱藏之谷通行證·Ⅰ"
tw_2426,"隱藏之谷通行證·Ⅱ"
tw_2427,"隱藏之谷通行證·誓"
tw_2428,"隱藏之谷的古老石盒·Ⅰ"
tw_2429,"隱藏之谷的古老石盒·Ⅱ"
tw_2430,"隱藏之谷的古老石盒·誓"
tw_2431,"隱谷印記·勇氣"
tw_2432,"隱谷印記·無畏"
tw_2433,"米爾斯的魔法蘑菇"
tw_2434,"隱藏之谷·誓"
tw_2435,"阿里羅[隱藏之谷嘉獎]"
tw_2436,"「永恆」"
tw_2437,"高級淬體藥水"
tw_2438,"高級煉魔藥水"
tw_2439,"達福[內政]"
tw_2440,"隱藏之谷通行證·Ⅲ"
tw_2441,"積木匣"
tw_2442,"隱藏之谷的古老石盒·Ⅲ"
tw_2443,"維果[藥店]"
tw_2444,"斯佩爾[道具店]"
tw_2445,"馬赫沙拉[倉庫]"
tw_2446,"武官之刃"
tw_2447,"武官巨劍"
tw_2448,"神官法杖"
tw_2449,"神官力劍"
tw_2450,"青翼之弓"
tw_2451,"赤焰龍牙"
tw_2452,"藍焰龍牙"
tw_2453,"魔法書頁"
tw_2454,"晶石碎片"
tw_2455,"普通魔法筆記Ⅳ"
tw_2456,"普通魔法筆記Ⅴ"
tw_2457,"普通魔法筆記Ⅵ"
tw_2458,"精靈魔法筆記Ⅰ"
tw_2459,"精靈魔法筆記Ⅱ"
tw_2460,"精靈魔法筆記Ⅲ"
tw_2461,"精靈魔法筆記Ⅳ"
tw_2462,"精靈魔法筆記Ⅴ"
tw_2463,"精靈魔法筆記Ⅵ"
tw_2464,"\fW武器店"
tw_2465,"\fW防具店"
tw_2466,"\fW道具店"
tw_2467,"\fW藥店"
tw_2468,"\fW魔法書"
tw_2469,"\fW強化卷軸"
tw_2470,"\fW交易行"
tw_2471,"\fW旅店"
tw_2472,"\fW武器製作"
tw_2473,"\fW防具製作"
tw_2474,"\fW倉庫"
tw_2475,"\fW活動"
tw_2476,"\fW禮物"
tw_2477,"\fW傳送"
tw_2478,"法師魔法筆記Ⅰ"
tw_2479,"法師魔法筆記Ⅱ"
tw_2480,"法師魔法筆記Ⅲ"
tw_2481,"騎士魔法筆記Ⅰ"
tw_2482,"騎士魔法筆記Ⅱ"
tw_2483,"王族魔法筆記Ⅰ"
tw_2484,"裝備製作"
tw_2485,"紀念指環"
tw_2486,"王族魔法筆記Ⅱ"
tw_2487,"聖潔之果"
tw_2488,"世界樹的果實"
tw_2489,"強力魔能藥劑"
tw_2490,"高級英雄紋章"
tw_2491,"終極治癒藥水(綁定)"
tw_2492,"強化 自我加速藥水(綁定)"
tw_2493,"瑕疵的攻城戰斧"
tw_2494,"終極魔能藥劑"
tw_2495,"熔魔之杖"
tw_2496,"瑕疵的熔魔之杖"
tw_2497,"國士無雙"
tw_2498,"極凍之矛"
tw_2499,"君王怒威"
tw_2500,"酒心月餅"
tw_2501,"至臻月餅"
tw_2502,"傳送充能石"
tw_2503,"野王傳送石"
tw_2504,"德雷克傳送石"
tw_2505,"死亡騎士傳送石"
tw_2506,"沙漠毒蠍傳送石"
tw_2507,"蟻洞3層傳送石"
tw_2508,"德雷克地監6層傳送石"
tw_2509,"海底深淵傳送石"
tw_2510,"炎之戒"
tw_2511,"風之戒"
tw_2512,"水之戒"
tw_2513,"砂之戒"
tw_2514,"源之戒"
tw_2515,"戰王耳環"
tw_2516,"戰鷹耳環"
tw_2517,"戰靈耳環"
tw_2518,"磐石腰帶"
tw_2519,"閃靈腰帶"
tw_2520,"伊娃之島飾品專屬強化卷軸"
tw_2521,"伊娃之島隨機傳送師"
tw_2522,"瑕疵的炎之戒"
tw_2523,"瑕疵的風之戒"
tw_2524,"瑕疵的水之戒"
tw_2525,"瑕疵的砂之戒"
tw_2526,"瑕疵的源之戒"
tw_2527,"瑕疵的戰王耳環"
tw_2528,"瑕疵的戰鷹耳環"
tw_2529,"瑕疵的戰靈耳環"
tw_2530,"瑕疵的磐石腰帶"
tw_2531,"瑕疵的閃靈腰帶"
tw_2532,"伊娃的手札"
tw_2533,"元素化石"
tw_2534,"伊娃的鋯石"
tw_2535,"伊娃的珍珠"
tw_2536,"伊娃的錦緞"
tw_2537,"婕西 [飾品製作]"
tw_2538,"忠誠的"
tw_2539,"蜂女"
tw_2540,"負甲怪"
tw_2541,"伊娃女神的蠍王"
tw_2542,"伊娃女神的飛龍"
tw_2543,"初心者[裝備和練功]"
tw_2544,"伊娃之島傳送師"
tw_2545,"惡魔之吻"
tw_2546,"神女果"
tw_2547,"通往伊娃之島"
tw_2548,"極·死亡騎士"
tw_2549,"極·暗魂騎士弓箭手"
tw_2550,"極·蜂女"
tw_2551,"極·暗魂騎士長槍手"
tw_2552,"死亡騎士(新手)"
tw_2553,"死亡騎士(體驗)"
tw_2554,"邪惡狩獵者(體驗)"
tw_2555,"黑長者(體驗)"
tw_2556,"邪惡屠戮者(體驗)"
tw_2557,"巴風特(體驗)"
tw_2558,"(綁定)"
tw_2559,"暗魂騎士長槍手"
tw_2560,"野蠻疾走"
tw_2561,"血祭"
tw_2562,"\fW裝備製作"
tw_2563,"\fW飾品製作"
tw_2564,"弦石"
tw_2565,"紅岩樹枝"
tw_2566,"紅岩石晶"
tw_2567,"紅岩魔鱗"
tw_2568,"紅岩煉獄"
tw_2569,"煉獄的餽贈"
tw_2570,"塔卡[倉庫]"
tw_2571,"拓拉[藥店]"
tw_2572,"巴塔[道具店]"
tw_2573,"迦塔[寄賣市場]"
tw_2574,"賽伊[強化]"
tw_2575,"格里拉[裝備製作]"
tw_2576,"庫迦克[血盟管理員]"
tw_2577,"孔多爾[血盟倉庫管理員]"
tw_2578,"沙慈[倉庫]"
tw_2579,"塔可[藥店]"
tw_2580,"烏拿[道具店]"
tw_2581,"朱盧[符石系統]"
tw_2582,"提拉諾[boss道具提交點]"
tw_2583,"羅迪莎夫人"
tw_2584,"蒂羅爾將軍"
tw_2585,"寇布拉"
tw_2586,"瓦尼"
tw_2587,"朱爾"
tw_2588,"科沁副官"
tw_2589,"米樂爾將軍"
tw_2590,"1等"
tw_2591,"2等"
tw_2592,"3等"
tw_2593,"4等"
tw_2594,"5等"
tw_2595,"符石[武器]"
tw_2596,"符石[頭盔]"
tw_2597,"符石[斗篷]"
tw_2598,"符石[盔甲]"
tw_2599,"符石[T恤]"
tw_2600,"符石[手套]"
tw_2601,"符石[鞋]"
tw_2602,"符石[防具]"
tw_2603,"格鬥"
tw_2604,"專注"
tw_2605,"射擊"
tw_2606,"精準"
tw_2607,"魔傷"
tw_2608,"聚神"
tw_2609,"毅力"
tw_2610,"力量"
tw_2611,"敏捷"
tw_2612,"靈境"
tw_2613,"水魔法"
tw_2614,"土魔法"
tw_2615,"火魔法"
tw_2616,"風魔法"
tw_2617,"堅固"
tw_2618,"役魔"
tw_2619,"防護"
tw_2620,"滅魔"
tw_2621,"體力"
tw_2622,"魔力"
tw_2623,"巨石"
tw_2624,"魔泉"
tw_2625,"水防"
tw_2626,"土防"
tw_2627,"風防"
tw_2628,"火防"
tw_2629,"抵抗"
tw_2630,"閃避"
tw_2631,"體回"
tw_2632,"魔復"
tw_2633,"物免"
tw_2634,"魔免"
tw_2635,"物減"
tw_2636,"魔減"
tw_2637,"薩索尼"
tw_2638,"科萊"
tw_2639,"提煉魔石"
tw_2640,"防護之盾"
tw_2641,"命中提升"
tw_2642,"攻擊提升"
tw_2643,"暗夜刺殺"
tw_2644,"抵抗提升"
tw_2645,"暗夜閃避"
tw_2646,"霧隱術"
tw_2647,"暗夜之牙"
tw_2648,"血怒飛刃"
tw_2649,"詛咒·虛弱"
tw_2650,"詛咒·流血"
tw_2651,"風之暗影"
tw_2652,"燃燒鬥志"
tw_2653,"雙重破壞"
tw_2654,"蛇羅"
tw_2655,"巨大的侏儒將軍護衛"
tw_2656,"精英侏儒弓箭手"
tw_2657,"精英侏儒長矛手"
tw_2658,"特魯格樹人"
tw_2659,"火魂"
tw_2660,"火焰極奧"
tw_2661,"熔岩戈倫"
tw_2662,"火蜥蜴"
tw_2663,"熔岩巨人"
tw_2664,"侏儒將軍"
tw_2665,"不死鳥的虛影"
tw_2666,"軍需物資（任务物品）"
tw_2667,"火靈珠（任务物品）"
tw_2668,"冰靈枝（任务物品）"
tw_2669,"布魯銅（任务物品）"
tw_2670,"輪石（任务物品）"
tw_2671,"魔錘晶（任务物品）"
tw_2672,"裝滿三階裝備的箱子（任务物品）"
tw_2673,"一把奇怪的弓箭（任务物品）"
tw_2674,"有符文的石頭（任务物品）"
tw_2675,"被盜的物資（任务物品）"
tw_2676,"侏儒的療傷藥（任务物品）"
tw_2677,"侏儒的寶石（任务物品）"
tw_2678,"高級變形材料（任务物品）"
tw_2679,"[隱藏之谷·諾]入場券"
tw_2680,"特魯格樹人的樹枝（任务物品）"
tw_2681,"侏儒的軍需（任务物品）"
tw_2682,"侏儒的將軍披風（任务物品）"
tw_2683,"特魯格樹人的法杖（任务物品）"
tw_2684,"陣法珠（任务物品）"
tw_2685,"陣法控制石（任务物品）"
tw_2686,"火焰極奧爪（任务物品）"
tw_2687,"火魂石（任务物品）"
tw_2688,"戈倫石（任务物品）"
tw_2689,"火熔漿（任务物品）"
tw_2690,"金毛（任务物品）"
tw_2691,"科沁的匯報信（任务物品）"
tw_2692,"通往達特福德地區"
tw_2693,"通往侏儒城堡與火山地區"
tw_2694,"暗晶石"
tw_2695,"暗影晶石"
tw_2696,"詛咒晶石"
tw_2697,"雷魔法"
tw_2698,"被封印的一等"
tw_2699,"磁力魔咒"
tw_2700,"特製的蜂蜜"
tw_2701,"蜂巢碎片"
tw_2702,"有毒的蘑菇"
tw_2703,"耀眼的夜光寶石"
tw_2704,"土製陶罐"
tw_2705,"沉重的鐵鍊"
tw_2706,"火靈芝"
tw_2707,"珍稀的曇花標本"
tw_2708,"紫色水晶原石"
tw_2709,"堅硬的托帕石"
tw_2710,"美味的長柄菇"
tw_2711,"燃燒的楓葉"
tw_2712,"一等"
tw_2713,"二等"
tw_2714,"三等"
tw_2715,"四等"
tw_2716,"五等"
tw_2717,"指定等級卷軸[60等]"
tw_2718,"合服慶典券"
tw_2719,"生命聖泉禮盒"
tw_2720,"輪迴奧術禮盒"
tw_2721,"暗夜魔石"
tw_2722,"福氣煙花"
tw_2723,"聚寶島藏寶圖"
tw_2724,"身體健康年糕"
tw_2725,"龍馬精神丸子"
tw_2726,"阿布納 [裝備製作]"
tw_2727,"[隱藏之谷·誓]入場券"
tw_2728,"2倍經驗魔方"
tw_2729,"2.5倍經驗魔方"
tw_2730,"3倍經驗魔方"
tw_2731,"3.5倍經驗魔方"
tw_2732,"4倍經驗魔方"
tw_2733,"圖騰（任務道具）"
tw_2734,"古代的淬體藥水"
tw_2735,"古代的煉魔藥水"
tw_2736,"高級生命聖泉禮盒"
tw_2737,"高級輪迴奧術禮盒"
tw_2738,"終極生命聖泉禮盒"
tw_2739,"終極輪迴奧術禮盒"
tw_2740,"終極禮包已購憑證A"
tw_2741,"終極禮包已購憑證B"
tw_2742,"隱藏之谷·諾"
tw_2743,"武器保護卷軸"
tw_2744,"武官之矛"
tw_2745,"神官巫杖"
tw_2746,"紫焰龍刃"
tw_2747,"聖武之刃"
tw_2748,"聖武巨劍"
tw_2749,"聖靈法杖"
tw_2750,"聖靈力劍"
tw_2751,"聖翼之弓"
tw_2752,"赤焰聖龍之牙"
tw_2753,"藍焰聖龍之牙"
tw_2754,"聖武之矛"
tw_2755,"聖靈巫杖"
tw_2756,"紫焰聖龍之刃"
tw_2757,"止戰頭盔"
tw_2758,"噬魔頭盔"
tw_2759,"幻象軟帽"
tw_2760,"止戰披風"
tw_2761,"噬魔斗篷"
tw_2762,"幻象披風"
tw_2763,"止戰鎧甲"
tw_2764,"噬魔鎧甲"
tw_2765,"幻象軟甲"
tw_2766,"止戰之盾"
tw_2767,"噬魔之盾"
tw_2768,"幻象之盾"
tw_2769,"軍王T恤"
tw_2770,"法王T恤"
tw_2771,"巫王T恤"
tw_2772,"信徒T恤"
tw_2773,"止戰手套"
tw_2774,"噬魔手套"
tw_2775,"幻象手套"
tw_2776,"軍王手套"
tw_2777,"法王手套"
tw_2778,"巫王手套"
tw_2779,"冥王手套"
tw_2780,"止戰長靴"
tw_2781,"噬魔長靴"
tw_2782,"幻象長靴"
tw_2783,"軍王長靴"
tw_2784,"法王長靴"
tw_2785,"巫王長靴"
tw_2786,"冥王長靴"
tw_2787,"風曇"
tw_2788,"水櫻"
tw_2789,"土鹿"
tw_2790,"火菊"
tw_2791,"梵迪的小提琴"
tw_2792,"伏特的陶罐"
tw_2793,"提拉的原石"
tw_2794,"伏爾坎的火楓葉"
tw_2795,"止戰套裝"
tw_2796,"噬魔套裝"
tw_2797,"幻象套裝"
tw_2798,"火魂的珍寶娃娃"
tw_2799,"火焰極奧的珍寶燈"
tw_2800,"熔岩戈倫的珍寶石"
tw_2801,"火蜥蜴的珍寶人偶"
tw_2802,"熔岩巨人的珍寶鏈"
tw_2803,"幸運四葉草"
tw_2804,"門徒T恤"
tw_2805,"使徒T恤"
tw_2806,"瑕疵的"
tw_2807,"冷卻的熔岩礦石"
tw_2808,"幻象石"
tw_2809,"吞噬魔石"
tw_2810,"古代魂石"
tw_2811,"聖靈石"
tw_2812,"聖靈碎片"
tw_2813,"高級聖靈石"
tw_2814,"終極聖靈石"
tw_2815,"賀莉[聖武]"
tw_2816,"赫雷斯[循環任務]"
tw_2817,"希亞[聖光洗禮]"
tw_2818,"巴特利[升等合成]"
tw_2819,"\fW升等合成"
tw_2820,"歷戰之證"
tw_2821,"血之契約"
tw_2822,"一等符石禮盒"
tw_2823,"二等符石禮盒"
tw_2824,"被封印的二等"
tw_2825,"軍王之魂"
tw_2826,"法王之魂"
tw_2827,"巫王之魂"
tw_2828,"冥王之魂"
tw_2829,"止戰之魂一"
tw_2830,"止戰之魂二"
tw_2831,"幻象之魂一"
tw_2832,"幻象之魂二"
tw_2833,"噬魂之魂一"
tw_2834,"噬魂之魂二"
tw_2835,"聖·熊地精"
tw_2836,"聖·蠍子"
tw_2837,"聖·刀鋒怪"
tw_2838,"聖·亞龍之矛"
tw_2839,"聖·邪惡屠戮者"
tw_2840,"聖·暗魂騎士長槍手"
tw_2841,"\fW變形"
tw_2842,"麗卡[淬體煉魔]"
tw_2843,"普特拉[變形]"
tw_2844,"忒克那[變形]"
tw_2845,"鼠萊財[經驗魔方]"
tw_2846,"\fW活動商店"
tw_2847,"鼠萊寶[聚寶島]"
tw_2848,"[綁定]"
tw_2849,"[綁定限時]"
tw_2850,"獻靈禁咒"
tw_2851,"天選者之禮"
tw_2852,"淬體煉魔禮盒"
tw_2853,"天選抽獎券·壹"
tw_2854,"\fW城堡稱號"
tw_2855,"德里亞[城堡稱號]"
tw_2856,"詛咒·失魂"
tw_2857,"致命一擊"
tw_2858,"角色轉移專員"
tw_2859,"角色接收專員"
tw_2860,"角色改名專員"
tw_2861,"角色改名憑證"
tw_2862,"暗夜魔石碎片"
tw_2863,"初心者雙刀"
tw_2864,"閃亮的初心者雙刀"
tw_2865,"閃亮的初心者手甲"
tw_2866,"巨顎雙刀"
tw_2867,"鐵手甲"
tw_2868,"黑魔雙刀"
tw_2869,"魔骨手甲"
tw_2870,"野獸鋼爪"
tw_2871,"阿比斯雙刃"
tw_2872,"阿比斯手甲"
tw_2873,"阿比斯之爪"
tw_2874,"聖淵雙刃"
tw_2875,"聖淵手甲"
tw_2876,"聖淵之爪"
tw_2877,"暗·英雄項鏈Lv.4"
tw_2878,"暗·英雄項鏈Lv.5"
tw_2879,"暗·英雄項鏈Lv.6"
tw_2880,"飛刀"
tw_2881,"三角飛鏢"
tw_2882,"十字手裡劍"
tw_2883,"翼·英雄項鏈Lv.4"
tw_2884,"翼·英雄項鏈Lv.5"
tw_2885,"翼·英雄項鏈Lv.6"
tw_2886,"菲洛[暗夜魔石]"
tw_2887,"暗夜精靈魔法筆記Ⅰ"
tw_2888,"暗夜精靈魔法筆記Ⅱ"
tw_2889,"暗夜精靈魔法筆記Ⅲ"
tw_2890,"米洛茲[全民練功]"
tw_2891,"治癒福袋"
tw_2892,"魔能福袋"
tw_2893,"加速福袋"
tw_2894,"暗夜福袋"
tw_2895,"經驗魔方福袋兌換券"
tw_2896,"高級暗夜福袋"
tw_2897,"經驗魔方福袋"
tw_2898,"先賢者手甲"
tw_2899,"先賢者雙刀"
tw_2900,"暗夜福袋兌換券"
tw_2901,"高級暗夜福袋兌換券"
tw_2902,"黎明使者[裝備製作]"
tw_2903,"暗夜使者[裝備製作]"
tw_2904,"初級盟屋"
tw_2905,"中級盟屋"
tw_2906,"高級盟屋"
tw_2907,"智力禮盒"
tw_2908,"力量禮盒"
tw_2909,"敏捷禮盒"
tw_2910,"毅力禮盒"
tw_2911,"裝備禮盒[一階]"
tw_2912,"裝備禮盒[二階]"
tw_2913,"[隱藏之谷·誓]入場券"
tw_2914,"[活動]普通套票已購憑證"
tw_2915,"[活動]高級套票已購憑證"
tw_2916,"[活動]隱谷練功石"
tw_2917,"雙刀"
tw_2918,"手甲"
tw_2919,"鋼爪"
tw_2920,"飛刀"
tw_2921,"暗夜雙刀（限時）"
tw_2922,"50等衝等禮盒"
tw_2923,"60等衝等禮盒"
tw_2924,"70等衝等禮盒"
tw_2925,"衝級抽獎券"
tw_2926,"高級裝備保護卷軸"
tw_2927,"武器受祝福卷軸"
tw_2928,"50等衝級抽獎券盒"
tw_2929,"55等衝級抽獎券盒"
tw_2930,"60等衝級抽獎券盒"
tw_2931,"65等衝級抽獎券盒"
tw_2932,"70等衝級抽獎券盒"
tw_2933,"加血盟經驗道具"
tw_2934,"血盟資源寶箱(綁定)"
tw_2935,"加血盟經驗及資源道具"
tw_2936,"傳送師"
tw_2937,"盟屋傳送師"
tw_2938,"盟屋管理員"
tw_2939,"盟屋傳送卷軸"
tw_2940,"死亡騎士的虛影"
tw_2941,"盟屋競拍主持人"
tw_2942,"被封印的暗晶石"
tw_2943,"變形卷軸盒子"
tw_2944,"力·英雄項錬Lv.7"
tw_2945,"魔·英雄項錬Lv.7"
tw_2946,"敏·英雄項錬Lv.7"
tw_2947,"暗·英雄項錬Lv.7"
tw_2948,"翼·英雄項錬Lv.7"
tw_2949,"破壞盔甲"
tw_2950,"血狼"
tw_2951,"極·火龍人"
tw_2952,"婕琳[武器製作]"
tw_2953,"魔卡"
tw_2954,"通往地面"
tw_2955,"通往下一層"
tw_2956,"通往上一層"
tw_2957,"通往古老隧道"
tw_2958,"通往應許之島地監2層"
tw_2959,"通往馬洛斯地監7層"
tw_2960,"通往精靈地監3層"
tw_2961,"通往德雷克山嶽地監4層"
tw_2962,"通往血盟小屋"
tw_2963,"高級盟屋01"
tw_2964,"高級盟屋02"
tw_2965,"中級盟屋01"
tw_2966,"中級盟屋02"
tw_2967,"中級盟屋03"
tw_2968,"中級盟屋04"
tw_2969,"初級盟屋01"
tw_2970,"初級盟屋02"
tw_2971,"初級盟屋03"
tw_2972,"初級盟屋04"
tw_2973,"初級盟屋05"
tw_2974,"初級盟屋06"
tw_2975,"初級盟屋07"
tw_2976,"初級盟屋08"
tw_2977,"初級盟屋09"
tw_2978,"初級盟屋10"
tw_2979,"初級盟屋11"
tw_2980,"初級盟屋12"
tw_2981,"阿修羅·傳奇Lv.1"
tw_2982,"阿修羅·史詩Lv.1"
tw_2983,"阿修羅·神話Lv.1"
tw_2984,"血盟的傳奇禮盒（一）"
tw_2985,"血盟的傳奇禮盒（二）"
tw_2986,"血盟的傳奇禮盒（三）"
tw_2987,"血盟的史詩禮盒（一）"
tw_2988,"血盟的史詩禮盒（二）"
tw_2989,"血盟的史詩禮盒（三）"
tw_2990,"血盟的神話禮盒（一）"
tw_2991,"血盟的神話禮盒（二）"
tw_2992,"血盟的神話禮盒（三）"
tw_2993,"初等血盟禮盒[死亡騎士]"
tw_2994,"中等血盟禮盒[死亡騎士]"
tw_2995,"高等血盟禮盒[死亡騎士]"
tw_2996,"紅眼腰帶"
tw_2997,"蟻洞探險者"
tw_2998,"死亡騎士[烈焰]"
tw_2999,"邪惡狩獵者[曜金]"
tw_3000,"黑長者[滄瀾]"
tw_3001,"邪惡屠戮者[灼炎]"
tw_3002,"魅魔妖后[青木]"
tw_3003,"極·骨靈騎士"
tw_3004,"極·鐵甲弓箭手"
tw_3005,"極·骨靈祭祀"
tw_3006,"極·骨靈戰蜥"
tw_3007,"極·鐵甲狼人"
tw_3008,"結晶"
tw_3009,"普通結晶"
tw_3010,"魔化結晶"
tw_3011,"端午活動使者"
tw_3012,"近戰系列變形禮盒"
tw_3013,"施法系列變形禮盒"
tw_3014,"長矛系列變形禮盒"
tw_3015,"弓箭手系列變形禮盒"
tw_3016,"手甲系列變形禮盒"
tw_3017,"盟屋商店"
tw_3018,"阿修羅·傳奇Lv.2"
tw_3019,"阿修羅·史詩Lv.2"
tw_3020,"阿修羅·神話Lv.2"
tw_3021,"阿修羅·傳奇Lv.3"
tw_3022,"阿修羅·史詩Lv.3"
tw_3023,"阿修羅·神話Lv.3"
tw_3024,"幻彩貝殼"
tw_3025,"粽葉"
tw_3026,"線繩"
tw_3027,"鹹肉粽"
tw_3028,"蛋黃粽"
tw_3029,"海底深淵藏寶圖"
tw_3030,"西瓜（高級衝擊士氣）"
tw_3031,"香梨（高級激勵士氣）"
tw_3032,"西瓜（中級衝擊士氣）"
tw_3033,"香梨（中級激勵士氣）"
tw_3034,"西瓜（初級衝擊士氣）"
tw_3035,"香梨（初級激勵士氣）"
tw_3036,"倉庫管理員"
tw_3037,"初等血盟禮盒[阿修羅]"
tw_3038,"中等血盟禮盒[阿修羅]"
tw_3039,"高等血盟禮盒[阿修羅]"
tw_3040,"靈芝"
tw_3041,"血盟資源寶箱·橘"
tw_3042,"血盟資源寶箱·緋"
tw_3043,"血盟資源寶箱·朱"
tw_3044,"血盟資源寶箱·碧"
tw_3045,"血盟資源寶箱·蓮"
tw_3046,"血盟資源寶箱·湛"
tw_3047,"血盟資源寶箱·黛"
tw_3048,"源金·熾"
tw_3049,"源金·智"
tw_3050,"源金·安"
tw_3051,"源金·列"
tw_3052,"源金·權"
tw_3053,"源金·德"
tw_3054,"源金·能"
tw_3055,"魅魔妖后(體驗)"
tw_3056,"地獄裁決者"
tw_3057,"火魂·"
tw_3058,"火精·"
tw_3059,"火魄·"
tw_3060,"火神·"
tw_3061,"水魂·"
tw_3062,"水精·"
tw_3063,"水魄·"
tw_3064,"水神·"
tw_3065,"土魂·"
tw_3066,"土精·"
tw_3067,"土魄·"
tw_3068,"土神·"
tw_3069,"風魂·"
tw_3070,"風精·"
tw_3071,"風魄·"
tw_3072,"風神·"
tw_3073,"贖罪卷軸"
tw_3074,"火狼"
tw_3075,"熔岩戰士"
tw_3076,"熔岩法師"
tw_3077,"熔岩弓箭手"
tw_3078,"龍籠草"
tw_3079,"戈爪草"
tw_3080,"小型偵查天眼"
tw_3081,"大型偵查天眼"
tw_3082,"格勞龍火山地監"
tw_3083,"破碎的神息源石"
tw_3084,"戒指瑕疵禮盒"
tw_3085,"耳環瑕疵禮盒"
tw_3086,"腰帶瑕疵禮盒"
tw_3087,"武器強化保護卷軸[限時6小時](綁定)"
tw_3088,"武器強化保護卷軸[限時24小時](綁定)"
tw_3089,"武器強化保護卷軸"
tw_3090,"武器強化保護卷軸(綁定)"
tw_3091,"凱西[經驗魔方]"
tw_3092,"Lv.2"
tw_3093,"伊娃的哀傷之淚"
tw_3094,"烈焰不死鳥"
tw_3095,"力紋經驗禮盒"
tw_3096,"敏紋經驗禮盒"
tw_3097,"智紋經驗禮盒"
tw_3098,"經驗魔方禮盒"
tw_3099,"騎士幸運禮盒"
tw_3100,"王族幸運禮盒"
tw_3101,"精靈幸運禮盒"
tw_3102,"法師幸運禮盒"
tw_3103,"暗夜精靈幸運禮盒"
tw_3104,"初級魔卡寶箱"
tw_3105,"普通魔卡寶箱"
tw_3106,"高級魔卡寶箱"
tw_3107,"終極魔卡寶箱"
tw_3108,"初心者之箭"
tw_3109,"天神福佑·活動使者"
tw_3110,"萬能藥商人"
tw_3111,"天神曙光·活動使者"
tw_3112,"天神抽獎券"
tw_3113,"虛空魅影"
tw_3114,"天神福澤·活動使者"
tw_3115,"騎士恩澤禮盒"
tw_3116,"王族恩澤禮盒"
tw_3117,"精靈恩澤禮盒"
tw_3118,"法師恩澤禮盒"
tw_3119,"暗夜精靈恩澤禮盒"
tw_3120,"55等衝等禮盒"
tw_3121,"65等衝等禮盒"
tw_3122,"變形魔法棒"
tw_3123,"妖魔城堡"
tw_3124,"達特福德城堡"
tw_3125,"虛空使者"
tw_3126,"攻城戰傳送師"
tw_3127,"城主禮盒"
tw_3128,"血盟升級禮盒一"
tw_3129,"血盟升級禮盒二"
tw_3130,"等級"
tw_3131,"先鋒泥龍"
tw_3132,"豐收慶典煙花"
tw_3133,"豐收慶典-活動使者"
tw_3134,"豐收慶典入場券"
tw_3135,"豐收慶典抽獎券"
tw_3136,"變異的"
tw_3137,"·初生體"
tw_3138,"·進化體"
tw_3139,"·完全體"
tw_3140,"·超級體"
tw_3141,"·究極體"
tw_3142,"地精王"
tw_3143,"毒蝎王"
tw_3144,"荒龍王"
tw_3145,"魂騎王"
tw_3146,"實驗室·傳送師"
tw_3147,"通道守護·矢利安"
tw_3148,"實驗室·補給員"
tw_3149,"地下試驗場專用傳送卷"
tw_3150,"豐收慶典兌換券"
tw_3151,"豐收種子"
tw_3152,"傳送控制石商人"
tw_3153,"直播積分"
tw_3154,"Teon直播勛章"
tw_3155,"直播勛章源力石"
tw_3156,"直播積分兌換使者"
tw_3157,"羈絆1"
tw_3158,"羈絆2"
tw_3159,"奧力給[助力練功]"
tw_3160,"排行獎勵禮盒"
tw_3161,"三階武器強化保護卷軸[限時6小時](綁定)"
tw_3162,"破舊的高級藏寶圖兌換券"
tw_3163,"軍團新兵"
tw_3164,"軍團精銳"
tw_3165,"軍團鐵騎"
tw_3166,"軍團戰王"
tw_3167,"王國新秀"
tw_3168,"王國菁英"
tw_3169,"王國策士"
tw_3170,"王國統領"
tw_3171,"法師學徒"
tw_3172,"見習法師"
tw_3173,"大法師"
tw_3174,"雷霆法師"
tw_3175,"草木之靈"
tw_3176,"森林之影"
tw_3177,"自然之力"
tw_3178,"元素使"
tw_3179,"暗夜之子"
tw_3180,"暗夜之刺"
tw_3181,"暗夜鬼蝠"
tw_3182,"暗夜羅剎"
tw_3183,"後起之秀"
tw_3184,"百戰不屈"
tw_3185,"戰無不勝"
tw_3186,"不朽傳奇"
tw_3187,"一代戰神"
tw_3188,"挑戰沙漏Ⅰ"
tw_3189,"挑戰沙漏Ⅱ"
tw_3190,"挑戰沙漏Ⅲ"
tw_3191,"挑戰沙漏Ⅳ"
tw_3192,"蟻砂"
tw_3193,"鏡靈石"
tw_3194,"魔魂"
tw_3195,"烈焰石"
tw_3196,"泥龍的尖牙"
tw_3197,"荒龍的角"
tw_3198,"海王的號角"
tw_3199,"不死鳥的淚晶"
tw_3200,"噬魔之晶"
tw_3201,"不死鳥蜕落的鱗片"
tw_3202,"戰神艾斯的僕從[職業稱號]"
tw_3203,"神殞之杖"
tw_3204,"覆海之淚"
tw_3205,"亡靈之珠"
tw_3206,"魔殞之石"
tw_3207,"殞落之骸"
tw_3208,"復仇者"
tw_3209,"掠奪者"
tw_3210,"戮殺者"
tw_3211,"破壞者"
tw_3212,"潛望者"
tw_3213,"凜風者"
tw_3214,"狙擊者"
tw_3215,"御魔者"
tw_3216,"御法者"
tw_3217,"殲擊者"
tw_3218,"精英"
tw_3219,"史詩"
tw_3220,"傳說"
tw_3221,"神話"
tw_3222,"遠古"
tw_3223,"紫晶"
tw_3224,"幻晶"
tw_3225,"祁浩[職業稱號]"
tw_3226,"城主"
tw_3227,"巴風特的執念"
tw_3228,"死神瑪麗亞[死神樂園]"
tw_3229,"血月之章"
tw_3230,"死神晶幣"
tw_3231,"稱號[後起之秀]解鎖憑證"
tw_3232,"稱號[百戰不屈]解鎖憑證"
tw_3233,"稱號[戰無不勝]解鎖憑證"
tw_3234,"稱號[不朽傳奇]解鎖憑證"
tw_3235,"稱號[一代戰神]解鎖憑證"
tw_3236,"死神瑪麗亞[休息室]"
tw_3237,"\fW戰場祝福"
tw_3238,"死神瑪麗亞[戰場祝福]"
tw_3239,"藍方守護塔"
tw_3240,"紅方守護塔"
tw_3241,"梅麗[追憶之島]"
tw_3242,"死靈骷髏"
tw_3243,"死靈骷髏首領"
tw_3244,"嗜血骷髏"
tw_3245,"嗜血骷髏首領"
tw_3246,"骷髏斧手"
tw_3247,"夏洛柏"
tw_3248,"托尼[周遊商人]"
tw_3249,"巴風特[熔岩]"
tw_3250,"極·熔岩法師"
tw_3251,"極·熔岩弓箭手"
tw_3252,"追憶·"
tw_3253,"一階飾品保護卷軸"
tw_3254,"二階飾品保護卷軸"
tw_3255,"元素禮盒（小）"
tw_3256,"裝備材料禮包"
tw_3257,"瑕疵武器禮包"
tw_3258,"瑕疵防具禮包"
tw_3259,"特效符石"
tw_3260,"止戈令"
tw_3261,"止戈[寒月嘉獎]"
tw_3262,"追憶·布倫丹"
tw_3263,"追憶·庫力特"
tw_3264,"海賊寶藏活動使者"
tw_3265,"煉魂源晶"
tw_3266,"打孔槌子"
tw_3267,"攻擊魂石"
tw_3268,"防禦魂石"
tw_3269,"特殊魂石"
tw_3270,"魂石福袋(大)"
tw_3271,"魂石福袋(小)"
tw_3272,"雪花"
tw_3273,"夾心糖"
tw_3274,"拐杖糖"
tw_3275,"冰雪節抽獎券"
tw_3276,"通往勞華地區"
tw_3277,"冰雪節兌換券"
tw_3278,"影魂島入場券"
tw_3279,"棒棒糖"
tw_3280,"伊澤 [藥店]"
tw_3281,"塔比 [武器店]"
tw_3282,"瑞貝卡 [防具店]"
tw_3283,"貝塔 [裝備製作]"
tw_3284,"普朗克 [裝備強化]"
tw_3285,"強森"
tw_3286,"艾雅"
tw_3287,"伊利斯"
tw_3288,"凱亞"
tw_3289,"莉莉絲"
tw_3290,"埃利亞"
tw_3291,"艾迪"
tw_3292,"博迪"
tw_3293,"親衛·"
tw_3294,"城堡巫醫"
tw_3295,"克利爾"
tw_3296,"克里斯"
tw_3297,"諾克"
tw_3298,"伊利"
tw_3299,"恩雅"
tw_3300,"納爾 [藥店]"
tw_3301,"可莉 [道具店]"
tw_3302,"艾瑞 [武器店]"
tw_3303,"瑞思 [防具店]"
tw_3304,"安達"
tw_3305,"獅鷲"
tw_3306,"惡魔長者"
tw_3307,"勘察師"
tw_3308,"叢林蜥戰士"
tw_3309,"叢林獸弓手"
tw_3310,"叢林蜥弓手"
tw_3311,"徘徊的怨念"
tw_3312,"伯特倫的介紹信"
tw_3313,"記錄著奇怪信息的卷軸"
tw_3314,"《勞華信息集錄》"
tw_3315,"恩雅親衛的謝禮"
tw_3316,"藥鏟"
tw_3317,"珍稀人參果"
tw_3318,"落地生"
tw_3319,"帕羅葉"
tw_3320,"刺魂草"
tw_3321,"懺悔之淚"
tw_3322,"[藥瓶]"
tw_3323,"勞華衛兵"
tw_3324,"勞華地監守衛"
tw_3325,"受傷的守衛"
tw_3326,"空藥瓶"
tw_3327,"獅鷲的利爪"
tw_3328,"獨眼巨人的棍棒"
tw_3329,"叢林蜥的皮"
tw_3330,"豺狼人的爪"
tw_3331,"補給藥箱"
tw_3332,"傘蘿"
tw_3333,"薩茜"
tw_3334,"愛麗兒"
tw_3335,"諾娜"
tw_3336,"蕊希"
tw_3337,"鋼鐵脛甲"
tw_3338,"風護脛甲"
tw_3339,"Lv.2風護脛甲"
tw_3340,"Lv.3風護脛甲"
tw_3341,"火護脛甲"
tw_3342,"Lv.2火護脛甲"
tw_3343,"Lv.3火護脛甲"
tw_3344,"水護脛甲"
tw_3345,"Lv.2水護脛甲"
tw_3346,"Lv.3水護脛甲"
tw_3347,"土護脛甲"
tw_3348,"Lv.2土護脛甲"
tw_3349,"Lv.3土護脛甲"
tw_3350,"風靈礦石"
tw_3351,"火靈礦石"
tw_3352,"水靈礦石"
tw_3353,"土靈礦石"
tw_3354,"損壞的脛甲"
tw_3355,"損壞的元素加護脛甲"
tw_3356,"損壞的Lv.2元素加護脛甲"
tw_3357,"受傷的冒險者"
tw_3358,"魔音吉他"
tw_3359,"纖羽筆"
tw_3360,"木頭人偶"
tw_3361,"千織甲片"
tw_3362,"炎珀"
tw_3363,"NULL"
tw_3364,"源蜜"
tw_3365,"陶罐"
tw_3366,"親衛·羅恩"
tw_3367,"親衛·勒爾"
tw_3368,"魂石板工匠"
tw_3369,"魂石板商人"
tw_3370,"風靈鑽"
tw_3371,"火靈鑽"
tw_3372,"水靈鑽"
tw_3373,"土靈鑽"
tw_3374,"Lv.2風靈鑽"
tw_3375,"Lv.2火靈鑽"
tw_3376,"Lv.2水靈鑽"
tw_3377,"Lv.2土靈鑽"
tw_3378,"Lv.3風靈鑽"
tw_3379,"Lv.3火靈鑽"
tw_3380,"Lv.3水靈鑽"
tw_3381,"Lv.3土靈鑽"
tw_3382,"雷斯 [倉庫]"
tw_3383,"徘徊的怨念頭目"
tw_3384,"綁定的魂石福袋(小)"
tw_3385,"熔岩獅人"
tw_3386,"骰子匕首"
tw_3387,"隨從血食"
tw_3388,"聖·熔岩獅人"
tw_3389,"聖·牛頭人戰士"
tw_3390,"燈謎券"
tw_3391,"燈謎券"
tw_3392,"燈謎券"
tw_3393,"燈謎券"
tw_3394,"燈謎券"
tw_3395,"燈謎券"
tw_3396,"燈謎券"
tw_3397,"燈謎券"
tw_3398,"燈謎券"
tw_3399,"燈謎券"
tw_3400,"燈謎燈籠"
tw_3401,"燈謎禮包·平安"
tw_3402,"延福禮盒"
tw_3403,"燈謎禮包·喜樂"
tw_3404,"延喜禮盒"
tw_3405,"燈謎·牛氣沖天"
tw_3406,"燈謎·牛勁十足"
tw_3407,"王族"
tw_3408,"騎士"
tw_3409,"精靈"
tw_3410,"法師"
tw_3411,"暗夜精靈"
tw_3412,"龍騎士"
tw_3413,"幻術師"
tw_3414,"福福[新春燈謎]"
tw_3415,"吉祥結"
tw_3416,"活動使者[項鏈進階]"
tw_3417,"福禧[新春答燈謎]"
tw_3418,"低級生命耳環(限時)"
tw_3419,"高級生命耳環(限時)"
tw_3420,"牛年限定套裝"
tw_3421,"牛頭怪"
tw_3422,"挑戰令·白"
tw_3423,"挑戰令·綠"
tw_3424,"挑戰令·藍"
tw_3425,"藍色魂石"
tw_3426,"綠色魂石"
tw_3427,"紅色魂石"
tw_3428,"合成卷軸"
tw_3429,"誓約印章"
tw_3430,"挑戰印記"
tw_3431,"珀南[每日挑戰]"
tw_3432,"獎券"
tw_3433,"艾瑪[泡泡堂管理員]"
tw_3434,"優莉卡[嘉獎]"
tw_3435,"洛米爾[魔法娃娃]"
tw_3436,"獸靈"
tw_3437,"獸髓"
tw_3438,"一階魔力球碎片"
tw_3439,"一階魔力球兌換券"
tw_3440,"一階魔力球"
tw_3441,"二階魔力球"
tw_3442,"三階魔力球"
tw_3443,"四階魔力球"
tw_3444,"五階魔力球"
tw_3445,"小飛蝠"
tw_3446,"紅雪怪"
tw_3447,"藍雪怪"
tw_3448,"藍肥肥"
tw_3449,"紅肥肥"
tw_3450,"小飛龍"
tw_3451,"紅長者"
tw_3452,"綠長者"
tw_3453,"冰雪戈倫"
tw_3454,"熔岩戈倫"
tw_3455,"叢林戈倫"
tw_3456,"水靈"
tw_3457,"火靈"
tw_3458,"土靈"
tw_3459,"雲靈"
tw_3460,"風靈"
tw_3461,"木靈"
tw_3462,"牛魔王"
tw_3463,"比卡"
tw_3464,"獨眼巨人"
tw_3465,"蜂女"
tw_3466,"牛頭人"
tw_3467,"艾安"
tw_3468,"小惡魔"
tw_3469,"死亡騎士"
tw_3470,"炎魔巴風特"
tw_3471,"土魔巴風特"
tw_3472,"冰雪女王"
tw_3473,"死神骷顱"
tw_3474,"死神鐮刀"
tw_3475,"惡魔領主"
tw_3476,"泡點筆記"
tw_3477,"高級泡點筆記"
tw_3478,"泡點福袋"
tw_3479,"高級泡點福袋"
tw_3480,"\fW泡點"
tw_3481,"遠古邪惡狩獵者"
tw_3482,"遠古邪惡審判者"
tw_3483,"Lv.4風護脛甲"
tw_3484,"Lv.4火護脛甲"
tw_3485,"Lv.4水護脛甲"
tw_3486,"Lv.4土護脛甲"
tw_3487,"Lv.4風靈鑽"
tw_3488,"Lv.4火靈鑽"
tw_3489,"Lv.4水靈鑽"
tw_3490,"Lv.4土靈鑽"
tw_3491,"損壞的Lv.3元素加護脛甲"
tw_3492,"勞華地區地監"
tw_3493,"重擊"
tw_3494,"旋風斬"
tw_3495,"英勇打擊"
tw_3496,"貪婪的暴徒"
tw_3497,"狡詐的暴徒"
tw_3498,"殘忍的暴徒"
tw_3499,"惡毒的暴徒"
tw_3500,"暗鴉法師"
tw_3501,"華麗刺殺者"
tw_3502,"防具強化保護卷軸[限時1個月]"
tw_3503,"三階防具強化保護卷軸[限時1個月]"
tw_3504,"武器高級強化保護卷軸[限時1個月]"
tw_3505,"高等經驗藥水"
tw_3506,"強力裝備強化禮盒"
tw_3507,"高寶鏟"
tw_3508,"神秘禮盒"
tw_3509,"海賊骷髏"
tw_3510,"傳送鈴鐺(組隊)"
tw_3511,"傳送鈴鐺(血盟)"
tw_3512,"戰鬥大師"
tw_3513,"糖果"
tw_3514,"艾迪的包裹"
tw_3515,"淨化結晶"
tw_3516,"靈識"
tw_3517,"魔法氣息"
tw_3518,"勞華狼人的獠牙"
tw_3519,"帶著奇怪符號的資料"
tw_3520,"武器強化保護卷軸[限時1個月]"
tw_3521,"三階武器強化保護卷軸[限時1個月]"
tw_3522,"防具強化保護卷軸[限時6小時](綁定)"
tw_3523,"三階防具強化保護卷軸[限時6小時](綁定)"
tw_3524,"勞華狼人"
tw_3525,"一級空白魔法卷軸"
tw_3526,"二級空白魔法卷軸"
tw_3527,"三級空白魔法卷軸"
tw_3528,"四級空白魔法卷軸"
tw_3529,"五級空白魔法卷軸"
tw_3530,"六級空白魔法卷軸"
tw_3531,"魔法卷軸（初級治愈術）"
tw_3532,"魔法卷軸（日光術）"
tw_3533,"魔法卷軸（保護罩）"
tw_3534,"魔法卷軸（光箭）"
tw_3535,"魔法卷軸（指定傳送術）"
tw_3536,"魔法卷軸（冰箭）"
tw_3537,"魔法卷軸（風刃）"
tw_3538,"魔法卷軸（神聖武器）"
tw_3539,"魔法卷軸（解毒術）"
tw_3540,"魔法卷軸（寒冷戰憟）"
tw_3541,"魔法卷軸（毒咒）"
tw_3542,"魔法卷軸（附魔武器）"
tw_3543,"魔法卷軸（破匿之眼）"
tw_3544,"魔法卷軸（負重強化）"
tw_3545,"魔法卷軸（火箭）"
tw_3546,"魔法卷軸（影牙術）"
tw_3547,"魔法卷軸（極光雷電）"
tw_3548,"魔法卷軸（超度術）"
tw_3549,"魔法卷軸（中級治愈術）"
tw_3550,"魔法卷軸（暗盲咒）"
tw_3551,"魔法卷軸（護持）"
tw_3552,"魔法卷軸（寒冰氣息）"
tw_3553,"魔法卷軸（弱性感測）"
tw_3554,"魔法卷軸（燃燒的火球）"
tw_3555,"魔法卷軸（通暢氣脈術）"
tw_3556,"魔法卷軸（壞物術）"
tw_3557,"魔法卷軸（體力奪取）"
tw_3558,"魔法卷軸（緩速術）"
tw_3559,"魔法卷軸（岩牢）"
tw_3560,"魔法卷軸（魔法屏障）"
tw_3561,"魔法卷軸（冥想術）"
tw_3562,"魔法卷軸（縛身術）"
tw_3563,"魔法卷軸（極道落雷）"
tw_3564,"魔法卷軸（高級治愈術）"
tw_3565,"魔法卷軸（迷魅術）"
tw_3566,"魔法卷軸（聖潔之光）"
tw_3567,"魔法卷軸（冰錐）"
tw_3568,"魔法卷軸（魔力奪取）"
tw_3569,"魔法卷軸（黑暗之影）"
tw_3570,"魔法卷軸（傀儡術）"
tw_3571,"魔法卷軸（體魄強健術）"
tw_3572,"魔法卷軸（加速術）"
tw_3573,"魔法卷軸（魔法相消術）"
tw_3574,"魔法卷軸（地裂術）"
tw_3575,"魔法卷軸（烈炎術）"
tw_3576,"魔法卷軸（弱化術）"
tw_3577,"魔法卷軸（神佑武器）"
tw_3578,"神靈誓約[30天]"
tw_3579,"+6限時武器兌換券"
tw_3580,"+7限時武器兌換券"
tw_3581,"+8限時武器兌換券"
tw_3582,"+9限時武器兌換券"
tw_3583,"+10限時武器兌換券"
tw_3584,"回鍋獎券"
tw_3585,"伊薇特"
tw_3586,"極·冰霜劍士結晶"
tw_3587,"極·冰霜槍兵結晶"
tw_3588,"極·冰霜獵手結晶"
tw_3589,"極·冰霜巴風特結晶"
tw_3590,"極·冰霜女巫結晶"
tw_3591,"極·冰霜獵影結晶"
tw_3592,"極·冰霜劍士"
tw_3593,"極·冰霜槍兵"
tw_3594,"極·冰霜獵手"
tw_3595,"極·冰霜巴風特"
tw_3596,"極·冰霜女巫"
tw_3597,"極·冰霜獵影"
tw_3598,"回鍋獎券兌換券"
tw_3599,"冰霜匕首"
tw_3600,"冰霜之刃"
tw_3601,"冰霜巨劍"
tw_3602,"冰霜之矛"
tw_3603,"冰霜法杖"
tw_3604,"冰霜之弓"
tw_3605,"冰霜雙刀"
tw_3606,"冰霜手甲"
tw_3607,"冰霜之爪"
tw_3608,"+11限時武器兌換券"
tw_3609,"回鍋高級泡點筆記·一"
tw_3610,"回鍋高級泡點筆記·二"
tw_3611,"特殊泡點筆記"
tw_3612,"特殊泡點福袋"
tw_3613,"吉安娜"
tw_3614,"泰德"
tw_3615,"天選抽獎券·貳"
tw_3616,"回歸變形卷軸盒子"
tw_3617,"盾擊"
tw_3618,"薇薇安"
tw_3619,"烈炎之刃"
tw_3620,"烈炎巨劍"
tw_3621,"巴風特魔杖"
tw_3622,"惡龍之弓"
tw_3623,"巨蟻雙鐮"
tw_3624,"惡龍手甲"
tw_3625,"失去魔力的烈炎之刃"
tw_3626,"失去魔力的烈炎巨劍"
tw_3627,"失去魔力的巴風特魔杖"
tw_3628,"失去魔力的惡龍之弓"
tw_3629,"失去魔力的巨蟻雙鐮"
tw_3630,"失去魔力的惡龍手甲"
tw_3631,"不死鳥的羽毛"
tw_3632,"暗魂甲片"
tw_3633,"海王石"
tw_3634,"龍骨"
tw_3635,"黑暗源力"
tw_3636,"安格斯 [神靈武器]"
tw_3637,"體質禮盒"
tw_3638,"精神禮盒"
tw_3639,"聖·黑暗魔狼"
tw_3640,"普通祈福寶箱"
tw_3641,"祝福祈福寶箱"
tw_3642,"古代終極治癒藥劑(祝福)"
tw_3643,"終極魔能藥劑(祝福)"
tw_3644,"夾心糖(祝福)"
tw_3645,"拐杖糖(祝福)"
tw_3646,"棒棒糖(祝福)"
tw_3647,"月輝之淚(祝福)"
tw_3648,"米娜[祈福使者]"
tw_3649,"極·死亡之鐮結晶"
tw_3650,"極·死亡之鐮"
tw_3651,"沉睡之霧"
tw_3652,"追憶石"
tw_3653,"追憶結晶"
tw_3654,"高級追憶結晶"
tw_3655,"召·昂哥蜘蛛"
tw_3656,"召·變形怪"
tw_3657,"召·千夫長"
tw_3658,"召·夢魘"
tw_3659,"召·吸血鬼"
tw_3660,"召·美杜莎"
tw_3661,"召·殘暴猛虎"
tw_3662,"召·黑雷戈倫"
tw_3663,"召·雪獅"
tw_3664,"召·冰龍"
tw_3665,"學徒"
tw_3666,"盟眾"
tw_3667,"精英"
tw_3668,"守護"
tw_3669,"盟副"
tw_3670,"盟主"
tw_3671,"召喚戒指"
tw_3672,"覓獸戒指"
tw_3673,"囚獸戒指"
tw_3674,"伏獸戒指"
tw_3675,"馴獸戒指"
tw_3676,"喚獸戒指"
tw_3677,"阿爾伯特[召喚控制戒指]"
tw_3678,"覓獸碎片"
tw_3679,"囚獸碎片"
tw_3680,"伏獸碎片"
tw_3681,"馴獸碎片"
tw_3682,"喚獸碎片"
tw_3683,"防具強化卷軸(祝福)"
tw_3684,"武器強化卷軸(祝福)"
tw_3685,"蟻后巢穴"
tw_3686,"暗魂騎士團的徽章"
tw_3690,"騎士的證明（任務道具）"
tw_3691,"精靈的證明（任務道具）"
tw_3692,"法師的證明（任務道具）"
tw_3693,"王族的證明（任務道具）"
tw_3694,"騎士的證明"
tw_3695,"精靈的證明"
tw_3696,"法師的證明"
tw_3697,"王族的證明"
tw_3698,"稱號[反抗軍士兵]解鎖憑證"
tw_3699,"巴塔[道具店]的情報（任務道具）"
tw_3700,"格里拉[裝備製作]的情報（任務道具）"
tw_3701,"塔卡[倉庫]的情報（任務道具）"
tw_3702,"給斯溫的闊劍"
tw_3703,"斯溫用舊的長劍"
tw_3704,"服務生[旅店]的情報（任務道具）"
tw_3705,"賀莉[聖武]的情報（任務道具）"
tw_3706,"破碎的紅色晶石"
tw_3707,"天啟者[元素強化]的情報（任務道具）"
tw_3708,"裝著情報的盒子"
tw_3709,"情報彙總"
tw_3710,"間諜的報告書（任務道具）"
tw_3711,"神秘法師的書信（任務道具）"
tw_3712,"神秘法師的書信"
tw_3713,"特里"
tw_3714,"源金·暗"
tw_3715,"血盟資源寶箱·暗"
tw_3716,"暗魂騎士團的情報（任務道具）"
tw_3717,"達特福德農民"
tw_3718,"落魄的農民"
tw_3719,"農婦"
tw_3720,"流浪的商人"
tw_3721,"流浪漢"
tw_3722,"反抗軍士兵"
tw_3723,"防具高級強化保護卷軸[限時6小時](綁定)"
tw_3724,"稱號[領航者]解鎖憑證"
tw_3725,"領航者"
tw_3726,"領航使者"
tw_3727,"魔法娃娃禮包"
tw_3728,"高等魔法娃娃禮包"
tw_3729,"魂石板禮包"
tw_3730,"新服使者瑪蒂婭"
tw_3731,"魔法禮盒"
tw_3732,"力·破壞者項鏈"
tw_3733,"魔·破壞者項鏈"
tw_3734,"敏·破壞者項鏈"
tw_3735,"暗·破壞者項鏈"
tw_3736,"翼·破壞者項鏈"
tw_3737,"綠色碎片"
tw_3738,"藍色碎片"
tw_3739,"黃色碎片"
tw_3740,"紅色碎片"
tw_3741,"四色史萊姆盒兌換券"
tw_3742,"四色史萊姆蛋"
tw_3743,"虛空能量"
tw_3744,"綠色史萊姆"
tw_3745,"藍色史萊姆"
tw_3746,"黃色史萊姆"
tw_3747,"紅色史萊姆"
tw_3748,"傳送鈴鐺(組隊)[限時1個月]"
tw_3749,"傳送鈴鐺(血盟)[限時1個月]"
tw_3750,"四色史萊姆盒"
tw_3751,"破壞者項鏈限時兌換券"
tw_3752,"血盟成就禮盒"
tw_3753,"洛蒂"
tw_3754,"振奮脛甲"
tw_3755,"殘破的脛甲"
tw_3756,"脛甲修補材料"
tw_3757,"傑諾[無限試煉]"
tw_3758,"無限勛章"
tw_3759,"萬能藥寶盒"
tw_3760,"聖誕之星"
tw_3761,"閃耀的聖誕之星"
tw_3762,"薑餅人"
tw_3763,"約瑟夫[萬能藥嘉獎]"
tw_3764,"聖誕襪"
tw_3765,"聖誕帽"
tw_3766,"財運禮盒"
tw_3767,"消耗品禮盒"
tw_3768,"魔法禮盒"
tw_3769,"武器魔法卷軸"
tw_3770,"防具魔法卷軸"
tw_3771,"聖誕鈴鐺"
tw_3772,"武器強化保護卷軸[限時]"
tw_3773,"黃金五方鏢"
tw_3774,"幸運祝福結晶"
tw_3775,"幸運守護結晶"
tw_3776,"骰子藥水"
tw_3777,"無限原石"
tw_3778,"無限通行證"
tw_40000,"侏儒小偷"
tw_40001,"哥布林小妖"
tw_40002,"致命之蓮"
tw_40003,"德雷克僕從"
tw_40004,"士兵"
tw_40005,"入侵的侏儒小偷"
tw_40006,"入侵的侏儒"
tw_40007,"入侵的哥布林小妖"
tw_40008,"島嶼致命之蓮"
tw_40009,"霍布哥布林擾亂者"
tw_40010,"入侵的侏儒戰士"
tw_40011,"入侵的侏儒僕從"
tw_40012,"墓地之蓮"
tw_40013,"無法安息的村民"
tw_40014,"入侵的獸人戰士"
tw_40015,"入侵的獸人"
tw_40016,"被召喚的亡者"
tw_40017,"死食之蓮"
tw_40018,"Evil Watcher"
tw_40019,"入侵的哥布林"
tw_40020,"海岸霍布哥布林"
tw_40021,"入侵的沙華魚人"
tw_40022,"島嶼戈倫"
tw_40023,"小型島嶼蜘蛛"
tw_40024,"入侵的獸人召喚者"
tw_40025,"島嶼狼人"
tw_40026,"島嶼屍羅蜘蛛"
tw_40027,"島嶼昂哥蜘蛛"
tw_40028,"島嶼人狼"
tw_40029,"島嶼狼人戰士"
tw_40030,"遠征護法者"
tw_40031,"亡靈劍士"
tw_40032,"洞穴狼人"
tw_40033,"亡靈斧手"
tw_40034,"亡靈弓箭手"
tw_40035,"亡靈長矛兵"
tw_40036,"洞穴屍羅蜘蛛"
tw_40037,"洞穴戈倫"
tw_40038,"洞穴人狼"
tw_40039,"洞穴昂哥蜘蛛"
tw_40040,"亡靈法師"
tw_40041,"邪惡之眼"
tw_40042,"弱化骷髏劍士"
tw_40043,"弱化骷髏斧手"
tw_40044,"弱化骷髏長矛手"
tw_40045,"弱化骷髏弓箭手"
tw_40046,"弱化骷髏法師"
tw_40047,"人形僵屍"
tw_40048,"食屍鬼"
tw_40049,"護法者"
tw_40050,"食人魔"
tw_40051,"魯弗斯[收集]"
tw_40052,"瑪西婭[魯弗斯的助理]"
tw_40053,"新手輔助師"
tw_40054,"海倫娜[飾品商人]"
tw_40055,"食腐魔之王"
tw_40056,"地牢熊地精"
tw_40057,"骷髏劍士"
tw_40058,"骷髏斧手"
tw_40059,"骷髏長矛手"
tw_40060,"骷髏弓箭手"
tw_40061,"骷髏法師"
tw_40062,"不死劍士"
tw_40063,"不死戰士"
tw_40064,"不死守衛"
tw_40065,"不死射手"
tw_40066,"不死巫師"
tw_40067,"邪惡地獄犬"
tw_40068,"遠古將軍"
tw_40069,"遠古斧手"
tw_40070,"遠古長矛手"
tw_40071,"遠古弓箭手"
tw_40072,"遠古法師"
tw_40073,"遠古長者魔法師"
tw_40074,"守護者之眼"
tw_40075,"受詛咒的昂哥蜘蛛"
tw_40076,"受詛咒的食屍鬼"
tw_40077,"受詛咒的劍士"
tw_40078,"受詛咒的長矛手"
tw_40079,"受詛咒的弓箭手"
tw_40080,"毒刺蜘蛛"
tw_40081,"伊莉安娜[精靈晶石]"
tw_40082,"誓約書商人[封測]"
tw_40083,"遠古戈倫"
tw_40084,"應許島防衛軍"
tw_40085,"凶惡的侏儒"
tw_40086,"豺狼侵略者"
tw_40087,"熊"
tw_40088,"騎士試煉導師"
tw_40089,"王族試煉導師"
tw_40090,"精靈試煉導師"
tw_40091,"法師試煉導師"
tw_40092,"守衛-維爾"
tw_40093,"守衛-塞恩"
tw_40094,"守衛-梟風"
tw_40095,"深淵魅魔"
tw_40096,"見習暗魂騎士搜捕者"
tw_40097,"見習暗魂騎士"
tw_40098,"暗魂騎士搜捕隊隊長"
tw_40099,"暗魂騎士搜捕者"
tw_40100,"天選者[商店]"
tw_42003,"NULL"
tw_42004,"NULL"
tw_42005,"NULL"
tw_42006,"NULL"
tw_42007,"NULL"
tw_42008,"NULL"
tw_42009,"NULL"
tw_42010,"NULL"
tw_42011,"NULL"
tw_42012,"NULL"
tw_42013,"NULL"
tw_42014,"NULL"
tw_42015,"NULL"
tw_42016,"終極變形卷軸"
tw_42017,"強力解毒藥水(綁定)"
tw_42018,"解毒藥水(任務道具)"
tw_42019,"阿提拉王的追隨者銘牌(任務道具)"
tw_42020,"遠古王之權杖(任務道具)"
tw_42021,"魔力源石(任務道具)"
tw_42022,"變異者的魂晶(任務道具)"
tw_42023,"毒牙(任務道具)"
tw_42024,"被奪的貨物(任務道具)"
tw_42025,"復合礦石(任務道具)"
tw_42026,"NULL"
tw_42027,"穢石(任務道具)"
tw_42028,"影石(任務道具)"
tw_42029,"力量石(任務道具)"
tw_42030,"食人魔的心髒(任務道具)"
tw_42031,"材料(任務道具)"
tw_42032,"蟻茸(任務道具)"
tw_42033,"毒素結晶(任務道具)"
tw_42034,"NULL"
tw_42035,"蜥蜴人銘牌(任務道具)"
tw_42036,"冰之魔核(任務道具)"
tw_42037,"精靈之晶(任務道具)"
tw_42038,"精靈之晶(任務道具)"
tw_42039,"精靈之晶(任務道具)"
tw_42040,"珍珠鏟Ⅰ(任務道具)"
tw_42041,"珍珠鏟Ⅱ(任務道具)"
tw_42042,"珍珠鏟Ⅲ(任務道具)"
tw_42043,"珍珠鏟Ⅳ(任務道具)"
tw_42044,"珍珠粉(任務道具)"
tw_42045,"魔力能量寶石(任務道具)"
tw_42046,"衛兵令牌(任務道具)"
tw_42047,"羊肉(任務道具)"
tw_42048,"獸人軍團名單(任務道具)"
tw_42049,"獸人軍事布防圖(任務道具)"
tw_42050,"黑暗之晶(任務道具)"
tw_42051,"圖騰(任務道具)"
tw_42052,"珍珠(任務道具)"
tw_42053,"元素石(任務道具)"
tw_42054,"法師的玉(任務道具)"
tw_42055,"腐爛的肉(任務道具)"
tw_42056,"獸人的血(任務道具)"
tw_42057,"暗黑精靈的箭(任務道具)"
tw_43000,"初心者防具強化卷軸"
tw_43001,"初心者武器強化卷軸"
tw_43002,"初心者裝備強化魔礦石"
tw_43003,"強力邪惡者魂晶"
tw_43004,"昆蟲的唾液(任務道具)"
tw_43005,"戈倫的碎片"
tw_43006,"強力邪惡者魂晶"
tw_43007,"古戰場遺物"
tw_43008,"狼牙"
tw_43009,"破損的圖騰"
tw_43010,"圖騰"
tw_43011,"古老的圖騰(任務道具)"
tw_43012,"奧裡哈魯根"
tw_43013,"水之賢者的衣物"
tw_43014,"風之賢者的衣物"
tw_43015,"土之賢者的衣物"
tw_43016,"緋紅布匹"
tw_43017,"巨蠍的毒液"
tw_43018,"瑪娜魔石"
tw_43019,"龍鱗"
tw_43020,"騎士徽章"
tw_43021,"失去魔力的布倫丹之劍"
tw_43022,"月牙之枝"
tw_43023,"失去魔力的巴風特之杖"
tw_44000,"匕首"
tw_44001,"初心者長劍"
tw_44002,"銀制長劍"
tw_44003,"騎士之劍"
tw_44004,"精靈細劍"
tw_44005,"精鋼長劍"
tw_44006,"騎士長之劍"
tw_44007,"亞瑟王的聖劍(贗品)"
tw_44008,"反王統帥之劍"
tw_44009,"龍鱗劍"
tw_44010,"弓"
tw_44011,"初心者之弓"
tw_44012,"精靈弓"
tw_44013,"精靈長弓"
tw_44014,"敏捷精准之弓"
tw_44015,"月牙"
tw_44016,"樊迪之弓"
tw_44017,"法杖"
tw_44018,"初心者魔杖"
tw_44019,"法力魔杖"
tw_44020,"銀制法力魔杖"
tw_44021,"戰爭權杖"
tw_44022,"NULL"
tw_44023,"伊娃之杖"
tw_44024,"巴風特的詛咒"
tw_44025,"王家匕首"
tw_44026,"初心者流星錘"
tw_44027,"戰錘"
tw_44028,"NULL"
tw_44029,"鎢鋼巨斧"
tw_44030,"斬矛"
tw_44031,"獸人之矛"
tw_44032,"精靈匕首"
tw_44033,"精靈秘銀匕首"
tw_45000,"老舊的皮甲"
tw_45001,"初心者皮甲"
tw_45002,"初心者法袍"
tw_45003,"初心者盔甲"
tw_45004,"骷髏鎧甲"
tw_45005,"反抗軍鎧甲"
tw_45006,"精鋼鎧甲"
tw_45007,"騎士長鎧甲"
tw_45008,"死亡騎士盔甲"
tw_45009,"精靈秘銀鏈甲"
tw_45010,"精靈秘銀戰鎧"
tw_45011,"索羅納的法袍"
tw_45500,"老舊的皮帽"
tw_45501,"初心者皮帽"
tw_45502,"骷髏頭盔"
tw_45503,"體質頭盔"
tw_45504,"精鋼頭盔"
tw_45505,"騎士長頭盔"
tw_45506,"死亡騎士之盔"
tw_45507,"敏捷頭盔"
tw_45508,"精靈長老之盔"
tw_45509,"精靈游俠頭盔"
tw_45510,"斯韋丹之帽"
tw_45511,"恩多之帽"
tw_45512,"破損的治愈之盔"
tw_45513,"治愈之盔"
tw_46000,"老舊的披風"
tw_46001,"初心者披風"
tw_46002,"王者之風"
tw_46003,"反抗軍披風"
tw_46004,"法力披風"
tw_46005,"守護者披風"
tw_46006,"游歷者披風"
tw_46007,"騎士長披風"
tw_46008,"游俠披風"
tw_46009,"智者披風"
tw_46010,"初心者單肩披風"
tw_46500,"老舊的襯衫"
tw_46501,"初心者襯衫"
tw_46502,"魔法抗性襯衫"
tw_46503,"惡魔之衣"
tw_46504,"精靈秘銀襯衫"
tw_47000,"老舊的手套"
tw_47001,"初心者皮手套"
tw_47002,"高級皮手套"
tw_47003,"精鋼手套"
tw_47004,"敏捷手套"
tw_47005,"精靈游俠手套"
tw_47006,"騎士長護手"
tw_47007,"無畏騎士手套"
tw_47500,"老舊的皮靴"
tw_47501,"初心者皮靴"
tw_47502,"防御長靴"
tw_47503,"抵抗長靴"
tw_47504,"精鋼長靴"
tw_47505,"騎士長護腿"
tw_47506,"精靈游俠護腿"
tw_48000,"初心者圓盾"
tw_48001,"初心者大盾"
tw_48002,"骷髏盾牌"
tw_48003,"反抗軍之盾"
tw_48004,"精鋼盾牌"
tw_48005,"魔法抵御之盾"
tw_48006,"騎士長大盾"
tw_48007,"力量之盾"
tw_48501,"英雄項鏈Lv.1"
tw_48502,"英雄項鏈Lv.2"
tw_48503,"英雄項鏈Lv.3"
tw_48504,"力·英雄項鏈Lv.4"
tw_48505,"魔·英雄項鏈Lv.4"
tw_48506,"敏·英雄項鏈Lv.4"
tw_48507,"力·英雄項鏈Lv.5"
tw_48508,"魔·英雄項鏈Lv.5"
tw_48509,"敏·英雄項鏈Lv.5"
tw_48510,"力·英雄項鏈Lv.6"
tw_48511,"魔·英雄項鏈Lv.6"
tw_48512,"敏·英雄項鏈Lv.6"
tw_48513,"巴西利斯克之眼"
tw_48600,"封測紀念強者腰帶[限定]"
tw_48601,"巨人腰帶"
tw_48700,"封測紀念強者戒指[限定]"
tw_48701,"傳送控制戒指"
tw_48702,"守護者戒指"
tw_48703,"封測紀念戒指"
tw_48800,"封測紀念強者耳環[限定]"
tw_49001,"冒險者套裝"
tw_49002,"衛兵套裝"
tw_49003,"骷髏套裝"
tw_49004,"學徒套裝"
tw_49005,"精鋼套裝"
tw_50000,"紅寶石"
tw_50001,"藍寶石"
tw_50002,"綠寶石"
tw_50003,"魚人的魂晶(任務道具)"
tw_50004,"獸人召喚者的法杖(任務道具)"
tw_50005,"致命之蓮的花瓣(任務道具)"
tw_50006,"致命之蓮的花籽(任務道具"
tw_50007,"德雷克的力量結晶(任務道具)"
tw_50008,"致命之蓮的枝葉(任務道具)"
tw_50999,"NULL"
tw_51000,"不死者的魂石(任務道具)"
tw_51001,"腐肉(任務道具)"
tw_51002,"食人魔的心髒(任務道具)"
tw_51003,"骷髏骨頭(任務道具)"
tw_51004,"庫洛碎片"
tw_51005,"庫洛精華"
tw_51006,"靈魂結晶"
tw_51007,"強力解毒藥水"
tw_51999,"NULL"
tw_52000,"邪惡魂石(任務道具)"
tw_52001,"破皮革(任務道具)"
tw_52002,"歐吉的心髒(任務道具)"
tw_52003,"弱化邪惡魂晶(任務道具)"
tw_52004,"動物的骨頭"
tw_52005,"骨粉"
tw_52006,"邪惡結晶(任務道具)"
tw_52007,"強力解毒藥水"
tw_52008,"魔鬼的契約"
tw_52009,"守護證明"
tw_54999,"NULL"
tw_55000,"亡靈劍士"
tw_55001,"亡靈斧手"
tw_55002,"亡靈弓箭手"
tw_55003,"亡靈長矛手"
tw_55004,"亡靈法師"
tw_55005,"弱化骷髏劍士"
tw_55006,"弱化骷髏斧手"
tw_55007,"弱化骷髏長矛手"
tw_55008,"弱化骷髏弓箭手"
tw_55009,"弱化骷髏法師"
tw_55010,"骷髏劍士"
tw_55011,"骷髏斧手"
tw_55012,"骷髏長矛手"
tw_55013,"骷髏弓箭手"
tw_55014,"骷髏法師"
tw_55015,"不死劍士"
tw_55016,"不死戰士"
tw_55017,"不死守衛"
tw_55018,"不死射手"
tw_55019,"不死巫師"
tw_55020,"遠古將軍"
tw_55021,"遠古斧手"
tw_55022,"遠古長矛手"
tw_55023,"遠古弓箭手"
tw_55024,"遠古法師"
tw_55025,"受詛咒的劍士"
tw_55026,"受詛咒的長矛手"
tw_55027,"受詛咒的弓箭手"
tw_55028,"人形僵屍"
tw_55029,"食人魔"
tw_55030,"嗜血食人魔"
tw_55031,"食屍鬼"
tw_55032,"食腐魔"
tw_55033,"食腐魔之王"
tw_55034,"被召喚的亡者"
tw_55035,"無法安息的村民"
tw_55036,"受詛咒的食屍鬼"
tw_55037,"狂暴食人魔"
tw_55038,"黑暗骷髏劍士"
tw_55039,"黑暗骷髏射手"
tw_55040,"黑暗骷髏法師"
tw_55041,"黑暗骷髏將軍"
tw_55042,"狂暴食人魔長老"
tw_55043,"獸人僵屍"
tw_55499,"NULL"
tw_55500,"腐肉(任務道具)"
tw_55999,"NULL"
tw_56000,"見習邪惡劍士"
tw_56001,"見習邪惡斧手"
tw_56002,"見習邪惡弓箭手"
tw_56003,"見習邪惡長矛兵"
tw_56004,"見習邪惡法師"
tw_56005,"弱化邪惡劍士"
tw_56006,"弱化邪惡斧手"
tw_56007,"弱化邪惡長矛手"
tw_56008,"弱化邪惡弓箭手"
tw_56009,"弱化邪惡法師"
tw_56010,"邪惡劍士"
tw_56011,"邪惡斧手"
tw_56012,"邪惡長矛手"
tw_56013,"邪惡弓箭手"
tw_56014,"邪惡法師"
tw_56015,"精英邪惡劍士"
tw_56016,"精英邪惡戰士"
tw_56017,"精英邪惡守衛"
tw_56018,"精英邪惡射手"
tw_56019,"精英邪惡巫師"
tw_56020,"遠古邪惡將軍"
tw_56021,"遠古邪惡斧手"
tw_56022,"遠古邪惡長矛手"
tw_56023,"遠古邪惡弓箭手"
tw_56024,"遠古邪惡法師"
tw_56025,"受詛咒的邪惡劍士"
tw_56026,"受詛咒的邪惡長矛手"
tw_56027,"受詛咒的邪惡弓箭手"
tw_56028,"邪惡墮落者"
tw_56029,"歐吉"
tw_56030,"嗜血歐吉"
tw_56031,"邪惡暴徒"
tw_56032,"邪惡異變者"
tw_56033,"邪惡異變者之王"
tw_56034,"弱化的邪惡暴徒"
tw_56035,"弱化的邪惡墮落者"
tw_56036,"受詛咒的邪惡暴徒"
tw_56037,"狂暴歐吉"
tw_56038,"黑暗邪惡劍士"
tw_56039,"黑暗邪惡射手"
tw_56040,"黑暗邪惡法師"
tw_56041,"黑暗邪惡將軍"
tw_56042,"狂暴歐吉長老"
tw_56043,"邪惡獸人墮落者"
tw_57001,"娃娃：喜鵲"
tw_57002,"娃娃：飛天"
tw_57003,"娃娃：石頭戈倫"
tw_57004,"娃娃：雪人"
tw_57005,"娃娃：肥肥"
tw_57006,"娃娃：紅長者"
tw_57007,"娃娃：綠長老"
tw_57008,"娃娃：藍雪怪"
tw_57009,"娃娃：冰戈倫"
tw_57010,"娃娃：蜂女"
tw_57011,"娃娃：八戒"
tw_57012,"娃娃：艾安"
tw_57013,"娃娃：火戈倫"
tw_57014,"娃娃：虛鯤"
tw_57015,"娃娃：木靈"
tw_57016,"娃娃：火爆"
tw_57017,"娃娃：阿土"
tw_57018,"娃娃：比卡"
tw_57019,"NULL"
tw_57020,"NULL"
tw_60001,"銀箭"
tw_60002,"秘銀箭"
tw_60003,"黑色秘銀箭"
tw_60004,"奧裡哈魯根箭"
tw_60105,"泡點福袋"
tw_60106,"高級泡點福袋"
tw_60107,"泡點筆記"
tw_60108,"高級泡點筆記"
tw_60109,"娃娃體力泉水"
tw_60110,"洗煉聖水"
tw_60111,"一階魔力球"
tw_60112,"二階魔力球"
tw_60113,"三階魔力球"
tw_60114,"四階魔力球"
tw_60115,"五階魔力球"
