cn_0,$0
cn_1,挥舞
cn_2,使用中
cn_3,打开
cn_4,无油
cn_5,"风神梵迪的恩赐"
cn_6,"水神伏特的恩赐"
cn_7,"土神堤拉的恩赐"
cn_8,"火神伏尔坎的恩赐"
cn_9,"元素结晶"
cn_10,"通往水淩林地区"
cn_11,"通往海底城堡"
cn_12,"轮回奥术"
cn_13,"头目"
cn_14,"闪亮的初心者之甲"
cn_15,"闪亮的初心者手套"
cn_16,"闪亮的初心者之靴"
cn_17,"闪亮的初心者之盾"
cn_18,"隐谷血魔"
cn_19,"隐谷弓箭手"
cn_20,"隐谷魅魔"
cn_21,"无畏之章"
cn_22,"皮革(任务物品)"
cn_23,"勇气之章"
cn_24,"城门"
cn_25,"城堡告示员"
cn_26,"回忆心泉"
cn_27,"[攻城战]"
cn_28,"市政厅传送卷轴"
cn_29,"武器素材木箱"
cn_30,"瑕疵武器石盒"
cn_31,"木箱已购凭证"
cn_32,"石盒已购凭证"
cn_33,"勇气之源"
cn_34,"无畏之源"
cn_35,"[不可补充]"
cn_36,"传音海螺"
cn_37,"狩猎徽章"
cn_38,"狩猎木盒"
cn_39,"狩猎山脉传送卷轴"
cn_40,"猎魔人"
cn_41,"被封印的誓约书[1天]"
cn_42,"屈原长靴礼盒"
cn_43,"隐藏之谷的赠礼石盒兑换券"
cn_44,"隐藏之谷的赠礼石盒"
cn_45,"隐藏之谷通行证·礼"
cn_46,"先贤者之弓"
cn_47,"先贤者之剑"
cn_48,"先贤者之杖"
cn_49,"先贤者头巾"
cn_50,"先贤者T恤"
cn_51,"先贤者盔甲"
cn_52,"先贤者披风"
cn_53,"先贤者手套"
cn_54,"先贤者短靴"
cn_55,"先贤者套装"
cn_56,"回归装备礼盒"
cn_57,"枯木"
cn_58,"混乱原石"
cn_59,"安特树皮"
cn_60,"堕落长剑"
cn_61,"力量钢杖"
cn_62,"灵魂法杖"
cn_63,"堕落魔杖"
cn_64,"幽迷弓"
cn_65,"鹰隼弩"
cn_66,"攻城战斧"
cn_67,"防护软甲"
cn_68,"防护长靴"
cn_69,"防护头盔"
cn_70,"混沌头盔"
cn_71,"混沌斗篷"
cn_72,"混沌法袍"
cn_73,"瑕疵的防护软甲"
cn_74,"瑕疵的防护头盔"
cn_75,"瑕疵的防护长靴"
cn_76,"瑕疵的鹰隼弩"
cn_77,"瑕疵的幽迷弓"
cn_78,"瑕疵的混沌斗篷"
cn_79,"瑕疵的混沌法袍"
cn_80,"瑕疵的混沌头盔"
cn_81,"瑕疵的力量钢杖"
cn_82,"瑕疵的灵魂法杖"
cn_83,"瑕疵的堕落魔杖"
cn_84,"瑕疵的堕落长剑"
cn_85,"泰森 [装备制作]"
cn_86,"贝舒可 [装备制作]"
cn_87,"多丽丝 [装备制作]"
cn_88,"阿里罗的珍珠"
cn_89,"万能药木匣"
cn_90,"普通魔法笔记礼盒[4-6级]"
cn_91,"天选者经验木匣"
cn_92,"解毒药水[任务物品]"
cn_93,"火神伏尔坎的木匣"
cn_94,"火神伏尔坎之礼"
cn_95,"月光女神的仆从"
cn_96,"风殒之剑"
cn_97,"风殒之剑[剑胚]"
cn_98,"风殒之剑专属强化卷轴"
cn_99,"嗜血重弩手头目"
cn_100,"嗜血重弩手"
cn_101,哥布林
cn_102,兽人
cn_103,地精
cn_104,狼人
cn_105,小恶魔
cn_106,侏儒
cn_107,史莱姆
cn_108,丧尸
cn_109,魔眼
cn_110,豺狼人
cn_111,侏儒战士
cn_112,骷髅
cn_113,兵蚁
cn_114,骷髅弓箭手
cn_115,石头戈伦
cn_116,骷髅斧头兵
cn_117,骷髅长矛兵
cn_118,尸罗蜘蛛
cn_119,霍布哥布林
cn_120,蜥蜴人
cn_121,枭熊
cn_122,战蜥人
cn_123,食尸鬼
cn_124,夜影
cn_125,人狼
cn_126,昂哥蜘蛛
cn_127,变形怪
cn_128,巨蚂蚁
cn_129,食腐魔
cn_130,长者魔法师
cn_131,熊地精
cn_132,地狱犬
cn_133,蝎子
cn_134,哈尔皮埃
cn_135,食人魔
cn_136,巨魔
cn_137,狮鹫
cn_138,巨眼怪
cn_139,蛇鸡兽
cn_140,双头巨人
cn_141,巴西利斯克
cn_142,魅魔
cn_143,独眼巨人
cn_144,魅魔妖后
cn_145,巫师
cn_146,诗蔻蒂
cn_147,索罗纳
cn_148,恩多
cn_149,斯韦丹
cn_150,德雷克
cn_151,黑长者
cn_152,巴风特
cn_153,贝雷特
cn_154,布伦丹
cn_155,死亡骑士
cn_156,蚁后
cn_157,斯科特
cn_158,琼安娜
cn_159,阿弗瑞德
cn_160,茵卡
cn_161,伯特伦
cn_162,"奥尔佳[道具店]"
cn_163,柏宜斯
cn_164,布鲁克斯
cn_165,西瑞尔
cn_166,泽恩
cn_167,科迪莉娅
cn_168,查德
cn_169,卡珊特拉
cn_170,卡瑞娜
cn_171,狗
cn_172,马
cn_173,"泰勒 [药店]"
cn_174,贾丝汀娜
cn_175,莉娅
cn_176,护法者
cn_177,喵星人
cn_178,牛
cn_179,兽人战士
cn_180,前往_沙棘木城堡
cn_181,前往_马娄斯
cn_182,前往_精灵园林
cn_183,前往_妖魔村
cn_184,前往_沙棘木二层
cn_185,前往_应许之岛
cn_186,螳螂人
cn_187,兽人弓箭手
cn_188,兽人萨满
cn_189,兽人步兵
cn_190,兽人卫兵
cn_191,兽人重弩手
cn_192,兽人僵尸
cn_193,兽人法师
cn_194,暗黑精灵
cn_195,黑暗蜘蛛
cn_196,精英骷髅
cn_197,柯拉
cn_198,精英骷髅弓箭手
cn_199,浮士德
cn_200,精英骷髅斧头兵
cn_201,精英骷髅法师
cn_202,多丽丝
cn_203,达蒙
cn_204,吉尔维格 [魔法书]
cn_205,伽林
cn_206,稻草人
cn_207,精英骷髅长矛兵
cn_208,柯尔丝顿
cn_209,传教士[经验回购]
cn_210,骷髅法师
cn_211,鸡
cn_212,萝拉
cn_213,拿俄米
cn_214,奈洛比
cn_215,玛拉
cn_216,鸭
cn_217,玛西娅
cn_218,鹅
cn_219,尼翠尔
cn_220,猪
cn_221,托勒密
cn_222,小兔
cn_223,"帕斯卡 [武器店]"
cn_224,罗达
cn_225,雷蒙德
cn_226,瑞玛奥
cn_227,拉姆
cn_228,"瑞比娅 [防具店]"
cn_229,羊
cn_230,"索玛丽 [道具店]"
cn_231,塞迪
cn_232,瑟斯顿
cn_233,西弥斯
cn_234,尤塔
cn_235,阿普顿
cn_236,应许之岛码头船家
cn_237,梅林
cn_238,娜塔莉塔
cn_239,士兵
cn_240,沙棘木城堡士兵
cn_241,达特福德城堡士兵
cn_242,瓦尔妲
cn_243,to_测试专用图
cn_244,变异食人魔
cn_245,变异巴西利斯克
cn_246,弱化哈尔皮埃
cn_247,变异蜥蜴人
cn_248,弱化狼人
cn_249,安德鲁
cn_250,古扎布
cn_251,变异巨眼怪
cn_252,"卡古克 [仓库]"
cn_253,"彼格古 [武器店]"
cn_254,"艾格琳 [防具店]"
cn_255,"拉之葛 [道具店]"
cn_256,拉娜
cn_257,劳西安
cn_258,欧文
cn_259,弱化蝎子
cn_260,独眼巨人_变色
cn_261,双头巨人_变色
cn_262,德雷克_变色
cn_263,弱化枭熊
cn_264,莎贝可
cn_265,弱化小恶魔
cn_266,豺狼人_变色
cn_267,弱化战蜥人
cn_268,巨魔_变色
cn_269,哥布林_变色
cn_270,史莱姆_变色
cn_271,黑暗蜘蛛_变色
cn_272,弱化螳螂人
cn_273,沙棘木城堡
cn_274,沙棘木城堡_塔_2
cn_275,沙棘木城堡_塔_3
cn_276,沙棘木城堡_塔_4
cn_277,妖魔城堡_塔_1
cn_278,妖魔城堡_塔_2
cn_279,妖魔城堡_塔_3
cn_280,妖魔城堡_塔_4
cn_281,伊蒂丝[魔法娃娃]
cn_282,格斯
cn_283,珀西
cn_284,格温
cn_285,胡佛
cn_286,埃文
cn_287,伊内姿
cn_288,"杜拉 [药店]"
cn_289,朗姆
cn_290,伊特
cn_291,妖魔城堡士兵
cn_292,兽人步兵_变色
cn_293,兽人卫兵_变色
cn_294,弱化昂哥蜘蛛
cn_295,霍布哥布林_变色
cn_296,魅魔妖后_变色
cn_297,狮鹫_变色
cn_298,史莱姆_变色_土
cn_299,史莱姆_变色_火
cn_300,哥布林_变色_土
cn_301,茵卡_卫兵
cn_302,"赫尔默斯 [应许之岛地监]"
cn_303,"布鲁克斯 [武器店]"
cn_304,船家
cn_305,"贾丝汀娜 [道具店]"
cn_306,"利娅 [防具店]"
cn_307,"安德鲁 [仓库]"
cn_308,"托勒密 [骨甲师]"
cn_309,"多丽丝 [防具制作]"
cn_310,"泽斯"
cn_311,加夫
cn_312,奥莉维亚
cn_313,卡洛斯
cn_314,维姬
cn_315,安布罗斯
cn_316,布兰东
cn_317,鲁弗斯
cn_318,菲莉丝
cn_319,纳尔逊
cn_320,埃尔莎
cn_321,吉娅
cn_322,卡蜜拉
cn_323,洛勒莱
cn_324,罗汉
cn_325,凯尔
cn_326,塞拉
cn_327,韦斯莉
cn_328,盖奇
cn_329,洛雷塔
cn_330,布莱恩
cn_331,南尼特
cn_332,考尔德
cn_333,波西亚
cn_334,兰斯
cn_335,卡尔
cn_336,大卫
cn_337,玛丽思
cn_338,吉尔
cn_339,赫西
cn_340,加雷斯
cn_341,夏伊洛
cn_342,卡米丽娅
cn_343,克雷格
cn_344,雷纳德
cn_345,菲德拉
cn_346,"加斯 [伊丁之极传送]"
cn_347,贝蒂娜
cn_348,亚伦
cn_349,马丁
cn_350,"卡罗尔 [仓库]"
cn_351,莉雅
cn_352,维兰瑟
cn_353,海安
cn_354,安缇诺雅
cn_355,沙棘木城堡远端士兵
cn_356,达特福德城堡远端士兵
cn_357,恩尼亚里斯
cn_358,赫尔默斯
cn_359,刺蚁
cn_360,里克
cn_361,火蚁
cn_362,白蚁
cn_363,巨蚂蚁_变色
cn_364,狐猴
cn_365,小熊猫
cn_366,艾德尔
cn_367,尤林
cn_368,"芭弗 [药店]"
cn_369,"尤托尔 [道具店]"
cn_370,"姆雅克 [防具店]"
cn_371,斯洛格
cn_372,"伊卡古特 [仓库]"
cn_373,"约翰格 [武器店]"
cn_374,"贝舒可 [防具制作]"
cn_375,布林
cn_376,阿米古格
cn_377,塞古夫
cn_378,熊猫
cn_379,熊
cn_380,铠鼠
cn_381,卡珊特拉居所士兵
cn_382,冒险者
cn_383,菲利克斯
cn_384,帕奇
cn_385,魔导师
cn_386,巨力怪
cn_387,传送师
cn_388,穿山甲
cn_389,沃伦
cn_390,戈东
cn_391,艾力克
cn_392,德拉斯
cn_393,亨特
cn_394,小猫
cn_395,"泰森 [武器制作]"
cn_396,王子
cn_397,男骑士
cn_398,男法师
cn_399,男精灵
cn_400,公主
cn_401,女骑士
cn_402,女法师
cn_403,女精灵
cn_404,正义者
cn_405,邪恶者
cn_406,中立者
cn_407,武器-匕首
cn_408,武器-单手钝器
cn_409,武器-单手弓
cn_410,武器-单手矛
cn_411,武器-单手魔杖
cn_412,武器-双手钝器
cn_413,武器-双手弓
cn_414,武器-双手剑
cn_415,武器-双手矛
cn_416,防具-头盔
cn_417,防具-斗篷
cn_418,防具-T恤
cn_419,防具-盔甲
cn_420,防具-手套
cn_421,防具-鞋
cn_422,防具-盾
cn_423,防具-项链
cn_424,防具-戒指
cn_425,防具-腰带
cn_426,防具-耳环
cn_427,魔法书-通用
cn_428,魔法书-法师
cn_429,魔法书-精灵
cn_430,魔法书-骑士
cn_431,魔法书-皇族
cn_432,道具-药水
cn_433,道具-功能卷轴
cn_434,道具-传送卷轴
cn_435,武器-单手剑
cn_436,道具-杂物
cn_437,"西奥多 [寄卖市场]"
cn_438,"斯凯 [血盟管理员]"
cn_439,奈特
cn_440,罗杰[竞拍商人]
cn_441,"优惠商人 [限时]"
cn_442,"活动联络者 [限时]"
cn_443,邪恶屠戮者
cn_444,邪恶监视者
cn_445,邪恶审判者
cn_446,炼金师
cn_447,狄亚戈
cn_448,神秘商人
cn_449,狼人伪装者
cn_450,侏儒伪装者
cn_451,兽人伪装者
cn_452,兽人战士伪装者
cn_453,地精伪装者
cn_454,哥布林伪装者
cn_455,霍布哥布林伪装者
cn_456,侏儒战士伪装者
cn_457,哈维尔[竞拍商人]
cn_458,斯温
cn_459,游历商人
cn_460,五星大师
cn_461,漆黑的熊地精
cn_462,漆黑的螳螂人
cn_463,漆黑的地狱犬
cn_464,漆黑的石头戈仑
cn_465,漆黑的骷髅
cn_466,漆黑的骷髅弓箭手
cn_467,漆黑的骷髅斧头兵
cn_468,漆黑的骷髅长矛兵
cn_469,漆黑的夜影
cn_470,漆黑的食尸鬼
cn_471,漆黑的昂哥蜘蛛
cn_472,漆黑的丧尸
cn_473,"贾克斯 [材料合成]"
cn_474,永生者
cn_475,活动幸运礼包
cn_476,活动赞王礼包
cn_477,活动参与礼包
cn_478,活动礼包
cn_479,"蒂安神的仆从 [誓约书]"
cn_480,蒂安神的赠礼[1天]
cn_481,蒂安神的赠礼[3天]
cn_482,蒂安神的赠礼[30天]
cn_483,蒂安神的赠礼
cn_484,蒂安神的赠礼[7天]
cn_485,死神玛丽亚的仆从
cn_486,堕落的守门者
cn_487,"死神玛丽亚的仆从 [传送]"
cn_488,"克莱夫 [血盟仓库管理员]"
cn_489,"潘 [牧羊人]"
cn_490,枯萎的木灵
cn_491,"月光女神瓦尔妲 [觉醒]"
cn_492,"西维亚"
cn_493,不给糖就捣蛋
cn_494,给糖就不捣蛋
cn_495,捣乱的小恶魔
cn_496,节日使者
cn_497,长者萨满
cn_498,"落魄的海贼 [宝藏]"
cn_499,友善戒指
cn_500,高级魔法宝石
cn_501,装备保护卷轴
cn_502,圣书
cn_503,铜钥匙
cn_504,木钥匙
cn_505,魔法书
cn_506,卷轴
cn_507,慎重药水
cn_508,勇敢药水
cn_509,树皮
cn_510,复苏的树枝
cn_511,羽毛
cn_512,笛子
cn_513,库洛碎片
cn_514,水晶
cn_515,粉末
cn_516,花束
cn_517,自我加速药水
cn_518,绿色药水
cn_519,治愈药水
cn_520,红色药水
cn_521,加速魔力恢复药水
cn_522,蓝色药水
cn_523,解毒药水
cn_524,翡翠药水
cn_525,终极治愈药水
cn_526,白色药水
cn_527,强力治愈药水
cn_528,橙色药水
cn_529,南瓜
cn_530,玉米
cn_531,金币
cn_532,精灵饼乾
cn_533,应许之岛村庄指定传送卷轴
cn_534,应许地监1层指定传送卷轴
cn_535,应许地监2层指定传送卷轴
cn_536,古老隧道指定传送卷轴
cn_537,马洛斯地监1层指定传送卷轴
cn_538,马洛斯地监2层指定传送卷轴
cn_539,马洛斯地监3层指定传送卷轴
cn_540,马洛斯地监4层指定传送卷轴
cn_541,马洛斯地监5层指定传送卷轴
cn_542,马洛斯地监6层指定传送卷轴
cn_543,马洛斯地监7层指定传送卷轴
cn_544,物品测试指定传送卷轴
cn_545,沙棘木地监狱1层指定传送卷轴
cn_546,沙棘木地监狱2层指定传送卷轴
cn_547,骑特拉村庄指定传送卷轴
cn_548,骑特拉地监1层指定传送卷轴
cn_549,骑特拉地监2层指定传送卷轴
cn_550,骑特拉地监3层指定传送卷轴
cn_551,骑特拉地监4层指定传送卷轴
cn_552,沙棘木村庄指定传送卷轴
cn_553,沙漠绿洲指定传送卷轴
cn_554,马洛斯城镇指定传送卷轴
cn_555,妖魔村庄指定传送卷轴
cn_556,妖魔城堡指定传送卷轴
cn_557,沙棘木城堡指定传送卷轴
cn_558,沙棘木内城指定传送卷轴
cn_559,精灵园林指定传送卷轴
cn_560,精灵地监1层指定传送卷轴
cn_561,精灵地监2层指定传送卷轴
cn_562,精灵地监3层指定传送卷轴
cn_563,德雷克地监1层指定传送卷轴
cn_564,德雷克地监2层指定传送卷轴
cn_565,德雷克地监3层指定传送卷轴
cn_566,德雷克地监4层指定传送卷轴
cn_567,德雷克地监5层指定传送卷轴
cn_568,德雷克地监6层指定传送卷轴
cn_569,德雷克地监7层指定传送卷轴
cn_570,伊丁之极指定传送卷轴
cn_571,蚁洞1-1指定传送卷轴
cn_572,蚁洞1-2指定传送卷轴
cn_573,蚁洞1-3指定传送卷轴
cn_574,蚁洞1-4指定传送卷轴
cn_575,蚁洞1-5指定传送卷轴
cn_576,蚁洞1-6指定传送卷轴
cn_577,蚁洞2-1指定传送卷轴
cn_578,蚁洞2-2指定传送卷轴
cn_579,蚁洞2-3指定传送卷轴
cn_580,蚁洞3层指定传送卷轴
cn_581,蚁后巢穴指定传送卷轴
cn_582,"精灵结晶 (水)"
cn_583,"精灵结晶 (火)"
cn_584,"精灵结晶 (风)"
cn_585,"精灵结晶 (地)"
cn_586,通用卷轴
cn_587,地图
cn_588,船票
cn_589,+1等级卷轴
cn_590,-1等级卷轴
cn_591,+10K正义值卷轴
cn_592,-10K正义值卷轴
cn_593,死亡药水
cn_594,召唤怪物魔杖
cn_595,马洛斯酒店室内-1指定传送卷轴
cn_596,马洛斯酒店室内-2指定传送卷轴
cn_597,马洛斯酒店室内-3指定传送卷轴
cn_598,马洛斯酒店室内-4指定传送卷轴
cn_599,马洛斯酒店室内-4指定传送卷轴
cn_600,沙漠地区酒店-1指定传送卷轴
cn_601,沙漠地区酒店-2指定传送卷轴
cn_602,沙漠地区酒店-3指定传送卷轴
cn_603,沙漠地区酒店-4指定传送卷轴
cn_604,沙漠地区酒店-5指定传送卷轴
cn_605,应许村酒店-1指定传送卷轴
cn_606,应许村酒店-2指定传送卷轴
cn_607,应许村酒店-3指定传送卷轴
cn_608,应许村酒店-4指定传送卷轴
cn_609,应许村酒店-5指定传送卷轴
cn_610,应许村酒店-5指定传送卷轴
cn_611,重置魔法药水
cn_612,新手卷轴
cn_613,劳华地监传送卷轴
cn_614,宁神药水
cn_615,弱化狼人的獠牙
cn_616,时光晶石碎片
cn_617,弱化哈尔皮埃的飞羽
cn_618,弱化枭熊的食物
cn_619,新手强力治愈药水
cn_620,新手橙色药水
cn_621,香草饼乾
cn_622,新手治愈药水
cn_623,新手红色药水
cn_624,新手自我加速药水
cn_625,新手绿色药水
cn_626,[伊丁丰碑]传送卷轴
cn_627,贾丝汀娜的货箱
cn_628,火藤
cn_629,断刃
cn_630,丧尸的灵魂晶石
cn_631,魔眼的灵魂晶石
cn_632,食尸鬼的血液
cn_633,狼皮（任务物品）
cn_634,时光晶石
cn_635,利娅的防具货箱
cn_636,利娅的康复药水
cn_637,亨特的皮革
cn_638,魔法书
cn_639,新手
cn_640,死亡骑士的仆从
cn_641,新手变形卷轴
cn_642,保护罩
cn_643,光箭
cn_644,冰箭
cn_645,初级治愈术
cn_646,指定传送术
cn_647,日光术
cn_648,神圣武器
cn_649,风刃
cn_650,影牙术
cn_651,寒冷战栗
cn_652,附魔武器
cn_653,毒咒
cn_654,火箭
cn_655,破匿之眼
cn_656,解毒术
cn_657,负重强化
cn_658,中级治愈术
cn_659,寒冰气息
cn_660,极光雷电
cn_661,弱性感测
cn_662,超度术
cn_663,护持
cn_664,暗盲咒术
cn_665,冥想术
cn_666,吸血鬼之吻
cn_667,坏物术
cn_668,岩牢
cn_669,燃烧的火球
cn_670,缓速术
cn_671,通畅气脉术
cn_672,魔法屏障
cn_673,冰锥
cn_674,缚身术
cn_675,极道落雷
cn_676,圣洁之光
cn_677,迷魅术
cn_678,高级治愈术
cn_679,魔力夺取
cn_680,黑暗之影
cn_681,加速术
cn_682,地裂术
cn_683,弱化术
cn_684,烈炎术
cn_685,神佑武器
cn_686,傀儡术
cn_687,体魄强健术
cn_688,魔法相消术
cn_689,冰矛围篱
cn_690,召唤术
cn_691,强力加速术
cn_692,狂暴术
cn_693,疾病术
cn_694,神圣疾走
cn_695,体力恢复术
cn_696,龙卷风
cn_697,魔法陷阱
cn_698,全部治愈术
cn_699,冰雪暴
cn_700,治愈风暴
cn_701,火墙
cn_702,返生术
cn_703,隐身术
cn_704,震裂术
cn_705,魔法封印
cn_706,破匿圣光
cn_707,沉睡之雾
cn_708,火风暴
cn_709,圣结界
cn_710,药水霜化术
cn_711,变形术
cn_712,集体传送术
cn_713,雷霆风暴
cn_714,力场
cn_715,强化视野
cn_716,冰雪飓风
cn_717,炼魔武器
cn_718,流星雨
cn_719,究极光裂术
cn_720,终极返生术
cn_721,绝对屏障
cn_722,集体缓速术
cn_723,灵魂升华
cn_724,换位术
cn_725,究极传送术
cn_726,瞬间停止
cn_727,反射之池
cn_728,"火神庆典礼券"
cn_729,"[限时]"
cn_730,"任务物品"
cn_731,"火神伏尔坎的祝福券"
cn_732,"Lv.1武器源晶(封印)"
cn_733,"Lv.2武器源晶(封印)"
cn_734,"Lv.3武器源晶(封印)"
cn_735,"Lv.4武器源晶(封印)"
cn_736,"月灵石"
cn_737,"棋羿"
cn_738,"中秋礼券"
cn_739,"中秋礼券·兑换函"
cn_740,世界树呼唤
cn_741,心灵转换
cn_742,魔法防御
cn_743,属性防御
cn_744,净化精神
cn_745,三重矢
cn_746,单属性防御
cn_747,地面障碍
cn_748,大地防护
cn_749,水之元气
cn_750,火焰武器
cn_751,释放元素
cn_752,风之疾走
cn_753,风之神射
cn_754,魂体转换
cn_755,通灵术
cn_756,大地屏障
cn_757,大地的祝福
cn_758,弱化属性
cn_759,暴风之眼
cn_760,水之防护
cn_761,烈炎气息
cn_762,生命之泉
cn_763,魔法消除
cn_764,强力通灵术
cn_765,封印禁地
cn_766,属性之火
cn_767,暴风疾走
cn_768,暴风神射
cn_769,污浊之水
cn_770,烈炎武器
cn_771,烈焰之魂
cn_772,生命呼唤
cn_773,生命的祝福
cn_774,精准射击
cn_775,灼魂之火
cn_776,钢铁防护
cn_777,镜反射
cn_778,风之枷锁
cn_779,大地之魂
cn_780,坚固防护
cn_781,增幅防御
cn_782,反击屏障
cn_783,冲击之晕
cn_784,尖刺盔甲
cn_785,精准目标
cn_786,呼唤盟友
cn_787,激励士气
cn_788,援护盟友
cn_789,冲击士气
cn_790,钢铁士气
cn_791,"新手福利"
cn_792,雷之元素
cn_793,火之元素
cn_794,水之元素
cn_795,土之元素
cn_796,风之元素
cn_797,豆沙月饼
cn_798,桂花月饼
cn_799,莲蓉月饼
cn_800,双黄月饼
cn_801,灯
cn_802,灯笼
cn_803,灯油
cn_804,魔法灯笼
cn_805,蜡烛
cn_806,创造怪物魔杖
cn_807,松木魔杖
cn_808,闪电魔杖
cn_809,乌木魔杖
cn_810,变形魔杖
cn_811,枫木魔杖
cn_812,驱逐魔杖
cn_813,"强化 自我加速药水"
cn_814,"强化 绿色药水"
cn_815,浓缩体力恢复药剂
cn_816,浓缩红药水
cn_817,浓缩强力体力恢复剂
cn_818,浓缩橙药水
cn_819,浓缩终极体力恢复剂
cn_820,浓缩白药水
cn_821,古代治愈药剂
cn_822,古代红色药水
cn_823,古代强力治愈药剂
cn_824,古代橙色药水
cn_825,古代终极治愈药剂
cn_826,古代白色药水
cn_827,失明药水
cn_828,黑色药水
cn_829,"万能药（力量）"
cn_830,"万能药（体质）"
cn_831,"万能药（敏捷）"
cn_832,"万能药（智力）"
cn_833,"万能药（精神）"
cn_834,"万能药（毅力）"
cn_835,红酒
cn_836,威士忌
cn_837,精神药水
cn_838,钻石
cn_839,红宝石
cn_840,蓝宝石
cn_841,绿宝石
cn_842,品质钻石
cn_843,品质红宝石
cn_844,品质蓝宝石
cn_845,品质绿宝石
cn_846,高品质钻石
cn_847,高品质红宝石
cn_848,高品质蓝宝石
cn_849,高品质绿宝石
cn_850,肉
cn_851,魔眼之肉
cn_852,蛋
cn_853,胡萝卜
cn_854,柠檬
cn_855,香蕉
cn_856,苹果
cn_857,橘子
cn_858,对防具强化的卷轴
cn_859,防具毁灭卷轴
cn_860,回村传送卷轴
cn_861,集体传送卷轴
cn_862,对武器强化的卷轴
cn_863,变形卷轴
cn_864,复活卷轴
cn_865,新手回村传送卷轴
cn_866,新手解除装备诅咒卷轴
cn_867,新手鉴定卷轴
cn_868,新手随机传送卷轴
cn_869,随机传送卷轴
cn_870,解除装备诅咒卷轴
cn_871,鉴定卷轴
cn_872,戈仑之心
cn_873,金钥匙
cn_874,德雷克之心
cn_875,铂金币
cn_876,酒店钥匙
cn_877,银钥匙
cn_878,项圈
cn_879,磨刀石
cn_880,魔法宝石
cn_881,精灵玉
cn_882,斯科特之鳞
cn_883,斯科特之爪
cn_884,斯科特之眼
cn_885,斯科特之血
cn_886,斯科特之肉
cn_887,斯科特之心
cn_888,斯科特之骨
cn_889,斯科特之牙
cn_890,火龙鳞
cn_891,风龙鳞
cn_892,水龙鳞
cn_893,土龙鳞
cn_894,皮革
cn_895,高级皮革
cn_896,金属块
cn_897,黑暗蜘蛛丝
cn_898,狼皮
cn_899,白金金属板
cn_900,白金
cn_901,白金原石
cn_902,史莱姆的胃液
cn_903,黑色秘银
cn_904,黑色秘银原石
cn_905,黑色秘银金属板
cn_906,蓝色布料
cn_907,红色布料
cn_908,白色布料
cn_909,鳞片
cn_910,蝎子之皮
cn_911,银
cn_912,银原石
cn_913,银金属板
cn_914,原石碎片
cn_915,精灵碎片
cn_916,地狱犬之皮
cn_917,黄金金属板
cn_918,黄金
cn_919,黄金原石
cn_920,狮鹫之羽毛
cn_921,秘银线
cn_922,秘银块
cn_923,秘银金属板
cn_924,线
cn_925,奥钢
cn_926,奥钢金属板
cn_927,食人魔的血
cn_928,元素石
cn_929,精灵粉末
cn_930,精灵羽翼
cn_931,薄金属板
cn_932,黑钥匙
cn_933,红钥匙
cn_934,古代之箭
cn_935,箭
cn_936,银箭
cn_937,黄金箭
cn_938,秘银箭
cn_939,黑色秘银箭
cn_940,奥钢箭
cn_941,钢铁块
cn_942,钢铁原石
cn_943,石头
cn_944,溶解剂
cn_945,面粉
cn_946,番茄
cn_947,圣水
cn_948,火属性强化卷轴
cn_949,土属性强化卷轴
cn_950,水属性强化卷轴
cn_951,风属性强化卷轴
cn_952,返生药水
cn_953,信纸
cn_954,饰品强化卷轴
cn_955,铁血徽章
cn_956,珍稀金属
cn_957,虚空金属
cn_958,亡灵骨头
cn_959,破碎皮革(X)
cn_960,破碎皮革(Y)
cn_961,骷髅法师的骨髓
cn_962,净化的灵魂晶石
cn_963,石头戈仑之心
cn_964,污秽的灵魂晶石
cn_965,应许之岛地监地图
cn_966,古老隧道的信息
cn_967,力量精华
cn_968,污浊的灵魂晶石
cn_969,死亡骑士的亡灵碎骨
cn_970,虚空之石
cn_971,螳螂人的蛊惑之心
cn_972,人狼的巨牙
cn_973,食尸鬼的尸油
cn_974,食腐魔的不死肉
cn_975,装有骷髅骨头的货箱
cn_976,粮食
cn_977,石盒
cn_978,古代铂金币
cn_979,誓约书
cn_980,治愈药水(绑定)
cn_981,解毒药水(绑定)
cn_982,强力治愈药水(绑定)
cn_983,自我加速药水(绑定)
cn_984,回村传送卷轴(绑定)
cn_985,随机传送卷轴(绑定)
cn_986,解除装备诅咒卷轴(绑定)
cn_987,鉴定卷轴(绑定)
cn_988,磨刀石(绑定)
cn_989,对武器强化的卷轴(绑定)
cn_990,对防具强化的卷轴(绑定)
cn_991,地狱木之匙
cn_992,黑血之匙
cn_993,高级变形卷轴
cn_994,终极变形卷轴
cn_995,智者之礼
cn_996,蒂安神的赠礼[60天]
cn_997,武器高级强化保护卷轴
cn_998,"[隐藏之谷的古老石盒·誓]兑换券"
cn_999,"防护套装"
cn_1000,兽人匕首
cn_1001,骰子匕首
cn_1002,短剑的剑身
cn_1003,匕首
cn_1004,精灵匕首
cn_1005,新手匕首
cn_1006,秘银匕首
cn_1007,奥钢匕首
cn_1008,失去魔力的布伦丹之剑
cn_1009,长剑的剑身
cn_1010,奥钢之剑的剑身
cn_1011,兽人短剑
cn_1012,碎甲之刃
cn_1013,阔剑
cn_1014,短剑
cn_1015,银剑
cn_1016,侏儒短剑
cn_1017,弯刀
cn_1018,精灵短剑
cn_1019,银长剑
cn_1020,红骑士之剑
cn_1021,长剑
cn_1022,黑骑士之剑
cn_1023,新手单手剑
cn_1024,大马士革刀
cn_1025,黑骑士匕首
cn_1026,武士刀
cn_1027,细剑
cn_1028,波斯弯刀
cn_1029,新手双手剑
cn_1030,双手剑
cn_1031,布伦丹之杖
cn_1032,瑟鲁基之剑
cn_1033,死亡骑士的火焰之剑
cn_1034,末日之刃
cn_1035,双手巨剑
cn_1036,潘的犄角
cn_1037,秘银之角
cn_1038,月刃长戟
cn_1039,兽人之矛
cn_1040,尖刺倒钩戟
cn_1041,三叉戟
cn_1042,三尖戟
cn_1043,长枪
cn_1044,长矛
cn_1045,倒钩戟
cn_1046,长柄刀枪
cn_1047,精灵之矛
cn_1048,奥钢之角
cn_1049,内斯特长枪
cn_1050,长戟
cn_1051,斩矛
cn_1052,新手长矛
cn_1053,暗鸦战矛
cn_1054,精灵魔抗短剑
cn_1055,精灵敏捷短剑
cn_1056,水晶魔杖
cn_1057,新手法杖
cn_1058,贝雷特之杖
cn_1059,巴风特之杖
cn_1060,巫术法杖
cn_1061,玛娜之杖
cn_1062,玛娜钢杖
cn_1063,橡木法杖
cn_1064,巫师法杖
cn_1065,力量法杖
cn_1066,斧头
cn_1067,仪式刀
cn_1068,棍棒
cn_1069,连枷
cn_1070,权杖
cn_1071,战锤
cn_1072,银斧
cn_1073,战斧
cn_1074,精钢战斧
cn_1075,狂战士战斧
cn_1076,流星锤
cn_1077,新手斧头
cn_1078,巨斧
cn_1079,猎人之弓
cn_1080,精灵之弓
cn_1081,兽人之弓
cn_1082,弓
cn_1083,短弓
cn_1084,新手石弓
cn_1085,新手之弓
cn_1086,十字短弓
cn_1087,和弓
cn_1088,远古弩枪
cn_1089,梵迪之弓
cn_1090,精灵魔力短剑
cn_1091,精灵体质短剑
cn_1092,专属的玛娜之杖
cn_1093,专属的宝石魔杖
cn_1094,魔化长矛兵
cn_1095,魔化法师
cn_1096,魔化斧头兵
cn_1097,魔化弓箭手
cn_1098,魔化战士
cn_1099,魔化蜘蛛
cn_1100,魔化食尸鬼
cn_1101,魔化的熊地精王
cn_1102,腐烂之身
cn_1103,诅咒之法
cn_1104,瘟疫之源
cn_1105,厄运之首
cn_1106,魔化的食人魔王
cn_1107,怪老头
cn_1108,怪老头之影
cn_1109,倒楣鬼
cn_1110,倒楣鬼之影
cn_1111,魔化的蜘蛛女王
cn_1112,贪婪之斧
cn_1113,灾难之爪
cn_1114,罪恶之镰
cn_1115,魔化巴风特
cn_1116,变身卷轴-死亡骑士
cn_1117,专属的希望之剑
cn_1118,希望之剑
cn_1119,魔复药水
cn_1120,马洛斯地监1层指定传送卷轴（绑定）
cn_1121,马洛斯地监2层指定传送卷轴（绑定）
cn_1122,马洛斯地监3层指定传送卷轴（绑定）
cn_1123,马洛斯地监4层指定传送卷轴（绑定）
cn_1124,马洛斯地监5层指定传送卷轴（绑定）
cn_1125,马洛斯地监6层指定传送卷轴（绑定）
cn_1126,马洛斯地监7层指定传送卷轴（绑定）
cn_1127,羊的骨头
cn_1128,朽木
cn_1129,库洛精华
cn_1130,图腾
cn_1131,图腾碎片
cn_1132,"大南瓜 [万圣节]"
cn_1133,"南瓜饼乾 [万圣节]"
cn_1134,兽人族的图腾
cn_1135,精灵之晶
cn_1136,神之水
cn_1137,兽人首领的信物
cn_1138,迷雾魔法阵之书
cn_1139,迷雾魔法阵之心
cn_1140,月光女神的祝福
cn_1141,走失的羊
cn_1142,被盗的精灵羽翼
cn_1143,圣诞帽
cn_1144,圣诞袜
cn_1145,圣诞礼物
cn_1146,圣诞幸运礼物
cn_1147,短期誓约书
cn_1148,藏宝图（应许之岛）
cn_1149,藏宝图（马洛斯地区）
cn_1150,藏宝图（妖魔地区）
cn_1151,藏宝图（精灵园林）
cn_1152,藏宝图（沙棘木地区）
cn_1153,高级藏宝图（应许之岛）
cn_1154,高级藏宝图碎片一
cn_1155,高级藏宝图碎片二
cn_1156,高级藏宝图碎片三
cn_1157,高级藏宝图碎片四
cn_1158,一级变形卷轴(骑士)
cn_1159,二级变形卷轴(骑士)
cn_1160,三级变形卷轴(骑士)
cn_1161,四级变形卷轴(骑士)
cn_1162,五级变形卷轴(骑士)
cn_1163,六级变形卷轴(骑士)
cn_1164,一级变形卷轴(法师)
cn_1165,二级变形卷轴(法师)
cn_1166,三级变形卷轴(法师)
cn_1167,四级变形卷轴(法师)
cn_1168,五级变形卷轴(法师)
cn_1169,六级变形卷轴(法师)
cn_1170,一级变形卷轴(精灵)
cn_1171,二级变形卷轴(精灵)
cn_1172,三级变形卷轴(精灵)
cn_1173,四级变形卷轴(精灵)
cn_1174,五级变形卷轴(精灵)
cn_1175,六级变形卷轴(精灵)
cn_1176,一级变形卷轴(王族)
cn_1177,二级变形卷轴(王族)
cn_1178,三级变形卷轴(王族)
cn_1179,四级变形卷轴(王族)
cn_1180,五级变形卷轴(王族)
cn_1181,六级变形卷轴(王族)
cn_1182,昂哥蜘蛛头目
cn_1183,地精头目
cn_1184,地狱犬头目
cn_1185,哥布林头目
cn_1186,霍布哥布林头目
cn_1187,精英骷髅头目
cn_1188,精英骷髅法师头目
cn_1189,精英骷髅斧头兵头目
cn_1190,精英骷髅弓箭手头目
cn_1191,精英骷髅长矛兵头目
cn_1192,骷髅头目
cn_1193,骷髅法师头目
cn_1194,骷髅斧头兵头目
cn_1195,骷髅弓箭手头目
cn_1196,骷髅长矛兵头目
cn_1197,狼人头目
cn_1198,魔眼头目
cn_1199,人狼头目
cn_1200,丧尸头目
cn_1201,尸罗蜘蛛头目
cn_1202,石头戈仑头目
cn_1203,食腐魔头目
cn_1204,食人魔头目
cn_1205,食尸鬼头目
cn_1206,史莱姆头目
cn_1207,兽人头目
cn_1208,兽人法师头目
cn_1209,兽人弓箭手头目
cn_1210,兽人战士头目
cn_1211,螳螂人头目
cn_1212,熊地精头目
cn_1213,夜影头目
cn_1214,侏儒头目
cn_1215,侏儒战士头目
cn_1216,藏宝图
cn_1217,高级藏宝图
cn_1218,黑暗蜘蛛头目
cn_1219,暗黑精灵头目
cn_1220,兽人步兵头目
cn_1221,兽人卫兵头目
cn_1222,兽人重弩手头目
cn_1223,兽人萨满头目
cn_1224,兽人僵尸头目
cn_1225,一级变形卷轴
cn_1226,二级变形卷轴
cn_1227,三级变形卷轴
cn_1228,四级变形卷轴
cn_1229,五级变形卷轴
cn_1230,六级变形卷轴
cn_1231,晶石
cn_1232,土晶石
cn_1233,水晶石
cn_1234,风晶石
cn_1235,火晶石
cn_1236,福气袋[喜]
cn_1237,福气袋[迎]
cn_1238,福气袋[庆]
cn_1239,福气袋[典]
cn_1240,庆典糕点
cn_1241,庆典礼盒
cn_1242,先贤的祝福
cn_1243,红爆竹
cn_1244,新年变形卷轴
cn_1245,快乐变形卷轴
cn_1246,调皮的年兽
cn_1247,贪吃的年兽
cn_1248,逃窜的年兽
cn_1249,破旧的高级变形卷轴（绑定）
cn_1250,高级变形卷轴（绑定）
cn_1251,精粹
cn_1252,梅林的魔法器具
cn_1253,伊丁天堂周年庆礼包
cn_1254,服务器周年庆礼包
cn_1255,绑定
cn_1256,嗜血狼人
cn_1257,嗜血食人魔
cn_1258,嗜血狼人头目
cn_1259,嗜血食人魔头目
cn_1260,红骑士之盾
cn_1261,魅魔头目
cn_1262,蛇鸡兽头目
cn_1263,破旧的
cn_1264,闪亮的
cn_1265,艾美[装饰]
cn_1266,贪婪的
cn_1267,[混乱角斗场]
cn_1268,[寄卖市场]
cn_1269,[属性转化]
cn_1270,角色成长礼盒
cn_1271,希望圣石
cn_1272,帕特神庙的庇佑
cn_1273,和平戒指
cn_1274,泽斯的强力武器
cn_1275,武器强化卷轴(任务专属)
cn_1276,被封印的誓约书[15天]
cn_1277,格罗瑞娅
cn_1278,魔法符石
cn_1279,魔法染料
cn_1280,特殊魔法染料
cn_1281,邪恶狩猎者
cn_1282,黑暗骷髅弓箭手
cn_1283,黑暗骷髅法师 
cn_1284,黑暗骷髅弓箭手头目
cn_1285,黑暗骷髅法师头目
cn_1286,血影
cn_1287,嗜血蜘蛛
cn_1288,恶魔弓箭手
cn_1289,红骑士套装
cn_1290,死亡骑士套装
cn_1291,布伦丹套装
cn_1292,皮制套装
cn_1293,兽人套装
cn_1294,侏儒套装
cn_1295,尖刺皮制套装
cn_1296,骷髅套装
cn_1297,巫师套装
cn_1298,钢铁套装
cn_1299,尖刺皮凉鞋
cn_1300,皮帽
cn_1301,皮头盔
cn_1302,钢铁头盔
cn_1303,骑士头巾
cn_1304,骑士头盔
cn_1305,侏儒钢盔
cn_1306,破旧的风之头盔
cn_1307,死亡骑士头盔
cn_1308,魔抗头盔
cn_1309,巫师帽
cn_1310,魔法头盔:敏捷
cn_1311,魔法头盔:治愈
cn_1312,魔法头盔:力量
cn_1313,斯韦丹之帽
cn_1314,皇冠
cn_1315,精灵敏捷头盔
cn_1316,风之头盔
cn_1317,阿提拉战盔
cn_1318,索罗纳之帽
cn_1319,感知头盔
cn_1320,红骑士头巾
cn_1321,新手皮盔
cn_1322,诗蔻蒂之帽
cn_1323,埃尔姆的祝福
cn_1324,兽人头盔
cn_1325,精灵皮盔
cn_1326,夜视头盔
cn_1327,尖刺皮帽
cn_1328,精灵体质头盔
cn_1329,恩多之帽
cn_1330,布伦丹软帽
cn_1331,薇薇安头饰
cn_1332,头盔
cn_1333,骷髅头盔
cn_1334,蚁后金翼
cn_1335,蚁后银翼
cn_1336,侏儒斗篷
cn_1337,土之斗篷
cn_1338,玛娜斗篷
cn_1339,魔抗斗篷
cn_1340,水之斗篷
cn_1341,风之斗篷
cn_1342,防护斗篷
cn_1343,红骑士斗篷
cn_1344,红色斗篷
cn_1345,火之斗篷
cn_1346,兽人斗篷
cn_1347,精灵斗篷
cn_1348,银色斗篷
cn_1349,隐身斗篷
cn_1350,位移斗篷
cn_1351,油布斗篷
cn_1352,新手T恤
cn_1353,T恤
cn_1354,皮甲
cn_1355,皮背心
cn_1356,钢铁铠甲
cn_1357,环甲
cn_1358,木甲
cn_1359,死亡骑士盔甲
cn_1360,板条甲
cn_1361,魔抗链甲
cn_1362,巫师长袍
cn_1363,棉质长袍
cn_1364,藤甲
cn_1365,巴风特盔甲
cn_1366,阿提拉战甲
cn_1367,皮带背心
cn_1368,鳞甲
cn_1369,骷髅盔甲
cn_1370,链甲
cn_1371,新手皮甲
cn_1372,水晶盔甲
cn_1373,兽人环甲
cn_1374,兽人链甲
cn_1375,精灵链甲
cn_1376,精灵金屬铠甲
cn_1377,精灵护胸金属板
cn_1378,硬皮背心
cn_1379,尖刺皮甲
cn_1380,尖刺皮背心
cn_1381,青铜铠甲
cn_1382,布伦丹护甲
cn_1383,薇薇安长袍
cn_1384,铠甲
cn_1385,皮手套
cn_1386,钢铁手套
cn_1387,死亡骑士手套
cn_1388,阿提拉手套
cn_1389,防护手套
cn_1390,水灵手套
cn_1391,新手皮手套
cn_1392,雪地手套
cn_1393,水晶手套
cn_1394,土灵手套
cn_1395,火灵手套
cn_1396,手套
cn_1397,布伦丹手套
cn_1398,薇薇安手套
cn_1399,力量手套
cn_1400,风灵手套
cn_1401,腕甲
cn_1402,皮靴
cn_1403,皮凉鞋
cn_1404,钢铁长靴
cn_1405,死亡骑士长靴
cn_1406,阿提拉战靴
cn_1407,贝雷特长靴
cn_1408,巨型长靴
cn_1409,新手皮凉鞋
cn_1410,深海长靴
cn_1411,短靴
cn_1412,布伦丹长靴
cn_1413,薇薇安长靴
cn_1414,黑长者凉鞋
cn_1415,皮盾
cn_1416,钢铁盾牌
cn_1417,骷髅盾牌
cn_1418,木盾
cn_1419,侏儒圆盾
cn_1420,玛娜水晶球
cn_1421,法力之书
cn_1422,反射之盾
cn_1423,红眼魔盾
cn_1424,塔盾
cn_1425,新手皮盾
cn_1426,精灵盾牌
cn_1427,兽人盾牌
cn_1428,银骑士之盾
cn_1429,小盾牌
cn_1430,尖刺皮盾
cn_1431,大盾牌
cn_1432,新卡美洛项链
cn_1433,破旧的毅力项链
cn_1434,破旧的敏捷项链
cn_1435,破旧的力量项链
cn_1436,破旧的智力项链
cn_1437,破旧的精神项链
cn_1438,破旧的体质项链
cn_1439,毅力项链
cn_1440,敏捷项链
cn_1441,应许之岛项链
cn_1442,兽人项链
cn_1443,力量项链
cn_1444,智力项链
cn_1445,精神项链
cn_1446,体质项链
cn_1447,骷髅项链
cn_1448,魔抗戒指
cn_1449,变形控制戒指
cn_1450,新手指环
cn_1451,召唤控制戒指
cn_1452,水抗戒指
cn_1453,传送控制戒指
cn_1454,土抗戒指
cn_1455,风抗戒指
cn_1456,魔抗指环
cn_1457,火抗戒指
cn_1458,小型血之腰带
cn_1459,小型灵魂腰带
cn_1460,小型精神腰带
cn_1461,闪亮的血之腰带
cn_1462,闪亮的灵魂腰带
cn_1463,闪亮的精神腰带
cn_1464,血之腰带
cn_1465,灵魂腰带
cn_1466,欧吉腰带
cn_1467,勇敢腰带
cn_1468,精神腰带
cn_1469,巨魔腰带
cn_1470,皮夹克
cn_1471,光之项链
cn_1472,魔抗耳环
cn_1473,木夹克
cn_1474,魔抗T恤
cn_1475,小型毅力项链
cn_1476,小型敏捷项链
cn_1477,小型力量项链
cn_1478,小型智力项链
cn_1479,小型精神项链
cn_1480,小型体质项链
cn_1481,专属的精灵敏捷头盔
cn_1482,专属的精灵体质头盔
cn_1483,专属的红骑士头巾
cn_1484,专属的体质皮盔
cn_1485,专属的敏捷皮盔
cn_1486,专属的腥红头巾
cn_1487,魅魔妖后头目
cn_1488,巨魔头目
cn_1489,双头巨人头目
cn_1490,血影头目
cn_1491,嗜血蜘蛛头目
cn_1492,恶魔弓箭手头目
cn_1493,月辉耳环
cn_1494,星辰耳环
cn_1495,日炎耳环
cn_1496,守护耳环
cn_1497,勇者耳环
cn_1498,智者耳环
cn_1499,亚龙之矛
cn_1500,亚龙之矛头目
cn_1501,亚龙之刃
cn_1502,亚龙之刃头目
cn_1503,泥龙
cn_1504,荒龙
cn_1505,"I"
cn_1506,"Ⅱ"
cn_1507,"Ⅲ"
cn_1508,"IV"
cn_1509,"Ⅴ"
cn_1510,"Ⅵ"
cn_1511,伊丁秘录
cn_1512,服务生[旅店]
cn_1513,礼物使者
cn_1514,蒂安神的嘉奖
cn_1515,幸运符石
cn_1516,邀请礼包
cn_1517,邀请会员礼包
cn_1518,亨特的战斗心得
cn_1519,强力解毒药水
cn_1520,卡珊特拉居所
cn_1521,应许之岛地监
cn_1522,马洛斯地监
cn_1523,精灵地监
cn_1524,瓦尔妲居所
cn_1525,通往德雷克山岳
cn_1526,通往精灵园林
cn_1527,德雷克山岳地监
cn_1528,格罗瑞娅[寄卖市场]
cn_1529,通往马洛斯地区
cn_1530,通往自然之地
cn_1531,蜥蜴人弓箭手
cn_1532,蝎子头目
cn_1533,巴西利斯克头目
cn_1534,哈尔皮埃头目
cn_1535,蜥蜴人头目
cn_1536,白蚁头目
cn_1537,刺蚁头目
cn_1538,蜥蜴人弓箭手头目
cn_1539,沙漠毒蝎
cn_1540,银纹斗篷
cn_1541,红纹斗篷
cn_1542,一级变形卷轴（魔化）
cn_1543,二级变形卷轴（魔化）
cn_1544,三级变形卷轴（魔化）
cn_1545,四级变形卷轴（魔化）
cn_1546,五级变形卷轴（魔化）
cn_1547,六级变形卷轴（魔化）
cn_1548,高级变形卷轴（魔化）
cn_1549,秘银剑
cn_1550,蝎子毒液
cn_1551,药物
cn_1552,蜥蜴人皮
cn_1553,通行证
cn_1554,毒箭
cn_1555,犬牙
cn_1556,哥尔
cn_1557,奥兰奶奶
cn_1558,乔治将军
cn_1559,奥睿
cn_1560,马林
cn_1561,哈伯特
cn_1562,神秘法师
cn_1563,吉娅[道具]
cn_1564,柯尔丝顿[药店]
cn_1565,阿普顿[防具]
cn_1566,纳尔逊[武器]
cn_1567,吉弗[仓库]
cn_1568,塞拉[道具]
cn_1569,卡米拉[药店]
cn_1570,雷蒙德[防具]
cn_1571,斯科特[武器]
cn_1572,乔斯林[仓库]
cn_1573,奥吉廉[竞拍商人]
cn_1574,明德[寄卖市场]
cn_1575,卡米丽娅[道具]
cn_1576,玛丽思[药店]
cn_1577,克雷格[防具]
cn_1578,加雷斯[武器]
cn_1579,提伯尔特[仓库]
cn_1580,威利梅[竞拍商人]
cn_1581,朱莉安娜[寄卖市场]
cn_1582,阿修[绿洲商人]
cn_1583,通往沙棘木地区
cn_1584,体力夺取
cn_1585,幸运商人
cn_1586,斧钳巨蚁
cn_1587,火蚁头目
cn_1588,兵蚁头目
cn_1589,巨蚂蚁头目
cn_1590,回忆泉水
cn_1591,饰品强化保护卷轴
cn_1592,宝石魔杖
cn_1593,赏金
cn_1594,追猎魔杖
cn_1595,如意丝绸
cn_1596,炫彩烟花
cn_1597,烟花（任务）
cn_1598,庆典烟花
cn_1599,美好的祝愿（任务）
cn_1600,1.2倍经验魔方
cn_1601,1.3倍经验魔方
cn_1602,1.4倍经验魔方
cn_1603,神圣魔方
cn_1604,传教士
cn_1605,庆典使者
cn_1606,邪恶地狱犬
cn_1607,迷你高级变形卷轴（绑定）
cn_1608,庆典糕点(任务专属)
cn_1609,弱化侏儒
cn_1610,弱化哥布林
cn_1611,弱化霍布哥布林
cn_1612,弱化豺狼人
cn_1613,库力特
cn_1614,生命圣泉
cn_1615,防具强化卷轴(任务专属)
cn_1616,新手斗篷
cn_1617,粮食（任务道具）
cn_1618,木材
cn_1619,木弓
cn_1620,侏儒战士的头盔
cn_1621,紫色的药水
cn_1622,兽人战士的毛发
cn_1623,药物
cn_1624,腐肉
cn_1625,魔眼的灵魂晶石
cn_1626,腐肉
cn_1627,永生之果
cn_1628,破皮革
cn_1629,狼人的爪
cn_1630,银戒指
cn_1631,骷髅盔甲
cn_1632,尸罗蜘蛛的牙
cn_1633,兽人战士的斧头
cn_1634,不死鸟之羽
cn_1635,法阵魔石
cn_1636,魔戒
cn_1637,卡夏
cn_1638,法拉
cn_1639,雷文
cn_1640,赫伯特
cn_1641,阿卡拉
cn_1642,凯恩
cn_1643,阿特玛
cn_1644,杰拉玛
cn_1645,爱西亚
cn_1646,霍顿
cn_1647,侏儒的信物（任务道具）
cn_1648,哥布林的匕首（任务道具）
cn_1649,仆从的灵魂（任务道具）
cn_1650,死亡之花的花瓣（任务道具）
cn_1651,死亡之花的花籽（任务道具）
cn_1652,被盗的金属块（任务道具）
cn_1653,被盗的物资（任务道具）
cn_1654,地精的棍棒
cn_1655,损坏的弓
cn_1656,骚扰农场的证据（任务道具）
cn_1657,火藤草（任务道具）
cn_1658,爱人的信物（任务道具）
cn_1659,士兵的铭牌（任务道具）
cn_1660,灵魂结晶（任务道具）
cn_1661,魔眼的肉（任务道具）
cn_1662,狼人的魂晶（任务道具）
cn_1663,金属块（任务道具）
cn_1664,蜘蛛的腿（任务道具）
cn_1665,狼人的獠牙（任务道具）
cn_1666,蜘蛛丝（任务道具）
cn_1667,蜘蛛的毒液（任务道具）
cn_1668,信函（任务道具）
cn_1669,人狼的皮毛（任务道具）
cn_1670,破旧的书本(需要销毁)
cn_1671,破旧的头盔(需要存放到角色仓库)
cn_1672,初心者匕首
cn_1673,初心者之弓
cn_1674,初心者之剑
cn_1675,初心者之杖
cn_1676,闪亮的初心者之弓
cn_1677,闪亮的初心者之剑
cn_1678,闪亮的初心者之杖
cn_1679,初心者T恤
cn_1680,初心者之甲
cn_1681,初心者披风
cn_1682,初心者头盔
cn_1683,初心者手套
cn_1684,初心者之靴
cn_1685,初心者之盾
cn_1686,初心者之戒
cn_1687,闪亮的初心者披风
cn_1688,闪亮的初心者头盔
cn_1689,纳尔德
cn_1690,阿尔诺
cn_1691,阿森林
cn_1692,巴瑞特
cn_1693,德鲁
cn_1694,德拉斯的药水
cn_1695,德拉斯的道具
cn_1696,德拉斯的武器
cn_1697,德拉斯的防具
cn_1698,雷文的戒指
cn_1699,勇士徽章
cn_1700,魔法斧头
cn_1701,引路鸟
cn_1702,爱西亚的地图
cn_1703,加百利[强者试炼]
cn_1704,泊尔[引导员]
cn_1705,试练者的证明
cn_1706,"等级40-49区域"
cn_1707,"等级50-56区域"
cn_1708,"等级57-63区域"
cn_1709,"等级64-69区域"
cn_1710,"试炼之石"
cn_1711,"巴蒂[盟战]"
cn_1712,"哈娜[领地]"
cn_1713,"血盟领地传送卷轴"
cn_1714,"盔甲碎片"
cn_1715,"沙漠猎犬"
cn_1716,"死亡之花"
cn_1717,"死刺蜘蛛"
cn_1718,"骷髅骨头"
cn_1719,"沙漠猎犬头目"
cn_1720,"死亡之花头目"
cn_1721,"死刺蜘蛛头目"
cn_1722,"屈原长靴·魔刹"
cn_1723,"屈原长靴·防护"
cn_1724,"屈原长靴·精准"
cn_1725,"屈原长靴·专注"
cn_1726,"八宝粽"
cn_1727,"咸蛋粽"
cn_1728,"水晶果肉粽"
cn_1729,"糯米"
cn_1730,"端午活动印花"
cn_1731,"屈原纪念礼盒"
cn_1732,"魔物巢穴传送师"
cn_1733,"巢穴通行证"
cn_1734,"被封印的远古之弩"
cn_1735,"被封印的远古巨剑"
cn_1736,"被封印的远古之剑"
cn_1737,"被封印的远古短匕"
cn_1738,"被封印的远古战矛"
cn_1739,"被封印的远古巨斧"
cn_1740,"远古之弩[已封存]"
cn_1741,"远古巨剑[已封存]"
cn_1742,"远古之剑[已封存]"
cn_1743,"远古短匕[已封存]"
cn_1744,"远古战矛[已封存]"
cn_1745,"远古巨斧[已封存]"
cn_1746,"神印卷轴"
cn_1747,"远古治愈药水"
cn_1748,"远古强力治愈药水"
cn_1749,"远古牛头人"
cn_1750,"远古牛头人战士"
cn_1751,"远古蛇女"
cn_1752,"远古刀锋怪"
cn_1753,"远古恐爪怪"
cn_1754,"远古恶魔长者"
cn_1755,"远古牛头人头目"
cn_1756,"远古牛头人战士头目"
cn_1757,"远古蛇女头目"
cn_1758,"远古刀锋怪头目"
cn_1759,"远古恐爪怪头目"
cn_1760,"远古恶魔长者头目"
cn_1761,"远古德雷克头目"
cn_1762,"远古小恶魔头目"
cn_1763,"屈原长靴·破绽"
cn_1764,"屈原长靴·琥珀"
cn_1765,"屈原长靴·甲胄"
cn_1766,"神弃之岛船夫"
cn_1767,"神弃之岛船票"
cn_1768,"琼"
cn_1769,"弗里"
cn_1770,"弱化兽人弓箭手"
cn_1771,"弱化死亡之花"
cn_1772,"爱丽丝[售票员]"
cn_1773,"船票"
cn_1774,"爱琳[武器制作/传送]"
cn_1775,"远古血晶"
cn_1776,"远古终极治愈药水"
cn_1777,"远古放逐者之泪"
cn_1778,"远古蛇鸡兽"
cn_1779,"远古熊地精"
cn_1780,"远古双头巨人"
cn_1781,"远古小恶魔"
cn_1782,"远古蛇鸡兽头目"
cn_1783,"远古熊地精头目"
cn_1784,"远古双头巨人头目"
cn_1785,"远古德雷克"
cn_1786,"约书亚[商人]"
cn_1787,"欧朗"
cn_1788,"米隆"
cn_1789,"阿图尔"
cn_1790,"阿尔科克"
cn_1791,"塞莱"
cn_1792,"强者试炼书"
cn_1793,"试炼票盒"
cn_1794,"试炼门票"
cn_1795,"放逐者之力·石化"
cn_1796,"放逐者之魇·石化"
cn_1797,"放逐者之泪·石化"
cn_1798,"放逐者之力·毒"
cn_1799,"放逐者之魇·毒"
cn_1800,"放逐者之泪·毒"
cn_1801,"被盗的物资"
cn_1802,"哥布林的棍棒"
cn_1803,"死亡之花的枝叶"
cn_1804,"骚扰农场的证据"
cn_1805,"贝亚德[试炼之地传送师]"
cn_1806,"兽人法师的法袍"
cn_1807,"昂哥蜘蛛的丝"
cn_1808,"灭魔头盔"
cn_1809,"灭魔斗篷"
cn_1810,"灭魔链甲"
cn_1811,"灭魔T恤"
cn_1812,"灭魔长靴"
cn_1813,"枭熊头目"
cn_1814,"狼人的皮"
cn_1815,"骷髅圆盾"
cn_1816,"骷髅法杖"
cn_1817,"骷髅巨斧"
cn_1818,"人狼的骨头"
cn_1819,"蓝色结晶"
cn_1820,"红色结晶"
cn_1821,"白色结晶"
cn_1822,"褐色结晶"
cn_1823,"食腐魔的胃液"
cn_1824,"地狱犬的獠牙"
cn_1825,"僵尸的玉"
cn_1826,"枭熊的肉"
cn_1827,"暗黑精灵的箭"
cn_1828,"黑暗蜘蛛的网"
cn_1829,"兽人卫兵的徽章"
cn_1830,"兽人萨满的血"
cn_1831,"兽人重弩手的箭"
cn_1832,"英雄戒指Lv.1"
cn_1833,"英雄戒指Lv.2"
cn_1834,"英雄戒指Lv.3"
cn_1835,"英雄戒指Lv.4"
cn_1836,"英雄纹章"
cn_1837,"卡司特之剑"
cn_1838,"瑟鲁基之剑"
cn_1839,"巨龙双手剑"
cn_1840,"沙鲁战矛"
cn_1841,"精钢巨斧"
cn_1842,"巨龙战斧"
cn_1843,"黑暗法杖"
cn_1844,"光明法杖"
cn_1845,"巴德匕首"
cn_1846,"奥鲁短匕"
cn_1847,"尤伢之弓"
cn_1848,"巴拉尔头盔"
cn_1849,"精灵头盔"
cn_1850,"克魔头盔"
cn_1851,"克魔斗篷"
cn_1852,"银骑士斗篷"
cn_1853,"先知斗篷"
cn_1854,"灵敏斗篷"
cn_1855,"克魔T恤"
cn_1856,"软皮甲"
cn_1857,"精锻皮甲"
cn_1858,"银丝皮甲"
cn_1859,"金丝皮甲"
cn_1860,"卡司特链甲"
cn_1861,"克魔链甲"
cn_1862,"体力手套"
cn_1863,"魔力手套"
cn_1864,"敏捷手套"
cn_1865,"魔攻手套"
cn_1866,"克魔手套"
cn_1867,"德雷克"
cn_1868,"德雷克的仆从"
cn_1869,"灭魔手套"
cn_1870,"软皮靴"
cn_1871,"长靴"
cn_1872,"克魔长靴"
cn_1873,"修炼者长靴"
cn_1874,"守护者长靴"
cn_1875,"掠夺者长靴"
cn_1876,"监察者长靴"
cn_1877,"听风者长靴"
cn_1878,"克魔之盾"
cn_1879,"英雄项链Lv.1"
cn_1880,"莉雅项链"
cn_1881,"英雄项链Lv.2"
cn_1882,"卑弥儿项链"
cn_1883,"英雄项链Lv.3"
cn_1884,"守护项链"
cn_1885,"力·英雄项链Lv.4"
cn_1886,"魔·英雄项链Lv.4"
cn_1887,"敏·英雄项链Lv.4"
cn_1888,"比诺耳环"
cn_1889,"亚安耳环"
cn_1890,"索里耳环"
cn_1891,"欧吉耳环"
cn_1892,"卡莎耳环"
cn_1893,"凯鸣耳环"
cn_1894,"繁星耳环"
cn_1895,"月华耳环"
cn_1896,"日冕耳环"
cn_1897,"卡萨战矛"
cn_1898,"友善指环"
cn_1899,"和平指环"
cn_1900,"能量戒指"
cn_1901,"克魔戒指"
cn_1902,"灼之戒"
cn_1903,"寒之戒"
cn_1904,"荒之戒"
cn_1905,"翼之戒"
cn_1906,"破旧的体力腰带"
cn_1907,"破旧的能量腰带"
cn_1908,"破旧的魔力腰带"
cn_1909,"体力腰带"
cn_1910,"能量腰带"
cn_1911,"魔力腰带"
cn_1912,"白银长剑"
cn_1913,"黄金长剑"
cn_1914,"疯魔细剑"
cn_1915,"预言家之剑"
cn_1916,"月弩"
cn_1917,"猎人之弓"
cn_1918,"一阶武器净化药水"
cn_1919,"二阶武器净化药水"
cn_1920,"三阶武器净化药水"
cn_1921,"四阶武器净化药水"
cn_1922,"五阶武器净化药水"
cn_1923,"六阶武器净化药水"
cn_1924,"七阶武器净化药水"
cn_1925,"八阶武器净化药水"
cn_1926,"九阶武器净化药水"
cn_1927,"一阶防具净化药水"
cn_1928,"二阶防具净化药水"
cn_1929,"三阶防具净化药水"
cn_1930,"四阶防具净化药水"
cn_1931,"五阶防具净化药水"
cn_1932,"六阶防具净化药水"
cn_1933,"七阶防具净化药水"
cn_1934,"八阶防具净化药水"
cn_1935,"九阶防具净化药水"
cn_1936,"一阶饰品净化药水"
cn_1937,"二阶饰品净化药水"
cn_1938,"三阶饰品净化药水"
cn_1939,"四阶饰品净化药水"
cn_1940,"五阶饰品净化药水"
cn_1941,"六阶饰品净化药水"
cn_1942,"七阶饰品净化药水"
cn_1943,"八阶饰品净化药水"
cn_1944,"九阶饰品净化药水"
cn_1945,"瑕疵的卡司特之剑"
cn_1946,"瑕疵的暗魂骑士之剑"
cn_1947,"瑕疵的银骑士之剑"
cn_1948,"瑕疵的白银长剑"
cn_1949,"瑕疵的黄金长剑"
cn_1950,"瑕疵的疯魔长剑"
cn_1951,"瑕疵的预言家之剑"
cn_1952,"瑕疵的双手剑"
cn_1953,"瑕疵的沙鲁战矛"
cn_1954,"瑕疵的精钢巨斧"
cn_1955,"瑕疵的巨龙战斧"
cn_1956,"瑕疵的玛娜之杖"
cn_1957,"瑕疵的黑暗法杖"
cn_1958,"瑕疵的光明法杖"
cn_1959,"瑕疵的巴德匕首"
cn_1960,"瑕疵的奥鲁短匕"
cn_1961,"瑕疵的十字短弓"
cn_1962,"尤与伢的契约"
cn_1963,"瑕疵的月弩"
cn_1964,"瑕疵的猎人之弓"
cn_1965,"瑕疵的尖刺皮帽"
cn_1966,"瑕疵的骑士头盔"
cn_1967,"瑕疵的巴拉尔头盔"
cn_1968,"治疗水晶"
cn_1969,"力量水晶"
cn_1970,"瑕疵的克魔头盔"
cn_1971,"瑕疵的灭魔头盔"
cn_1972,"钢铁意志"
cn_1973,"瑕疵的红骑士头巾"
cn_1974,"瑕疵的精灵头盔"
cn_1975,"瑕疵的油布斗篷"
cn_1976,"瑕疵的银纹斗篷"
cn_1977,"瑕疵的红纹斗篷"
cn_1978,"瑕疵的防护斗篷"
cn_1979,"瑕疵的克魔斗篷"
cn_1980,"瑕疵的灭魔斗篷"
cn_1981,"瑕疵的银骑士斗篷"
cn_1982,"瑕疵的先知斗篷"
cn_1983,"瑕疵的灵敏斗篷"
cn_1984,"瑕疵的T恤"
cn_1985,"瑕疵的克魔T恤"
cn_1986,"瑕疵的灭魔T恤"
cn_1987,"瑕疵的软皮甲"
cn_1988,"瑕疵的精锻皮甲"
cn_1989,"瑕疵的银丝皮甲"
cn_1990,"瑕疵的金丝皮甲"
cn_1991,"瑕疵的卡司特链甲"
cn_1992,"瑕疵的克魔链甲"
cn_1993,"瑕疵的精灵护胸金属板"
cn_1994,"瑕疵的灭魔链甲"
cn_1995,"钢铁意志"
cn_1996,"瑕疵的精灵链甲"
cn_1997,"瑕疵的体力手套"
cn_1998,"瑕疵的魔力手套"
cn_1999,"瑕疵的防护手套"
cn_2000,"钢铁意志"
cn_2001,"恶魔射手的血"
cn_2002,"魅魔妖后的血"
cn_2003,"食人魔的血"
cn_2004,"瑕疵的克魔手套"
cn_2005,"瑕疵的灭魔手套"
cn_2006,"瑕疵的软皮靴"
cn_2007,"瑕疵的短靴"
cn_2008,"瑕疵的长靴"
cn_2009,"瑕疵的克魔长靴"
cn_2010,"修炼者的奥秘"
cn_2011,"守护者的坚决"
cn_2012,"掠夺者的贪婪"
cn_2013,"监察者的洞悉"
cn_2014,"听风者的谎言"
cn_2015,"瑕疵的灭魔长靴"
cn_2016,"钢铁意志"
cn_2017,"瑕疵的小盾牌"
cn_2018,"瑕疵的大盾牌"
cn_2019,"钢铁意志"
cn_2020,"瑕疵的银骑士之盾"
cn_2021,"瑕疵的红骑士之盾"
cn_2022,"瑕疵的克魔之盾"
cn_2023,"瑕疵的精灵盾牌"
cn_2024,"瑕疵的莉雅项链"
cn_2025,"瑕疵的卑弥儿项链"
cn_2026,"瑕疵的守护项链"
cn_2027,"瑕疵的比诺耳环"
cn_2028,"瑕疵的亚安耳环"
cn_2029,"瑕疵的索里耳环"
cn_2030,"瑕疵的欧吉耳环"
cn_2031,"瑕疵的卡莎耳环"
cn_2032,"瑕疵的凯鸣耳环"
cn_2033,"瑕疵的繁星耳环"
cn_2034,"瑕疵的月华耳环"
cn_2035,"瑕疵的日冕耳环"
cn_2036,"瑕疵的能量戒指"
cn_2037,"瑕疵的克魔戒指"
cn_2038,"瑕疵的小体力腰带"
cn_2039,"瑕疵的小能量腰带"
cn_2040,"瑕疵的小魔力腰带"
cn_2041,"瑕疵的体力腰带"
cn_2042,"瑕疵的能量腰带"
cn_2043,"瑕疵的魔力腰带"
cn_2044,"瑕疵的巨魔腰带"
cn_2045,"瑕疵的食人魔腰带"
cn_2046,"疯魔长剑"
cn_2047,"银骑士之剑"
cn_2048,"蓝魔石"
cn_2049,"黑魔石"
cn_2050,"绿魔石"
cn_2051,"黄金沙"
cn_2052,"毒液"
cn_2053,"哈尔皮埃之翎"
cn_2054,"死亡之花的花苞"
cn_2055,"小型毒液"
cn_2056,"世界树的树枝"
cn_2057,"瑕疵的细剑"
cn_2058,"瑕疵的瑟鲁基之剑"
cn_2059,"碎甲之刃"
cn_2060,"红眼魔盾"
cn_2061,"瑕疵的碎甲之刃"
cn_2062,"瑕疵的玛娜水晶球"
cn_2063,"瑕疵的红眼魔盾"
cn_2064,"受祝福的随机传送卷轴"
cn_2065,"熊皮"
cn_2066,"英雄凭证"
cn_2067,"瑕疵的卡萨战矛"
cn_2068,"埃尔默[魔法书]"
cn_2069,"蒂安神的资助"
cn_2070,"微醺甜酒"
cn_2071,"瑕疵的武士刀"
cn_2072,"瑕疵的大马士革刀"
cn_2073,"瑕疵的银长剑"
cn_2074,"三阶净化药水礼包"
cn_2075,"四阶净化药水礼包"
cn_2076,"高级变形卷轴（体验）"
cn_2077,"暗魂骑士之剑"
cn_2078,"暗魂骑士"
cn_2079,"暗魂骑士弓箭手"
cn_2080,"暗魂骑士斧头兵"
cn_2081,"暗魂骑士队长"
cn_2082,"暗魂药师"
cn_2083,"一阶净化药水礼包"
cn_2084,"暗魂骑士头目"
cn_2085,"暗魂骑士弓箭手头目"
cn_2086,"暗魂骑士斧头兵头目"
cn_2087,"暗魂药师头目"
cn_2088,"刀锋怪"
cn_2089,"刀锋怪头目"
cn_2090,"恐爪怪"
cn_2091,"恐爪怪头目"
cn_2092,"锋利的弯刀"
cn_2093,"硬爪"
cn_2094,"开山斧"
cn_2095,"重藤弓"
cn_2096,"骑士的佩剑"
cn_2097,"蛇头杖"
cn_2098,"体之魂戒"
cn_2099,"魔之魂戒"
cn_2100,"暗魂气息"
cn_2101,"骑特拉地监"
cn_2102,"月光石"
cn_2103,"高级月光石"
cn_2104,"新鲜的肉排"
cn_2105,"美味的肉排"
cn_2106,"半熟的肉排"
cn_2107,"烤焦的肉排"
cn_2108,"黑暗骷髅"
cn_2109,"黑暗骷髅头目"
cn_2110,"毁灭巨龙"
cn_2111,"亚莉莎[巨龙巢穴传送师]"
cn_2112,"月辉之泪"
cn_2113,"高级月光石(绑定)"
cn_2114,"暗魂魔晶"
cn_2115,"角色改名卷轴"
cn_2116,"血盟改名卷轴"
cn_2117,"盟徽改名卷轴"
cn_2118,"梦魇骑士"
cn_2119,"骷髅印花"
cn_2120,"万圣节礼盒"
cn_2121,"+9武器兑换券"
cn_2122,"+8武器兑换券"
cn_2123,"高级变形卷轴碎片"
cn_2124,"对武器强化的卷轴礼包"
cn_2125,"对防具强化的卷轴礼包"
cn_2126,"力·英雄项链Lv.5"
cn_2127,"魔·英雄项链Lv.5"
cn_2128,"敏·英雄项链Lv.5"
cn_2129,"力·英雄项链Lv.6"
cn_2130,"魔·英雄项链Lv.6"
cn_2131,"敏·英雄项链Lv.6"
cn_2132,"时光神石"
cn_2133,"镇魂勾玉"
cn_2134,"元素礼包"
cn_2135,"傲骨·高级变形卷轴"
cn_2136,"谢谢参与"
cn_2137,"土之荆棘"
cn_2138,"风之光影"
cn_2139,"加速礼盒"
cn_2140,"惊奇礼盒"
cn_2141,"朗博[符文系统]"
cn_2142,"强化卷轴礼盒"
cn_2143,"丰收之愿"
cn_2144,"黄金麦穗"
cn_2145,"淬体药水"
cn_2146,"炼魔药水"
cn_2147,"神恩麦酒"
cn_2148,"鲜酿麦酒"
cn_2149,"冰雪节铃铛"
cn_2150,"冰雪之星"
cn_2151,"沈睡冰魄"
cn_2152,"未成形的跨年烟花"
cn_2153,"冰龙礼盒"
cn_2154,"冰雪·变形卷轴"
cn_2155,"亚莉莎[冰雪之地]"
cn_2156,"波特[冰雪之地守护者]"
cn_2157,"冰龙"
cn_2158,"冰凤"
cn_2159,"冰雪霍布哥布林"
cn_2160,"已购凭证"
cn_2161,"冰雪之地离开卷轴"
cn_2162,"雪人"
cn_2163,"冰雪巨魔"
cn_2164,"冰雪暗黑精灵"
cn_2165,"冰雪骷髅法师"
cn_2166,"冰霜猎手"
cn_2167,"闪耀的冰雪之星"
cn_2168,"冰熊"
cn_2169,"冰墙"
cn_2170,"魔蛛"
cn_2171,"魔蛛头目"
cn_2172,"火灵"
cn_2173,"水灵"
cn_2174,"土灵"
cn_2175,"风灵"
cn_2176,"迟钝丧尸"
cn_2177,"低等丧尸"
cn_2178,"中等丧尸"
cn_2179,"高等丧尸"
cn_2180,"丧尸王"
cn_2181,"冰雪节棒棒糖"
cn_2182,"雪骨·变形卷轴"
cn_2183,"跨年烟花(小)"
cn_2184,"跨年烟花(大)"
cn_2185,"波特[冰龙守护者]"
cn_2186,"坎特[冰凤守护者]"
cn_2187,"冰凤礼盒"
cn_2188,"破损的兽人之弓"
cn_2189,"灭魔套装"
cn_2190,"塔斯瑞[迷幻山岳]"
cn_2191,"驱幻之眼"
cn_2192,"新春使者"
cn_2193,"新春福袋"
cn_2194,"福袋凭证"
cn_2195,"武器强化卷轴礼包"
cn_2196,"防具强化卷轴礼包"
cn_2197,"春丽[强卷礼包]"
cn_2198,"1.5倍经验魔方"
cn_2199,"2倍经验魔方"
cn_2200,"1.5倍经验魔方[绑定]"
cn_2201,"2倍经验魔方[绑定]"
cn_2202,"幸运金币"
cn_2203,"普索长剑"
cn_2204,"瑕疵的力量法杖"
cn_2205,"瑕疵的普索长剑"
cn_2206,"噬能水晶"
cn_2207,"噬心石"
cn_2208,"魔能药剂"
cn_2209,"速能药水"
cn_2210,"破影果实"
cn_2211,"武卷礼包凭证"
cn_2212,"防卷礼包凭证"
cn_2213,"洞察之眼"
cn_2214,"塔斯瑞之衣"
cn_2215,"狂热·塔斯瑞之衣"
cn_2216,"风兰·塔斯瑞之衣"
cn_2217,"巨石·塔斯瑞之衣"
cn_2218,"魔图·塔斯瑞之衣"
cn_2219,"塔斯瑞之擎"
cn_2220,"塔斯瑞之擎强化卷轴"
cn_2221,"塔斯瑞之衣强化卷轴"
cn_2222,"驱幻之眼兑换券"
cn_2223,"塔斯瑞的学徒[迷幻山岳]"
cn_2224,"塔斯瑞之擎强化卷轴（祝福）"
cn_2225,"塔斯瑞之衣强化卷轴（祝福）"
cn_2226,"米娅[重置属性点]"
cn_2227,"新春福源"
cn_2228,"元宵藏宝图"
cn_2229,"元宵凭证"
cn_2230,"元宵使者"
cn_2231,"神秘谷卷轴盒"
cn_2232,"神秘谷传送卷轴"
cn_2233,"橙羹小元宵"
cn_2234,"核桃酪元宵"
cn_2235,"酒酿大元宵"
cn_2236,"祈愿峡谷传送卷轴"
cn_2237,"魔精肉"
cn_2238,"魔灵蛋"
cn_2239,"鲜苹果"
cn_2240,"鲜玉米"
cn_2241,"鲜南瓜"
cn_2242,"和平奖券"
cn_2243,"佩丝[和平祈愿]"
cn_2244,"魔血影"
cn_2245,"魔弓手"
cn_2246,"魅妖"
cn_2247,"祈愿盒子"
cn_2248,"四阶净化药水礼盒"
cn_2249,"高级材料礼盒"
cn_2250,"塔斯瑞之擎礼盒"
cn_2251,"巨眼怪"
cn_2252,"变形怪"
cn_2253,"甲伏怪"
cn_2254,"蛇女"
cn_2255,"剑鱼"
cn_2256,"琵琶鱼"
cn_2257,"寇涛鱼人"
cn_2258,"攻城蟹"
cn_2259,"伊娃水母"
cn_2260,"魔鬼鱼"
cn_2261,"沙华鱼人"
cn_2262,"鲨鱼"
cn_2263,"突蟹龟"
cn_2264,"梭螺鱼人"
cn_2265,"海蛞蝓"
cn_2266,"莫客鱼怪"
cn_2267,"底栖魔鱼"
cn_2268,"库普鲁水怪"
cn_2269,"龙龟"
cn_2270,"伊西鳐鱼"
cn_2271,"美人鱼"
cn_2272,"海王"
cn_2273,"威利斯[仓库]"
cn_2274,"阿尔杰[武器店]"
cn_2275,"塞琪[道具店]"
cn_2276,"载尔达[防具店]"
cn_2277,"拉娜伊[药店]"
cn_2278,"费思"
cn_2279,"加尔文"
cn_2280,"艾达"
cn_2281,"波丝"
cn_2282,"利昂[仓库]"
cn_2283,"奥古斯特[武器店]"
cn_2284,"杰玛[道具店]"
cn_2285,"海斯特[防具店]"
cn_2286,"卡蕾[药店]"
cn_2287,"瓦莱丽"
cn_2288,"耶鲁"
cn_2289,"尤玛"
cn_2290,"格伦达"
cn_2291,"珍妮特"
cn_2292,"凯里"
cn_2293,"盖娅"
cn_2294,"菲尔"
cn_2295,"菲德里"
cn_2296,"多威尔"
cn_2297,"英蒂安"
cn_2298,"利瓦伊"
cn_2299,"巨眼怪头目"
cn_2300,"回归福利"
cn_2301,"变形怪头目"
cn_2302,"甲伏怪头目"
cn_2303,"蛇女头目"
cn_2304,"剑鱼头目"
cn_2305,"琵琶鱼头目"
cn_2306,"寇涛鱼人头目"
cn_2307,"攻城蟹头目"
cn_2308,"伊娃水母头目"
cn_2309,"魔鬼鱼头目"
cn_2310,"沙华鱼人头目"
cn_2311,"鲨鱼头目"
cn_2312,"突蟹龟头目"
cn_2313,"梭螺鱼人头目"
cn_2314,"海蛞蝓头目"
cn_2315,"莫客鱼怪头目"
cn_2316,"底栖魔鱼头目"
cn_2317,"库普鲁水怪头目"
cn_2318,"龙龟头目"
cn_2319,"伊西鳐鱼头目"
cn_2320,"美人鱼头目"
cn_2321,"火·"
cn_2322,"焰·"
cn_2323,"烈焰·"
cn_2324,"爆炎·"
cn_2325,"火灵·"
cn_2326,"水·"
cn_2327,"冰·"
cn_2328,"冰凝·"
cn_2329,"怒涛·"
cn_2330,"水灵·"
cn_2331,"土·"
cn_2332,"岩·"
cn_2333,"顽石·"
cn_2334,"山崩·"
cn_2335,"土灵·"
cn_2336,"风·"
cn_2337,"煞·"
cn_2338,"暴风·"
cn_2339,"龙卷·"
cn_2340,"风灵·"
cn_2341,"天启源晶"
cn_2342,"纯净的天启源晶"
cn_2343,"土之武器源晶"
cn_2344,"远古之弩"
cn_2345,"远古巨剑"
cn_2346,"远古之剑"
cn_2347,"远古短匕"
cn_2348,"水之武器源晶"
cn_2349,"远古战矛"
cn_2350,"远古巨斧"
cn_2351,"(祝福)"
cn_2352,"歌尔[英雄项链]"
cn_2353,"火之武器源晶"
cn_2354,"闪亮套装"
cn_2355,"骰子"
cn_2356,"骰子优惠券"
cn_2357,"艾琳"
cn_2358,"风之武器源晶"
cn_2359,"入岛通行证"
cn_2360,"饰品强化卷轴碎片"
cn_2361,"强力武器强化卷轴"
cn_2362,"强力防具强化卷轴"
cn_2363,"土属性矿石"
cn_2364,"风属性矿石"
cn_2365,"火属性矿石"
cn_2366,"水属性矿石"
cn_2367,"闪亮的初心者武器强化卷轴"
cn_2368,"闪亮的初心者防具强化卷轴"
cn_2369,"初心者[新手装备]"
cn_2370,"天启者[元素强化]"
cn_2371,"沙华鱼人的魔晶"
cn_2372,"魔鬼鱼的魔晶"
cn_2373,"镜子结晶"
cn_2374,"显影地图"
cn_2375,"打不开的盒子"
cn_2376,"材料包裹"
cn_2377,"刺红的昂哥蜘蛛肉"
cn_2378,"蛇肉"
cn_2379,"刺红的昂哥蜘蛛丝"
cn_2380,"巨眼怪的泪腺"
cn_2381,"蜘蛛丝浆"
cn_2382,"记忆晶体"
cn_2383,"寇涛鱼人的鱼鳍"
cn_2384,"梭骨"
cn_2385,"海蛞蝓肉"
cn_2386,"蛇皮"
cn_2387,"拟态晶"
cn_2388,"蛇胆"
cn_2389,"蛇胆汁"
cn_2390,"试炼石"
cn_2391,"忠诚印章"
cn_2392,"尤玛的药"
cn_2393,"试炼函"
cn_2394,"聚魔石"
cn_2395,"费思的盒子"
cn_2396,"奇怪的石头"
cn_2397,"巨眼怪的眼泪"
cn_2398,"龙龟壳"
cn_2399,"海底深渊试炼推荐信"
cn_2400,"深渊水源石"
cn_2401,"深渊风源石"
cn_2402,"美人鱼之泪"
cn_2403,"深渊鱼胆"
cn_2404,"海王石"
cn_2405,"水淩林守护骑士勋章"
cn_2406,"蛇尾"
cn_2407,"塑形石"
cn_2408,"祛毒清洗剂"
cn_2409,"水母衣"
cn_2410,"伊娃的祝福"
cn_2411,"刺红的昂哥蜘蛛"
cn_2412,"刺红的昂哥蜘蛛头目"
cn_2413,"单挑利维亚坦的男人"
cn_2414,"费思的信"
cn_2415,"武器包裹"
cn_2416,"守护者之塔"
cn_2417,"埃耶卡特尔的怒火"
cn_2418,"活动使者"
cn_2419,"复明果实"
cn_2420,"特制葡萄酒"
cn_2421,"伊娃的追随者"
cn_2422,"被封印的誓约书[7天]"
cn_2423,"记忆晶体·凝"
cn_2424,"镜子结晶·魔"
cn_2425,"隐藏之谷通行证·Ⅰ"
cn_2426,"隐藏之谷通行证·Ⅱ"
cn_2427,"隐藏之谷通行证·誓"
cn_2428,"隐藏之谷的古老石盒·Ⅰ"
cn_2429,"隐藏之谷的古老石盒·Ⅱ"
cn_2430,"隐藏之谷的古老石盒·誓"
cn_2431,"隐谷印记·勇气"
cn_2432,"隐谷印记·无畏"
cn_2433,"米尔斯的魔法蘑菇"
cn_2434,"米尔斯[隐藏之谷]"
cn_2435,"阿里罗[隐藏之谷嘉奖]"
cn_2436,"「永恒」"
cn_2437,"高级淬体药水"
cn_2438,"高级炼魔药水"
cn_2439,"达福[内政]"
cn_2440,"隐藏之谷通行证·Ⅲ"
cn_2441,"积木匣"
cn_2442,"隐藏之谷的古老石盒·Ⅲ"
cn_2443,"维果[药店]"
cn_2444,"斯佩尔[道具店]"
cn_2445,"马赫沙拉[仓库]"
cn_2446,"武官之刃"
cn_2447,"武官巨剑"
cn_2448,"神官法杖"
cn_2449,"神官力剑"
cn_2450,"青翼之弓"
cn_2451,"赤焰龙牙"
cn_2452,"蓝焰龙牙"
cn_2453,"魔法书页"
cn_2454,"晶石碎片"
cn_2455,"普通魔法笔记Ⅳ"
cn_2456,"普通魔法笔记Ⅴ"
cn_2457,"普通魔法笔记Ⅵ"
cn_2458,"精灵魔法笔记Ⅰ"
cn_2459,"精灵魔法笔记Ⅱ"
cn_2460,"精灵魔法笔记Ⅲ"
cn_2461,"精灵魔法笔记Ⅳ"
cn_2462,"精灵魔法笔记Ⅴ"
cn_2463,"精灵魔法笔记Ⅵ"
cn_2464,"武器店"
cn_2465,"防具店"
cn_2466,"道具店"
cn_2467,"药店"
cn_2468,"魔法书"
cn_2469,"强化卷轴"
cn_2470,"交易行"
cn_2471,"旅店"
cn_2472,"武器制作"
cn_2473,"防具制作"
cn_2474,"仓库"
cn_2475,"活动"
cn_2476,"礼物"
cn_2477,"传送"
cn_2478,"法师魔法笔记Ⅰ"
cn_2479,"法师魔法笔记Ⅱ"
cn_2480,"法师魔法笔记Ⅲ"
cn_2481,"骑士魔法笔记Ⅰ"
cn_2482,"骑士魔法笔记Ⅱ"
cn_2483,"王族魔法笔记Ⅰ"
cn_2484,"装备制作"
cn_2485,"纪念指环"
cn_2486,"王族魔法笔记Ⅱ"
cn_2487,"圣洁之果"
cn_2488,"世界树的果实"
cn_2489,"强力魔能药剂"
cn_2490,"高级英雄纹章"
cn_2491,"终极治愈药水(绑定)"
cn_2492,"强化 自我加速药水(绑定)"
cn_2493,"瑕疵的攻城战斧"
cn_2494,"终极魔能药剂"
cn_2495,"熔魔之杖"
cn_2496,"瑕疵的熔魔之杖"
cn_2497,"国士无双"
cn_2498,"极冻之矛"
cn_2499,"君王怒威"
cn_2500,"酒心月饼"
cn_2501,"至臻月饼"
cn_2502,"传送赋能符文"
cn_2503,"四色传送符石"
cn_2504,"德雷克传送符石"
cn_2505,"死亡骑士传送符石"
cn_2506,"沙漠毒蝎传送符石"
cn_2507,"蚁洞3层传送符石"
cn_2508,"德雷克地监6层传送符石"
cn_2509,"海底深渊传送符石"
cn_2510,"远古的炎之戒"
cn_2511,"远古的风之戒"
cn_2512,"远古的水之戒"
cn_2513,"远古的砂之戒"
cn_2514,"远古的源之戒"
cn_2515,"远古的战王耳环"
cn_2516,"远古的战鹰耳环"
cn_2517,"远古的战灵耳环"
cn_2518,"远古的磐石腰带"
cn_2519,"远古的闪灵腰带"
cn_2520,"伊娃之岛饰品专属强化卷轴"
cn_2521,"伊娃之岛随机传送师"
cn_2522,"瑕疵的炎之戒"
cn_2523,"瑕疵的风之戒"
cn_2524,"瑕疵的水之戒"
cn_2525,"瑕疵的砂之戒"
cn_2526,"瑕疵的源之戒"
cn_2527,"瑕疵的战王耳环"
cn_2528,"瑕疵的战鹰耳环"
cn_2529,"瑕疵的战灵耳环"
cn_2530,"瑕疵的磐石腰带"
cn_2531,"瑕疵的闪灵腰带"
cn_2532,"伊娃的手札"
cn_2533,"元素化石"
cn_2534,"伊娃的锆石"
cn_2535,"伊娃的珍珠"
cn_2536,"伊娃的锦缎"
cn_2537,"婕西[饰品制作]"
cn_2538,"忠诚的"
cn_2539,"蜂女"
cn_2540,"负甲怪"
cn_2541,"伊娃女神的蝎王"
cn_2542,"伊娃女神的飞龙"
cn_2543,"初心者[传送符石]"
cn_2544,"伊娃之岛传送师"
cn_2545,"恶魔之吻"
cn_2546,"神女果"
cn_2547,"通往伊娃之岛"
cn_2548,"极·死亡骑士"
cn_2549,"极·暗魂骑士弓箭手"
cn_2550,"极·蜂女"
cn_2551,"极·暗魂骑士长枪手"
cn_2552,"死亡骑士 (新手)"
cn_2553,"死亡骑士 （体验）"
cn_2554,"邪恶狩猎者 （体验）"
cn_2555,"黑长者 （体验）"
cn_2556,"邪恶屠戮者 （体验）"
cn_2557,"巴风特 （体验）"
cn_2558,"（绑定）"
cn_2559,"暗魂骑士长枪手"
cn_2560,"野蛮疾走"
cn_2561,"血祭"
cn_2562,"\fW装备制作"
cn_2563,"\fW饰品制作"
cn_2564,"弦石"
cn_2565,"红岩树枝"
cn_2566,"红岩石晶"
cn_2567,"红岩魔鳞"
cn_2568,"红岩炼狱"
cn_2569,"炼狱的馈赠"
cn_2570,"塔卡[仓库]"
cn_2571,"拓拉[药店]"
cn_2572,"巴塔[道具店]"
cn_2573,"迦塔[寄卖市场]"
cn_2574,"赛伊[竞拍商人]"
cn_2575,"格里拉[装备制作]"
cn_2576,"库迦克[血盟管理员]"
cn_2577,"孔多尔[血盟仓库管理员]"
cn_2578,"沙慈[仓库]"
cn_2579,"塔可[药店]"
cn_2580,"乌拿[道具店]"
cn_2581,"朱卢[符文系统]"
cn_2582,"提拉诺"
cn_2583,"罗迪莎夫人"
cn_2584,"蒂罗尔将军"
cn_2585,"寇布拉"
cn_2586,"瓦尼"
cn_2587,"朱尔"
cn_2588,"科沁副官"
cn_2589,"米乐尔将军"
cn_2590,"1级"
cn_2591,"2级"
cn_2592,"3级"
cn_2593,"4级"
cn_2594,"5级"
cn_2595,"符石[武器]"
cn_2596,"符石[头盔]"
cn_2597,"符石[斗篷]"
cn_2598,"符石[盔甲]"
cn_2599,"符石[T恤]"
cn_2600,"符石[手套]"
cn_2601,"符石[鞋]"
cn_2602,"符石[防具]"
cn_2603,"格斗"
cn_2604,"专注"
cn_2605,"射击"
cn_2606,"精准"
cn_2607,"魔伤"
cn_2608,"聚神"
cn_2609,"毅力"
cn_2610,"力量"
cn_2611,"敏捷"
cn_2612,"灵境"
cn_2613,"水魔法"
cn_2614,"土魔法"
cn_2615,"火魔法"
cn_2616,"风魔法"
cn_2617,"坚固"
cn_2618,"役魔"
cn_2619,"防护"
cn_2620,"灭魔"
cn_2621,"体力"
cn_2622,"魔力"
cn_2623,"巨石"
cn_2624,"魔泉"
cn_2625,"水防"
cn_2626,"土防"
cn_2627,"风防"
cn_2628,"火防"
cn_2629,"抵抗"
cn_2630,"闪避"
cn_2631,"体回"
cn_2632,"魔复"
cn_2633,"物免"
cn_2634,"魔免"
cn_2635,"物减"
cn_2636,"魔减"
cn_2637,"萨索尼"
cn_2638,"科莱"
cn_2639,"提炼魔石"
cn_2640,"防护之盾"
cn_2641,"命中提升"
cn_2642,"攻击提升"
cn_2643,"暗夜刺杀"
cn_2644,"抵抗提升"
cn_2645,"暗夜闪避"
cn_2646,"雾隐术"
cn_2647,"暗夜之牙"
cn_2648,"血怒飞刃"
cn_2649,"诅咒·虚弱"
cn_2650,"诅咒·流血"
cn_2651,"风之暗影"
cn_2652,"燃烧斗志"
cn_2653,"双重破坏"
cn_2654,"蛇罗"
cn_2655,"巨大的侏儒将军护卫"
cn_2656,"精英侏儒弓箭手"
cn_2657,"精英侏儒长矛手"
cn_2658,"特鲁格树人"
cn_2659,"火魂"
cn_2660,"火焰极奥"
cn_2661,"熔岩戈伦"
cn_2662,"火蜥蜴"
cn_2663,"熔岩巨人"
cn_2664,"侏儒将军"
cn_2665,"不死鸟的虚影"
cn_2666,"军需物资（任务物品）"
cn_2667,"火灵珠（任务物品）"
cn_2668,"冰灵枝（任务物品）"
cn_2669,"布鲁铜（任务物品）"
cn_2670,"轮石（任务物品）"
cn_2671,"魔锤（任务物品）"
cn_2672,"装满三阶装备的箱子（任务物品）"
cn_2673,"一把奇怪的弓箭（任务物品）"
cn_2674,"有符文的石头（任务物品）"
cn_2675,"被盗的物资（任务物品）"
cn_2676,"侏儒族的疗伤药（任务物品）"
cn_2677,"侏儒的宝石（任务物品）"
cn_2678,"高级变形材料（任务物品）"
cn_2679,"[隐藏之谷·诺]入场券"
cn_2680,"侏儒的武器（任务物品）"
cn_2681,"侏儒的军需（任务物品）"
cn_2682,"侏儒的将军披风（任务物品）"
cn_2683,"树人法师的法杖（任务物品）"
cn_2684,"阵法珠（任务物品）"
cn_2685,"阵法控制石（任务物品）"
cn_2686,"火狼爪（任务物品）"
cn_2687,"火魂石（任务物品）"
cn_2688,"戈伦石（任务物品）"
cn_2689,"火熔浆（任务物品）"
cn_2690,"金毛（任务物品）"
cn_2691,"科沁的汇报信（任务物品）"
cn_2692,"通往达特福德地区"
cn_2693,"通往侏儒城堡与火山地区"
cn_2694,"暗晶石"
cn_2695,"暗影晶石"
cn_2696,"诅咒晶石"
cn_2697,"雷魔法"
cn_2698,"被封印的一级"
cn_2699,"磁力魔咒"
cn_2700,"特制的蜂蜜"
cn_2701,"蜂巢碎片"
cn_2702,"有毒的蘑菇"
cn_2703,"耀眼的夜光宝石"
cn_2704,"土制陶罐"
cn_2705,"沉重的铁链"
cn_2706,"火灵芝"
cn_2707,"珍稀的昙花标本"
cn_2708,"紫色水晶原石"
cn_2709,"坚硬的托帕石"
cn_2710,"美味的长柄菇"
cn_2711,"燃烧的枫叶"
cn_2712,"一级"
cn_2713,"二级"
cn_2714,"三级"
cn_2715,"四级"
cn_2716,"五级"
cn_2717,"指定等级卷轴[60级]"
cn_2718,"合服庆典券"
cn_2719,"生命圣泉礼盒"
cn_2720,"轮回奥术礼盒"
cn_2721,"暗夜魔石"
cn_2722,"福气烟花"
cn_2723,"聚宝岛藏宝图"
cn_2724,"身体健康年糕"
cn_2725,"龙马精神丸子"
cn_2726,"阿布纳 [装备制作]"
cn_2727,"[隐藏之谷·誓]入场券"
cn_2728,"2倍强化经验魔方"
cn_2729,"2.5倍强化经验魔方"
cn_2730,"3倍强化经验魔方"
cn_2731,"3.5倍强化经验魔方"
cn_2732,"4倍经验魔方"
cn_2733,"图腾（任务道具）"
cn_2734,"古代的淬体药水"
cn_2735,"古代的炼魔药水"
cn_2736,"高级生命圣泉礼盒"
cn_2737,"高级轮回奥术礼盒"
cn_2738,"终极生命圣泉礼盒"
cn_2739,"终极轮回奥术礼盒"
cn_2740,"终极礼包已购凭证A"
cn_2741,"终极礼包已购凭证B"
cn_2742,"隐藏之谷·诺"
cn_2743,"武器保护卷轴"
cn_2744,"武官之矛"
cn_2745,"神官巫杖"
cn_2746,"紫焰龙刃"
cn_2747,"圣武之刃"
cn_2748,"圣武巨剑"
cn_2749,"圣灵法杖"
cn_2750,"圣灵力剑"
cn_2751,"圣翼之弓"
cn_2752,"赤焰圣龙之牙"
cn_2753,"蓝焰圣龙之牙"
cn_2754,"圣武之矛"
cn_2755,"圣灵巫杖"
cn_2756,"紫焰圣龙之刃"
cn_2757,"止战头盔"
cn_2758,"噬魔头盔"
cn_2759,"幻象软帽"
cn_2760,"止战披风"
cn_2761,"噬魔斗篷"
cn_2762,"幻象披风"
cn_2763,"止战铠甲"
cn_2764,"噬魔铠甲"
cn_2765,"幻象软甲"
cn_2766,"止战之盾"
cn_2767,"噬魔之盾"
cn_2768,"幻象之盾"
cn_2769,"军王T恤"
cn_2770,"法王T恤"
cn_2771,"巫王T恤"
cn_2772,"信徒T恤"
cn_2773,"止战手套"
cn_2774,"噬魔手套"
cn_2775,"幻象手套"
cn_2776,"军王手套"
cn_2777,"法王手套"
cn_2778,"巫王手套"
cn_2779,"冥王手套"
cn_2780,"止战长靴"
cn_2781,"噬魔长靴"
cn_2782,"幻象长靴"
cn_2783,"军王长靴"
cn_2784,"法王长靴"
cn_2785,"巫王长靴"
cn_2786,"冥王长靴"
cn_2787,"风昙"
cn_2788,"水樱"
cn_2789,"土鹿"
cn_2790,"火菊"
cn_2791,"梵迪的小提琴"
cn_2792,"伏特的陶罐"
cn_2793,"提拉的原石"
cn_2794,"伏尔坎的火枫叶"
cn_2795,"止战套装"
cn_2796,"噬魔套装"
cn_2797,"幻象套装"
cn_2798,"火魂的珍宝娃娃"
cn_2799,"火焰极奥的珍宝灯"
cn_2800,"熔岩戈伦的珍宝石"
cn_2801,"火蜥蜴的珍宝人偶"
cn_2802,"熔岩巨人的珍宝链"
cn_2803,"幸运四叶草"
cn_2804,"门徒T恤"
cn_2805,"使徒T恤"
cn_2806,"瑕疵的"
cn_2807,"冷却的熔岩矿石"
cn_2808,"幻象石"
cn_2809,"吞噬魔石"
cn_2810,"古代魂石"
cn_2811,"圣灵石"
cn_2812,"圣灵碎片"
cn_2813,"高级圣灵石"
cn_2814,"终极圣灵石"
cn_2815,"贺莉[圣武]"
cn_2816,"赫雷斯[循环任务]"
cn_2817,"希亚[圣光洗礼]"
cn_2818,"巴特利[升级合成]"
cn_2819,"\fW升级合成"
cn_2820,"历战之证"
cn_2821,"血之契约"
cn_2822,"一等符石礼盒"
cn_2823,"二等符石礼盒"
cn_2824,"被封印的二级"
cn_2825,"军王之魂"
cn_2826,"法王之魂"
cn_2827,"巫王之魂"
cn_2828,"冥王之魂"
cn_2829,"止战之魂一"
cn_2830,"止战之魂二"
cn_2831,"幻象之魂一"
cn_2832,"幻象之魂二"
cn_2833,"噬魂之魂一"
cn_2834,"噬魂之魂二"
cn_2835,"圣·熊地精"
cn_2836,"圣·蝎子"
cn_2837,"圣·刀锋怪"
cn_2838,"圣·亚龙之矛"
cn_2839,"圣·邪恶屠戮者"
cn_2840,"圣·暗魂骑士长枪手"
cn_2841,"\fW变形"
cn_2842,"丽卡[淬体炼魔]"
cn_2843,"普特拉[变形]"
cn_2844,"忒克那[变形]"
cn_2845,"鼠莱财[经验魔方]"
cn_2846,"\fW活动商店"
cn_2847,"鼠莱宝[聚宝岛]"
cn_2848,"[绑定]"
cn_2849,"[绑定限时]"
cn_2850,"献灵禁咒"
cn_2851,"天選者之禮"
cn_2852,"淬体炼魔礼盒"
cn_2853,"天选抽奖券"
cn_2854,"\fW血盟buff"
cn_2855,"德里亚[血盟buff]"
cn_2856,"诅咒·失魂"
cn_2857,"致命一击"
cn_2858,"角色转移专员"
cn_2859,"角色接收专员"
cn_2860,"角色改名专员"
cn_2861,"角色改名凭证"
cn_2862,"暗夜魔石碎片"
cn_2863,"初心者双刀"
cn_2864,"闪亮的初心者双刀"
cn_2865,"闪亮的初心者手甲"
cn_2866,"巨颚双刀"
cn_2867,"铁手甲"
cn_2868,"黑魔双刀"
cn_2869,"魔骨手甲"
cn_2870,"野兽钢爪"
cn_2871,"阿比斯双刃"
cn_2872,"阿比斯手甲"
cn_2873,"阿比斯之爪"
cn_2874,"圣渊双刃"
cn_2875,"圣渊手甲"
cn_2876,"圣渊之爪"
cn_2877,"暗·英雄项链Lv.4"
cn_2878,"暗·英雄项链Lv.5"
cn_2879,"暗·英雄项链Lv.6"
cn_2880,"飞刀"
cn_2881,"三角飞镖"
cn_2882,"十字手里剑"
cn_2883,"咒·英雄项链Lv.4"
cn_2884,"咒·英雄项链Lv.5"
cn_2885,"咒·英雄项链Lv.6"
cn_2886,"菲洛[暗夜魔石]"
cn_2887,"暗夜精灵魔法笔记Ⅰ"
cn_2888,"暗夜精灵魔法笔记Ⅱ"
cn_2889,"暗夜精灵魔法笔记Ⅲ"
cn_2890,"米洛兹[活动使者]"
cn_2891,"治愈福袋"
cn_2892,"魔能福袋"
cn_2893,"加速福袋"
cn_2894,"暗夜福袋"
cn_2895,"经验魔方福袋"
cn_2896,"高级暗夜福袋"
cn_2897,"经验礼盒(誓)"
cn_2898,"先贤者手甲"
cn_2899,"先贤者双刀"
cn_2900,"暗夜福袋兑换券"
cn_2901,"高级暗夜福袋兑换券"
cn_2902,"黎明使者[装备制作]"
cn_2903,"暗夜使者[装备制作]"
cn_2904,"初级盟屋"
cn_2905,"中级盟屋"
cn_2906,"高级盟屋"
cn_2907,"智力礼盒"
cn_2908,"力量礼盒"
cn_2909,"敏捷礼盒"
cn_2910,"毅力礼盒"
cn_2911,"装备礼盒[一阶]"
cn_2912,"装备礼盒[二阶]"
cn_2913,"[隐藏之谷·誓]入场券"
cn_2914,"[活动]普通套票已购凭证"
cn_2915,"[活动]高级套票已购凭证"
cn_2916,"[活动]隐谷练功石"
cn_2917,"双刀"
cn_2918,"手甲"
cn_2919,"钢爪"
cn_2920,"飞刀"
cn_2921,"暗夜双刀（限时）"
cn_2922,"50级冲级礼盒"
cn_2923,"60级冲级礼盒"
cn_2924,"70级冲级礼盒"
cn_2925,"冲级抽奖券"
cn_2926,"高级装备保护卷轴"
cn_2927,"武器受祝福卷轴"
cn_2928,"50级冲级抽奖券盒"
cn_2929,"55级冲级抽奖券盒"
cn_2930,"60级冲级抽奖券盒"
cn_2931,"65级冲级抽奖券盒"
cn_2932,"70级冲级抽奖券盒"
cn_2933,"加血盟经验道具"
cn_2934,"血盟资源宝箱(绑定)"
cn_2935,"加血盟经验及资源道具"
cn_2936,"传送师"
cn_2937,"盟屋传送师"
cn_2938,"盟屋管理员"
cn_2939,"盟屋传送卷轴"
cn_2940,"死亡骑士的虚影"
cn_2941,"盟屋竞拍主持人"
cn_2942,"被封印的暗晶石"
cn_2943,"变形卷轴盒子"
cn_2944,"力·英雄项錬Lv.7"
cn_2945,"魔·英雄项錬Lv.7"
cn_2946,"敏·英雄项錬Lv.7"
cn_2947,"暗·英雄项錬Lv.7"
cn_2948,"翼·英雄项錬Lv.7"
cn_2949,"破坏盔甲"
cn_2950,"血狼"
cn_2951,"极·火龙人"
cn_2952,"婕琳 [武器制作]"
cn_2953,"魔卡"
cn_2954,"通往地面"
cn_2955,"通往下一层"
cn_2956,"通往上一层"
cn_2957,"通往古老隧道"
cn_2958,"通往应许之岛地监2层"
cn_2959,"通往马洛斯地监7层"
cn_2960,"通往精灵地监3层"
cn_2961,"通往德雷克山岳地监4层"
cn_2962,"通往血盟小屋"
cn_2963,"高级盟屋01"
cn_2964,"高级盟屋02"
cn_2965,"中级盟屋01"
cn_2966,"中级盟屋02"
cn_2967,"中级盟屋03"
cn_2968,"中级盟屋04"
cn_2969,"初级盟屋01"
cn_2970,"初级盟屋02"
cn_2971,"初级盟屋03"
cn_2972,"初级盟屋04"
cn_2973,"初级盟屋05"
cn_2974,"初级盟屋06"
cn_2975,"初级盟屋07"
cn_2976,"初级盟屋08"
cn_2977,"初级盟屋09"
cn_2978,"初级盟屋10"
cn_2979,"初级盟屋11"
cn_2980,"初级盟屋12"
cn_2981,"死亡骑士·传奇"
cn_2982,"死亡骑士·史诗"
cn_2983,"死亡骑士·神话"
cn_2984,"血盟的传奇礼盒（一）"
cn_2985,"血盟的传奇礼盒（二）"
cn_2986,"血盟的传奇礼盒（三）"
cn_2987,"血盟的史诗礼盒（一）"
cn_2988,"血盟的史诗礼盒（二）"
cn_2989,"血盟的史诗礼盒（三）"
cn_2990,"血盟的神话礼盒（一）"
cn_2991,"血盟的神话礼盒（二）"
cn_2992,"血盟的神话礼盒（三）"
cn_2993,"初等血盟礼盒"
cn_2994,"中等血盟礼盒"
cn_2995,"高等血盟礼盒"
cn_2996,"红眼腰带"
cn_2997,"蚁洞探险者"
cn_2998,"死亡骑士[烈焰]"
cn_2999,"邪恶狩猎者[曜金]"
cn_3000,"黑长者[沧澜]"
cn_3001,"邪恶屠戮者[灼炎]"
cn_3002,"魅魔妖后[青木]"
cn_3003,"极·骨灵骑士"
cn_3004,"极·铁甲弓箭手"
cn_3005,"极·骨灵祭祀"
cn_3006,"极·骨灵战蜥"
cn_3007,"极·铁甲狼人"
cn_3008,"结晶"
cn_3009,"普通结晶"
cn_3010,"魔化结晶"
cn_3011,"端午活动使者"
cn_3012,"近战系列变形礼盒"
cn_3013,"施法系列变形礼盒"
cn_3014,"长矛系列变形礼盒"
cn_3015,"弓箭手系列变形礼盒"
cn_3016,"手甲系列变形礼盒"
cn_3017,"盟屋商店"
cn_3018,"阿修罗·传奇Lv.2"
cn_3019,"阿修罗·史诗Lv.2"
cn_3020,"阿修罗·神话Lv.2"
cn_3021,"阿修罗·传奇Lv.3"
cn_3022,"阿修罗·史诗Lv.3"
cn_3023,"阿修罗·神话Lv.3"
cn_3024,"粽叶"
cn_3025,"线绳"
cn_3026,"鸭蛋"
cn_3027,"咸肉粽"
cn_3028,"蛋黄粽"
cn_3029,"海底深渊藏宝图"
cn_3030,"西瓜（高级冲击士气）"
cn_3031,"香梨（高级激励士气）"
cn_3032,"西瓜（中级冲击士气）"
cn_3033,"香梨（中级激励士气）"
cn_3034,"西瓜（初级冲击士气）"
cn_3035,"香梨（初级激励士气）"
cn_3036,"仓库管理员"
cn_3037,"初等血盟礼盒[阿修罗]"
cn_3038,"中等血盟礼盒[阿修罗]"
cn_3039,"高等血盟礼盒[阿修罗]"
cn_3040,"灵芝"
cn_3041,"血盟资源宝箱·橘"
cn_3042,"血盟资源宝箱·绯"
cn_3043,"血盟资源宝箱·朱"
cn_3044,"血盟资源宝箱·碧"
cn_3045,"血盟资源宝箱·莲"
cn_3046,"血盟资源宝箱·湛"
cn_3047,"血盟资源宝箱·黛"
cn_3048,"源金·炽"
cn_3049,"源金·智"
cn_3050,"源金·安"
cn_3051,"源金·列"
cn_3052,"源金·权"
cn_3053,"源金·德"
cn_3054,"源金·能"
cn_3055,"魅魔妖后(体验)"
cn_3056,"地狱裁决者"
cn_3057,"火魂·"
cn_3058,"火精·"
cn_3059,"火魄·"
cn_3060,"火神·"
cn_3061,"水魂·"
cn_3062,"水精·"
cn_3063,"水魄·"
cn_3064,"水神·"
cn_3065,"土魂·"
cn_3066,"土精·"
cn_3067,"土魄·"
cn_3068,"土神·"
cn_3069,"风魂·"
cn_3070,"风精·"
cn_3071,"风魄·"
cn_3072,"风神·"
cn_3073,"赎罪卷轴"
cn_3074,"火狼"
cn_3075,"熔岩战士"
cn_3076,"熔岩法师"
cn_3077,"熔岩弓箭手"
cn_3078,"龙笼草"
cn_3079,"戈爪草"
cn_3080,"小型侦查天眼"
cn_3081,"大型侦查天眼"
cn_3082,"格劳龙火山地监"
cn_3083,"破碎的神息源石"
cn_3084,"戒指瑕疵礼盒"
cn_3085,"耳环瑕疵礼盒"
cn_3086,"腰带瑕疵礼盒"
cn_3087,"武器强化保护卷轴[限时6小时](绑定)"
cn_3088,"武器强化保护卷轴[限时24小时](绑定)"
cn_3089,"武器强化保护卷轴"
cn_3090,"武器强化保护卷轴(绑定)"
cn_3091,"凯西[经验魔方]"
cn_3092,"Lv.2"
cn_3093,"伊娃的哀伤之泪"
cn_3094,"烈焰不死鸟"
cn_3095,"力纹经验礼盒"
cn_3096,"敏纹经验礼盒"
cn_3097,"智纹经验礼盒"
cn_3098,"经验魔方礼盒"
cn_3099,"骑士幸运礼盒"
cn_3100,"王族幸运礼盒"
cn_3101,"精灵幸运礼盒"
cn_3102,"法师幸运礼盒"
cn_3103,"暗夜精灵幸运礼盒"
cn_3104,"初级魔卡宝箱"
cn_3105,"普通魔卡宝箱"
cn_3106,"高级魔卡宝箱"
cn_3107,"终极魔卡宝箱"
cn_3108,"初心者之箭"
cn_3109,"天神福佑·活动使者"
cn_3110,"万能药商人"
cn_3111,"天神曙光·活动使者"
cn_3112,"天神抽奖券"
cn_3113,"虚空魅影"
cn_3114,"天神福泽·活动使者"
cn_3115,"骑士恩泽礼盒"
cn_3116,"王族恩泽礼盒"
cn_3117,"精灵恩泽礼盒"
cn_3118,"法师恩泽礼盒"
cn_3119,"暗夜精灵恩泽礼盒"
cn_3120,"55等冲级礼盒"
cn_3121,"65等冲级礼盒"
cn_3122,"变形魔法棒"
cn_3123,"妖魔城堡"
cn_3124,"达特福德城堡"
cn_3125,"虚空使者"
cn_3126,"攻城战传送师"
cn_3127,"城主礼盒"
cn_3128,"血盟升级礼盒一"
cn_3129,"血盟升级礼盒二"
cn_3130,"等级"
cn_3131,"先锋泥龙"
cn_3132,"丰收庆典烟花"
cn_3133,"丰收庆典-活动使者"
cn_3134,"丰收庆典入场券"
cn_3135,"丰收庆典抽奖券"
cn_3136,"变异的"
cn_3137,"·初生体"
cn_3138,"·进化体"
cn_3139,"·完全体"
cn_3140,"·超级体"
cn_3141,"·究极体"
cn_3142,"地精王"
cn_3143,"毒蝎王"
cn_3144,"荒龙王"
cn_3145,"魂骑王"
cn_3146,"实验室·传送师"
cn_3147,"通道守护·矢利安"
cn_3148,"实验室·补给员"
cn_3149,"地下试验场专用传送卷"
cn_3150,"丰收庆典兑换券"
cn_3151,"丰收种子"
cn_3152,"传送控制石商人"
cn_3153,"直播积分"
cn_3154,"Teon直播勋章"
cn_3155,"直播勋章源力石"
cn_3156,"直播积分兑换使者"
cn_3157,"羁绊1"
cn_3158,"羁绊2"
cn_3159,"奥力给[助力练功]"
cn_3160,"排行奖励礼盒"
cn_3161,"三阶武器强化保护卷轴[限时6小时](绑定)"
cn_3162,"破旧的高级藏宝图兑换券"
cn_3163,"军团新兵"
cn_3164,"军团精锐"
cn_3165,"军团铁骑"
cn_3166,"军团战王"
cn_3167,"王国新秀"
cn_3168,"王国菁英"
cn_3169,"王国策士"
cn_3170,"王国统领"
cn_3171,"法师学徒"
cn_3172,"见习法师"
cn_3173,"大法师"
cn_3174,"雷霆法师"
cn_3175,"草木之灵"
cn_3176,"森林之影"
cn_3177,"自然之力"
cn_3178,"元素使"
cn_3179,"暗夜之子"
cn_3180,"暗夜之刺"
cn_3181,"暗夜鬼蝠"
cn_3182,"暗夜罗刹"
cn_3183,"後起之秀"
cn_3184,"百战不屈"
cn_3185,"战无不胜"
cn_3186,"不朽传奇"
cn_3187,"一代战神"
cn_3188,"挑战沙漏Ⅰ"
cn_3189,"挑战沙漏Ⅱ"
cn_3190,"挑战沙漏Ⅲ"
cn_3191,"挑战沙漏Ⅳ"
cn_3192,"蚁砂"
cn_3193,"镜灵石"
cn_3194,"魔魂"
cn_3195,"烈焰石"
cn_3196,"泥龙的尖牙"
cn_3197,"荒龙的角"
cn_3198,"海王的号角"
cn_3199,"不死鸟的泪晶"
cn_3200,"噬魔之晶"
cn_3201,"不死鸟蜕落的鳞片"
cn_3202,"战神艾斯的仆从[职业称号]"
cn_3203,"神殒之杖"
cn_3204,"覆海之泪"
cn_3205,"亡灵之珠"
cn_3206,"魔殒之石"
cn_3207,"殒落之骸"
cn_3208,"复仇者"
cn_3209,"掠夺者"
cn_3210,"戮杀者"
cn_3211,"破坏者"
cn_3212,"潜望者"
cn_3213,"凛风者"
cn_3214,"狙击者"
cn_3215,"御魔者"
cn_3216,"御法者"
cn_3217,"歼击者"
cn_3218,"精英"
cn_3219,"史诗"
cn_3220,"传说"
cn_3221,"神话"
cn_3222,"远古"
cn_3223,"紫晶"
cn_3224,"幻晶"
cn_3225,"祁浩[职业称号]"
cn_3226,"城主"
cn_3227,"巴风特的执念"
cn_3228,"死神玛丽亚[死神乐园]"
cn_3229,"血月之章"
cn_3230,"死神晶币"
cn_3231,"称号[後起之秀]解锁凭证"
cn_3232,"称号[百战不屈]解锁凭证"
cn_3233,"称号[战无不胜]解锁凭证"
cn_3234,"称号[不朽传奇]解锁凭证"
cn_3235,"称号[一代战神]解锁凭证"
cn_3236,"死神玛丽亚[休息室]"
cn_3237,"\fW战场祝福"
cn_3238,"死神玛丽亚[战场祝福]"
cn_3239,"蓝方守护塔"
cn_3240,"红方守护塔"
cn_3241,"梅丽[追忆之岛]"
cn_3242,"死灵骷颅"
cn_3243,"骷颅领主"
cn_3244,"恶魔地狱犬"
cn_3245,"恶魔地狱犬首领"
cn_3246,"骷髅斧手"
cn_3247,"夏洛柏"
cn_3248,"托尼[周游商人]"
cn_3249,"熔岩巴风特"
cn_3250,"极·熔岩法师"
cn_3251,"极·熔岩弓箭手"
cn_3252,"追忆·"
cn_3253,"一阶饰品保护卷轴"
cn_3254,"二阶饰品保护卷轴"
cn_3255,"元素礼盒（小）"
cn_3256,"装备材料礼包"
cn_3257,"瑕疵武器礼包"
cn_3258,"瑕疵防具礼包"
cn_3259,"特效符石"
cn_3260,"止戈令"
cn_3261,"止戈[寒月嘉奖]"
cn_3262,"追忆·布伦丹"
cn_3263,"追忆·库力特"
cn_3264,"冰雪节活动使者"
cn_3265,"炼魂源晶"
cn_3266,"打孔槌子"
cn_3267,"攻击魂石"
cn_3268,"防御魂石"
cn_3269,"特殊魂石"
cn_3270,"魂石福袋(大)"
cn_3271,"魂石福袋(小)"
cn_3272,"雪花"
cn_3273,"夹心糖"
cn_3274,"拐杖糖"
cn_3275,"冰雪节抽奖券"
cn_3276,"通往劳华地区"
cn_3277,"冰雪节兑换券"
cn_3278,"影魂岛入场券"
cn_3279,"棒棒糖"
cn_3280,"伊泽 [药店]"
cn_3281,"塔比 [武器店]"
cn_3282,"瑞贝卡 [防具店]"
cn_3283,"老工匠贝塔"
cn_3284,"普朗克 [竞拍商人]"
cn_3285,"强森"
cn_3286,"艾雅"
cn_3287,"伊利斯"
cn_3288,"凯亚"
cn_3289,"莉莉丝"
cn_3290,"埃利亚"
cn_3291,"艾迪"
cn_3292,"博迪"
cn_3293,"亲卫·"
cn_3294,"城堡巫医"
cn_3295,"克利尔"
cn_3296,"克里斯"
cn_3297,"诺克"
cn_3298,"伊利"
cn_3299,"恩雅"
cn_3300,"纳尔 [药店]"
cn_3301,"可莉 [道具店]"
cn_3302,"艾瑞 [武器店]"
cn_3303,"瑞思 [防具店]"
cn_3304,"安达"
cn_3305,"狮鹫"
cn_3306,"恶魔长者"
cn_3307,"勘察师"
cn_3308,"丛林蜥战士"
cn_3309,"丛林兽弓手"
cn_3310,"丛林蜥弓手"
cn_3311,"徘徊的怨念"
cn_3312,"狄亚戈的介绍信（任务道具）"
cn_3313,"记录着奇怪信息的卷轴"
cn_3314,"《劳华信息集录》"
cn_3315,"恩雅亲卫的谢礼"
cn_3316,"药铲"
cn_3317,"珍稀人参果"
cn_3318,"落地生"
cn_3319,"帕罗叶"
cn_3320,"刺魂草"
cn_3321,"忏悔之泪"
cn_3322,"[药瓶]"
cn_3323,"劳华卫兵"
cn_3324,"劳华地监守卫"
cn_3325,"受伤的守卫"
cn_3326,"空药瓶"
cn_3327,"狮鹫的利爪"
cn_3328,"独眼巨人的棍棒"
cn_3329,"丛林蜥的皮"
cn_3330,"豺狼人的爪"
cn_3331,"补给药箱"
cn_3332,"伞萝"
cn_3333,"萨茜"
cn_3334,"爱丽儿"
cn_3335,"诺娜"
cn_3336,"蕊希"
cn_3337,"钢铁胫甲"
cn_3338,"风护胫甲"
cn_3339,"Lv.2 风护胫甲"
cn_3340,"Lv.3 风护胫甲"
cn_3341,"火护胫甲"
cn_3342,"Lv.2 火护胫甲"
cn_3343,"Lv.3 火护胫甲"
cn_3344,"水护胫甲"
cn_3345,"Lv.2 水护胫甲"
cn_3346,"Lv.3 水护胫甲"
cn_3347,"土护胫甲"
cn_3348,"Lv.2 土护胫甲"
cn_3349,"Lv.3 土护胫甲"
cn_3350,"风灵矿石"
cn_3351,"火灵矿石"
cn_3352,"水灵矿石"
cn_3353,"土灵矿石"
cn_3354,"损坏的胫甲"
cn_3355,"损坏的元素加护胫甲"
cn_3356,"损坏的Lv.2元素加护胫甲"
cn_3357,"受伤的冒险者"
cn_3358,"魔音吉他"
cn_3359,"纤羽笔"
cn_3360,"木头人偶"
cn_3361,"千织甲片"
cn_3362,"炎珀"
cn_3363,"NULL"
cn_3364,"源蜜"
cn_3365,"陶罐"
cn_3366,"罗恩"
cn_3367,"勒尔"
cn_3368,"魂石板工匠"
cn_3369,"魂石板商人"
cn_3370,"风灵钻"
cn_3371,"火灵钻"
cn_3372,"水灵钻"
cn_3373,"土灵钻"
cn_3374,"Lv2.风灵钻"
cn_3375,"Lv2.火灵钻"
cn_3376,"Lv2.水灵钻"
cn_3377,"Lv2.土灵钻"
cn_3378,"Lv3.风灵钻"
cn_3379,"Lv3.火灵钻"
cn_3380,"Lv3.水灵钻"
cn_3381,"Lv3.土灵钻"
cn_3382,"雷斯 [仓库]"
cn_3383,"徘徊的怨念头目"
cn_3384,"绑定的魂石福袋(小)"
cn_3385,"圣泉灵叶"
cn_3386,"骰子匕首"
cn_3387,"随从血食"
cn_3388,"熔岩狮人"
cn_3389,"牛头人战士"
cn_3390,"灯谜1"
cn_3391,"灯谜2"
cn_3392,"灯谜3"
cn_3393,"灯谜4"
cn_3394,"灯谜5"
cn_3395,"灯谜6"
cn_3396,"灯谜7"
cn_3397,"灯谜8"
cn_3398,"灯谜9"
cn_3399,"灯谜10"
cn_3400,"灯谜盒子"
cn_3401,"灯谜礼包·喜乐"
cn_3402,"灯谜礼包·平安"
cn_3403,"延福礼盒"
cn_3404,"灯谜·牛气冲天"
cn_3405,"灯谜·牛劲十足"
cn_3406,"牛哞哞[新春灯谜]"
cn_3407,"王族"
cn_3408,"骑士"
cn_3409,"精灵"
cn_3410,"法师"
cn_3411,"暗夜精灵"
cn_3412,"龙骑士"
cn_3413,"幻术师"
cn_3414,"福福[新春灯谜]"
cn_3415,"吉祥结"
cn_3416,"凯琳[英雄项炼进阶]"
cn_3417,"福禧[新春答灯谜]"
cn_3418,"低级生命耳环(限时)"
cn_3419,"高级生命耳环(限时)"
cn_3420,"牛年限定套装"
cn_3421,"牛头怪"
cn_3422,"挑战令·白"
cn_3423,"挑战令·绿"
cn_3424,"挑战令·蓝"
cn_3425,"蓝色魂石"
cn_3426,"绿色魂石"
cn_3427,"红色魂石"
cn_3428,"合成卷轴"
cn_3429,"誓约印章"
cn_3430,"挑战印记"
cn_3431,"珀南[每日挑战]"
cn_3432,"奖券"
cn_3433,"艾玛[泡泡堂管理员]"
cn_3434,"优莉卡[嘉奖]"
cn_3435,"洛米尔[魔法娃娃]"
cn_3436,"兽灵"
cn_3437,"兽髓"
cn_3438,"一阶魔力球碎片"
cn_3439,"一阶魔力球兑换券"
cn_3440,"一阶魔力球"
cn_3441,"二阶魔力球"
cn_3442,"三阶魔力球"
cn_3443,"四阶魔力球"
cn_3444,"五阶魔力球"
cn_3445,"小飞蝠"
cn_3446,"红雪怪"
cn_3447,"蓝雪怪"
cn_3448,"蓝肥肥"
cn_3449,"红肥肥"
cn_3450,"小飞龙"
cn_3451,"红长者"
cn_3452,"绿长者"
cn_3453,"冰雪戈伦"
cn_3454,"熔岩戈伦"
cn_3455,"丛林戈伦"
cn_3456,"水灵"
cn_3457,"火灵"
cn_3458,"土灵"
cn_3459,"云灵"
cn_3460,"风灵"
cn_3461,"木灵"
cn_3462,"电灵"
cn_3463,"蜂女"
cn_3464,"艾安"
cn_3465,"四阶娃娃4"
cn_3466,"四阶娃娃5"
cn_3467,"四阶娃娃6"
cn_3468,"四阶娃娃7"
cn_3469,"五阶娃娃1"
cn_3470,"五阶娃娃2"
cn_3471,"五阶娃娃3"
cn_3472,"五阶娃娃4"
cn_3473,"五阶娃娃5"
cn_3474,"五阶娃娃6"
cn_3475,"五阶娃娃7"
cn_3476,"泡点笔记"
cn_3477,"高级泡点笔记"
cn_3478,"泡点福袋"
cn_3479,"高级泡点福袋"
cn_3480,"\fW泡点"
cn_3481,"远古邪恶狩猎者"
cn_3482,"远古邪恶审判者"
cn_3483,"Lv.4风护胫甲"
cn_3484,"Lv.4火护胫甲"
cn_3485,"Lv.4水护胫甲"
cn_3486,"Lv.4土护胫甲"
cn_3487,"Lv.4风灵钻"
cn_3488,"Lv.4火灵钻"
cn_3489,"Lv.4水灵钻"
cn_3490,"Lv.4土灵钻"
cn_3491,"损坏的Lv.3元素加护胫甲"
cn_3492,"劳华地区地监"
cn_3493,"重击"
cn_3494,"旋风斩"
cn_3495,"英勇打击"
cn_3496,"贪婪的暴徒"
cn_3497,"狡诈的暴徒"
cn_3498,"残忍的暴徒"
cn_3499,"恶毒的暴徒"
cn_3500,"暗鸦法师"
cn_3501,"华丽刺杀者"
cn_3502,"防具强化保护卷轴[限时1个月]"
cn_3503,"三阶防具强化保护卷轴[限时1个月]"
cn_3504,"武器高级强化保护卷轴[限时1个月]"
cn_3505,"高等经验药水"
cn_3506,"强力装备强化礼盒"
cn_3507,"高宝铲"
cn_3508,"神秘礼盒"
cn_3509,"海贼骷髅"
cn_3510,"传送铃铛(组队)"
cn_3511,"传送铃铛(血盟)"
cn_3512,"战斗大师"
cn_3513,"糖果"
cn_3514,"艾迪的包裹"
cn_3515,"净化结晶"
cn_3516,"灵识"
cn_3517,"魔法气息"
cn_3518,"劳华狼人的獠牙"
cn_3519,"带着奇怪符号的资料"
cn_3520,"武器强化保护卷轴[限时1个月]"
cn_3521,"三阶武器强化保护卷轴[限时1个月]"
cn_3522,"防具强化保护卷轴[限时6小时](绑定)"
cn_3523,"三阶防具强化保护卷轴[限时6小时](绑定)"
cn_3524,"劳华狼人"
cn_3525,"一级空白魔法卷轴"
cn_3526,"二级空白魔法卷轴"
cn_3527,"三级空白魔法卷轴"
cn_3528,"四级空白魔法卷轴"
cn_3529,"五级空白魔法卷轴"
cn_3530,"六级空白魔法卷轴"
cn_3531,"魔法卷轴（初级治愈术）"
cn_3532,"魔法卷轴（日光术）"
cn_3533,"魔法卷轴（保护罩）"
cn_3534,"魔法卷轴（光箭）"
cn_3535,"魔法卷轴（指定传送术）"
cn_3536,"魔法卷轴（冰箭）"
cn_3537,"魔法卷轴（风刃）"
cn_3538,"魔法卷轴（神圣武器）"
cn_3539,"魔法卷轴（解毒术）"
cn_3540,"魔法卷轴（寒冷战憟）"
cn_3541,"魔法卷轴（毒咒）"
cn_3542,"魔法卷轴（附魔武器）"
cn_3543,"魔法卷轴（破匿之眼）"
cn_3544,"魔法卷轴（负重强化）"
cn_3545,"魔法卷轴（火箭）"
cn_3546,"魔法卷轴（影牙术）"
cn_3547,"魔法卷轴（极光雷电）"
cn_3548,"魔法卷轴（超度术）"
cn_3549,"魔法卷轴（中级治愈术）"
cn_3550,"魔法卷轴（暗盲咒）"
cn_3551,"魔法卷轴（护持）"
cn_3552,"魔法卷轴（寒冰气息）"
cn_3553,"魔法卷轴（弱性感测）"
cn_3554,"魔法卷轴（燃烧的火球）"
cn_3555,"魔法卷轴（通畅气脉术）"
cn_3556,"魔法卷轴（坏物术）"
cn_3557,"魔法卷轴（体力夺取）"
cn_3558,"魔法卷轴（缓速术）"
cn_3559,"魔法卷轴（岩牢）"
cn_3560,"魔法卷轴（魔法屏障）"
cn_3561,"魔法卷轴（冥想术）"
cn_3562,"魔法卷轴（缚身术）"
cn_3563,"魔法卷轴（极道落雷）"
cn_3564,"魔法卷轴（高级治愈术）"
cn_3565,"魔法卷轴（迷魅术）"
cn_3566,"魔法卷轴（圣洁之光）"
cn_3567,"魔法卷轴（冰锥）"
cn_3568,"魔法卷轴（魔力夺取）"
cn_3569,"魔法卷轴（黑暗之影）"
cn_3570,"魔法卷轴（傀儡术）"
cn_3571,"魔法卷轴（体魄强健术）"
cn_3572,"魔法卷轴（加速术）"
cn_3573,"魔法卷轴（魔法相消术）"
cn_3574,"魔法卷轴（地裂术）"
cn_3575,"魔法卷轴（烈炎术）"
cn_3576,"魔法卷轴（弱化术）"
cn_3577,"魔法卷轴（神佑武器）"
cn_3578,"神灵誓约[30天]"
cn_3579,"+6限时武器兑换券"
cn_3580,"+7限时武器兑换券"
cn_3581,"+8限时武器兑换券"
cn_3582,"+9限时武器兑换券"
cn_3583,"+10限时武器兑换券"
cn_3584,"回归奖券"
cn_3585,"伊薇特"
cn_3586,"极·冰霜剑士结晶"
cn_3587,"极·冰霜枪兵结晶"
cn_3588,"极·冰霜猎手结晶"
cn_3589,"极·冰霜巴风特结晶"
cn_3590,"极·冰霜女巫结晶"
cn_3591,"极·冰霜猎影结晶"
cn_3592,"极·冰霜剑士"
cn_3593,"极·冰霜枪兵"
cn_3594,"极·冰霜猎手"
cn_3595,"极·冰霜巴风特"
cn_3596,"极·冰霜女巫"
cn_3597,"极·冰霜猎影"
cn_3598,"回归奖券兑换券"
cn_3599,"冰霜匕首"
cn_3600,"冰霜之刃"
cn_3601,"冰霜巨剑"
cn_3602,"冰霜之矛"
cn_3603,"冰霜法杖"
cn_3604,"冰霜之弓"
cn_3605,"冰霜双刀"
cn_3606,"冰霜手甲"
cn_3607,"冰霜之爪"
cn_3608,"+11限时武器兑换券"
cn_3609,"回归高级泡点笔记·一"
cn_3610,"回归高级泡点笔记·二"
cn_3611,"特殊泡点笔记"
cn_3612,"特殊泡点福袋"
cn_3613,"吉安娜"
cn_3614,"泰德"
cn_3615,"天选抽奖券·贰"
cn_3616,"回归变形卷轴盒子"
cn_3617,"盾击"
cn_3618,"薇薇安"
cn_3619,"烈炎之刃"
cn_3620,"烈炎巨剑"
cn_3621,"巴风特魔杖"
cn_3622,"恶龙之弓"
cn_3623,"巨蚁双镰"
cn_3624,"恶龙手甲"
cn_3625,"失去魔力的烈炎之刃"
cn_3626,"失去魔力的烈炎巨剑"
cn_3627,"失去魔力的巴风特魔杖"
cn_3628,"失去魔力的恶龙之弓"
cn_3629,"失去魔力的巨蚁双镰"
cn_3630,"失去魔力的恶龙手甲"
cn_3631,"不死鸟的羽毛"
cn_3632,"暗魂甲片"
cn_3633,"海王石"
cn_3634,"龙骨"
cn_3635,"黑暗源力"
cn_3636,"安格斯"
cn_3637,"体质礼盒"
cn_3638,"精神礼盒"
cn_3639,"圣·黑暗魔狼"
cn_3640,"普通祈福宝箱"
cn_3641,"祝福祈福宝箱"
cn_3642,"古代终极治愈药剂(祝福)"
cn_3643,"终极魔能药剂(祝福)"
cn_3644,"夹心糖(祝福)"
cn_3645,"拐杖糖(祝福)"
cn_3646,"棒棒糖(祝福)"
cn_3647,"月辉之泪(祝福)"
cn_3648,"米娜[祈福使者]"
cn_3649,"极·死亡之镰结晶"
cn_3650,"极·死亡之镰"
cn_3651,"沉睡之雾"
cn_3665,"学徒"
cn_3666,"盟众"
cn_3667,"精英"
cn_3668,"守护"
cn_3669,"盟副"
cn_3670,"盟主"
cn_3671,"召唤戒指"
cn_3672,"觅兽戒指"
cn_3673,"囚兽戒指"
cn_3674,"伏兽戒指"
cn_3675,"驯兽戒指"
cn_3676,"唤兽戒指"
cn_3677,"阿尔伯特[召唤控制戒指]"
cn_3678,"觅兽碎片"
cn_3679,"囚兽碎片"
cn_3680,"伏兽碎片"
cn_3681,"驯兽碎片"
cn_3682,"唤兽碎片"
cn_3683,"防具强化卷轴（祝福）"
cn_3684,"武器强化卷轴（祝福）"
cn_3685,"蚁后巢穴"
cn_3686,"铁甲"
cn_3687,"卡尔套装"
cn_3688,"守护者戒指"
cn_3689,"邪恶德雷克"
cn_3690,"链甲"
cn_3691,"骑特拉地监"
cn_39995,"神圣牺牲"
cn_39996,"幻象术"
cn_39997,"赛季使者"
cn_39998,"劳华城堡"
cn_39999,"通往下一层（尚未开放）"
cn_40000,"侏儒小偷"
cn_40001,"哥布林小妖"
cn_40002,"致命之莲"
cn_40003,"德雷克仆从"
cn_40004,"士兵"
cn_40005,"入侵的侏儒小偷"
cn_40006,"入侵的侏儒"
cn_40007,"入侵的哥布林小妖"
cn_40008,"岛屿致命之莲"
cn_40009,"霍布哥布林扰乱者"
cn_40010,"入侵的侏儒战士"
cn_40011,"入侵的侏儒仆从"
cn_40012,"墓地之莲"
cn_40013,"无法安息的村民"
cn_40014,"入侵的兽人战士"
cn_40015,"入侵的兽人"
cn_40016,"被召唤的亡者"
cn_40017,"死食之莲"
cn_40018,"Evil Watcher"
cn_40019,"入侵的哥布林"
cn_40020,"海岸霍布哥布林"
cn_40021,"入侵的沙华鱼人"
cn_40022,"岛屿戈伦"
cn_40023,"小型岛屿蜘蛛"
cn_40024,"入侵的兽人召唤者"
cn_40025,"岛屿狼人"
cn_40026,"岛屿尸罗蜘蛛"
cn_40027,"岛屿昂哥蜘蛛"
cn_40028,"岛屿人狼"
cn_40029,"岛屿狼人战士"
cn_40030,"远征护法者"
cn_40031,"亡灵剑士"
cn_40032,"洞穴狼人"
cn_40033,"亡灵斧手"
cn_40034,"亡灵弓箭手"
cn_40035,"亡灵长矛兵"
cn_40036,"洞穴尸罗蜘蛛"
cn_40037,"洞穴戈伦"
cn_40038,"洞穴人狼"
cn_40039,"洞穴昂哥蜘蛛"
cn_40040,"亡灵法师"
cn_40041,"邪恶之眼"
cn_40042,"弱化骷髅剑士"
cn_40043,"弱化骷髅斧手"
cn_40044,"弱化骷髅长矛手"
cn_40045,"弱化骷髅弓箭手"
cn_40046,"弱化骷髅法师"
cn_40047,"人形僵尸"
cn_40048,"食尸鬼"
cn_40049,"护法者"
cn_40050,"食人魔"
cn_40051,"鲁弗斯[收集]"
cn_40052,"玛西娅[鲁弗斯的助理]"
cn_40053,"新手辅助师"
cn_40054,"海伦娜[饰品商人]"
cn_40055,"食腐魔之王"
cn_40056,"地牢熊地精"
cn_40057,"骷髅剑士"
cn_40058,"骷髅斧手"
cn_40059,"骷髅长矛手"
cn_40060,"骷髅弓箭手"
cn_40061,"骷髅法师"
cn_40062,"不死剑士"
cn_40063,"不死战士"
cn_40064,"不死守卫"
cn_40065,"不死射手"
cn_40066,"不死巫师"
cn_40067,"邪恶地狱犬"
cn_40068,"远古将军"
cn_40069,"远古斧手"
cn_40070,"远古长矛手"
cn_40071,"远古弓箭手"
cn_40072,"远古法师"
cn_40073,"远古长者魔法师"
cn_40074,"守护者之眼"
cn_40075,"受诅咒的昂哥蜘蛛"
cn_40076,"受诅咒的食尸鬼"
cn_40077,"受诅咒的剑士"
cn_40078,"受诅咒的长矛手"
cn_40079,"受诅咒的弓箭手"
cn_40080,"毒刺蜘蛛"
cn_40081,"伊莉安娜[精灵晶石]"
cn_40082,"誓约书商人[封测]"
cn_40083,"远古戈伦"
cn_40084,"应许岛防卫军"
cn_40085,"凶恶的侏儒"
cn_40086,"豺狼侵略者"
cn_40087,"熊"
cn_40088,"骑士试炼导师"
cn_40089,"王族试炼导师"
cn_40090,"精灵试炼导师"
cn_40091,"法师试炼导师"
cn_40092,"守卫-维尔"
cn_40093,"守卫-塞恩"
cn_40094,"守卫-枭风"
cn_40095,"深渊魅魔"
cn_40096,"见习暗魂骑士搜捕者"
cn_40097,"见习暗魂骑士"
cn_40098,"暗魂骑士搜捕队队长"
cn_40099,"暗魂骑士搜捕者"
cn_40100,"天选者商店"
cn_40101,"精英暗黑精灵"
cn_40102,"狂暴蛇鸡兽"
cn_40103,"巨人之王：汗姆玛"
cn_40104,"巨魔霸主：布鲁斯基"
cn_40105,"嗜血狼人阿尔法"
cn_40106,"妖后随从"
cn_40107,"邪恶守卫将军"
cn_40108,"古道邪恶战士"
cn_40109,"古道邪恶守卫"
cn_40110,"古道邪恶射手"
cn_40111,"古道邪恶法师"
cn_40112,"古道邪恶暴徒"
cn_40113,"古道邪恶夜影"
cn_40114,"天选者商店（隐藏之谷专员）"
cn_40115,"万能药商人"
cn_40116,"万能药礼盒商人"
cn_40117,"德拉斯[英雄]"
cn_40118,"欧朗[友谊积分]"
cn_40119,"裁决者"
cn_40120,"裁决者（体验）"
cn_40121,"恶魔弓箭手（体验）"
cn_40122,"亨特[魔物猎人]"
cn_40123,"恶魔弓箭手（体验）"
cn_40124,"贝雷特的影子"
cn_40125,"被召唤的刀锋"
cn_40126,"暗魂骑士小队长"
cn_40127,"暗魂骑士卫兵"
cn_40128,"暗魂骑士巡守"
cn_40129,"地牢屠戮者"
cn_40130,"古道屠戮者"
cn_40131,"精灵工匠"
cn_40132,"罗尔丝"
cn_40133,"兽人重弩巡守"
cn_40134,"安杰拉[装备分解]"
cn_40135,"活动传送师"
cn_40136,"死亡骑士-经典"
cn_40137,"黑长者-贤者"
cn_40138,"冰霜猎手"
cn_40139,"裁决者-司祭"
cn_40140,"水镜蜥蜴王"
cn_40141,"变形怪"
cn_40142,"变形怪队长"
cn_40143,"水鏡昂哥蜘蛛"
cn_40144,"蛇女"
cn_40145,"巨眼怪"
cn_40146,"狐猴"
cn_40147,"小熊"
cn_40148,"达特侏儒"
cn_40149,"达特侏儒战士"
cn_40150,"达特兽人法师"
cn_40151,"达特兽人卫兵"
cn_40152,"达特兽人弓箭手"
cn_40153,"达特药师"
cn_40154,"达特狂暴欧吉"
cn_40155,"达特骑士弓箭手"
cn_40156,"小浣熊"
cn_40157,"木头人"
cn_40158,"魔物猎人工会分会会长"
cn_40159,"魔物猎人工会会长"
cn_40160,"初级狩猎凭证贩售员"
cn_40161,"中级狩猎凭证贩售员"
cn_40162,"高级狩猎凭证贩售员"
cn_40163,"动物材料收集凭证贩售员"
cn_40164,"金属材料收集凭证贩售员"
cn_40165,"宝石材料收集凭证贩售员"
cn_40166,"商人协会会长"
cn_40167,"初级狩猎委托员"
cn_40168,"中级狩猎委托员"
cn_40169,"高级狩猎委托员"
cn_40170,"皮革收集员"
cn_40171,"毒液收集员"
cn_40172,"黄金收集员"
cn_40173,"魔晶石收集员"
cn_40174,"纳诺库[变形结晶]"
cn_40175,"角色转移专员"
cn_40176,"角色接收专员"
cn_40177,"角色改名专员"
cn_40178,"琼[邪恶洞窟猎人]"
cn_40179,"伊凡娜[晶石狩猎]"
cn_40180,"塞班[出逃商人]"
cn_40181,"路西[晶石嘉奖]"
cn_40182,"秘银收集员"
cn_40183,"黑色秘银收集员"
cn_40184,"奥钢收集员"
cn_40185,"贵金属材料收集凭证贩售员"
cn_40186,"大护法：安特昂"
cn_40187,"雪豹"
cn_40188,"雪狼"
cn_40189,"达特福德农民"
cn_40190,"落魄的农民"
cn_40191,"农妇"
cn_40192,"流浪的商人"
cn_40193,"流浪汉"
cn_40194,"天启者[元素强化]（达特福德）"
cn_40195,"狂热护法者"
cn_40196,"狂热暗魂骑士"
cn_40197,"钢铁块收集员"
cn_40198,"艾伦[饰品商人]"
cn_40199,"暗夜精灵试炼导师"
cn_40200,"沙华鱼人"
cn_40201,"梭罗鱼人"
cn_40202,"寇涛鱼人"
cn_40203,"攻城蟹"
cn_40204,"莫克鱼怪"
cn_40205,"海蛞蝓"
cn_40206,"底栖魔鱼"
cn_40207,"伊西鳐鱼"
cn_40208,"库普鲁水怪"
cn_40209,"龙龟"
cn_40210,"美人鱼"
cn_40211,"突蟹龟"
cn_40212,"伊娃水母"
cn_40213,"琵琶鱼"
cn_40214,"月兔"
cn_40215,"万圣小恶魔"
cn_40216,"死亡骑士？[活动使者]"
cn_40217,"牛将军[荣耀商店]"
cn_40218,"圣诞树"
cn_40219,"雪人[活动使者]"
cn_40220,"甘伯[有奖竞猜]"
cn_40221,"牛气冲天[新春使者]"
cn_40222,"年兽·牛战士"
cn_40223,"牛哞哞[灯谜使者]"
cn_40224,"婕西[经验魔方]"
cn_40225,"海伦[经验魔方]"
cn_40226,"梦魇"
cn_40227,"亚龙尖兵"
cn_40228,"亚龙弓手"
cn_40229,"变异兽人弓手"
cn_40230,"巴风特的虚影"
cn_40231,"佣兵公会办事员"
cn_40232,"应许岛的吟游诗人"
cn_40233,"马洛斯的吟游诗人"
cn_40234,"自然之地的吟游诗人"
cn_40235,"沙棘木的吟游诗人"
cn_40236,"达特福德的吟游诗人"
cn_40237,"水淩林的吟游诗人"
cn_40238,"侏儒城堡的吟游诗人"
cn_40239,"劳华的吟游诗人"
cn_40240,"布鲁克斯 [武器店]"
cn_40241,"吉尔维格 [魔法书]"
cn_40242,"贾丝汀娜 [道具商人]"
cn_40243,"利娅 [防具店]"
cn_40244,"泰勒 [药店]"
cn_40245,"多丽丝 [装备制作]"
cn_40246,"安德鲁 [仓库]"
cn_40247,"狗"
cn_40248,"鹅"
cn_40249,"鸭"
cn_40250,"羊"
cn_40251,"布兰东"
cn_40252,"考尔德"
cn_40253,"雷纳德"
cn_40254,"谢泼德"
cn_40255,"落魄的乞丐"
cn_40256,"萝拉"
cn_40257,"海安 [仓库]"
cn_40258,"森林保卫队队长"
cn_40259,"对兽人战略小队长"
cn_40260,"边境守卫队队长"
cn_40261,"污染魔物肃清队队长"
cn_40262,"劳西安"
cn_40263,"园林传送师"
cn_40264,"沃顿"
cn_40265,"尼娜"
cn_40266,"耶鲁"
cn_40267,"精灵卫兵"
cn_40268,"伦纳德[皮革师]"
cn_40269,"肯纳德[工匠]"
cn_40270,"夏洛特[骨甲师]"
cn_40271,"朗姆"
cn_40272,"欧文"
cn_40273,"神殿侍女"
cn_40274,"妖魔村工匠"
cn_40275,"莎贝可"
cn_40276,"艾德尔"
cn_40277,"卢姆"
cn_40278,"卡古克[妖魔村仓库]"
cn_40279,"妖魔村武器商人"
cn_40280,"妖魔村防具商人"
cn_40281,"妖魔村道具商人"
cn_40282,"尤林"
cn_40283,"妖魔村魔法商人"
cn_40284,"堕落的放牧人"
cn_40285,"树人长者"
cn_40286,"多莉丝 [皮革师]"
cn_40287,"月光女神瓦尔妲"
cn_40288,"贾克斯 [工匠]"
cn_40289,"辛吉德 [炼金术士]"
cn_40290,"蘑菇怪"
cn_40291,"受污染的蘑菇怪"
cn_40292,"地灵守卫"
cn_40293,"水灵守卫"
cn_40294,"风灵守卫"
cn_40295,"火灵守卫"
cn_40296,"水母"
cn_40297,"古代铂金币商人"
cn_40298,"魔物肃清队长"
cn_40299,"弓箭队队长"
cn_40300,"侏儒悬赏官"
cn_40301,"军粮官"
cn_40302,"城镇守备队长"
cn_40303,"军备官"
cn_40304,"魔法商人"
cn_40305,"武器商人"
cn_40306,"防具商人"
cn_40307,"道具商人"
cn_40308,"裁缝与布匹商人"
cn_40309,"工匠"
cn_40310,"精灵工匠"
cn_40311,"晶石商人"
cn_40312,"大师工匠"
cn_40313,"制革师"
cn_40314,"骨甲师"
cn_40315,"污染的树人"
cn_40316,"妖魔村村长"
cn_40317,"海贼岛地监"
cn_40318,"长枪手悬赏官"
cn_40319,"侏儒悬赏官"
cn_40320,"魔物肃清队长"
cn_40321,"军备悬赏官"
cn_40322,"城镇守备队长"
cn_40323,"军备官"
cn_40324,"总军统领"
cn_40325,"暗魂骑士悬赏官"
cn_40326,"军粮官"
cn_40327,"城镇守备队长"
cn_40328,"魔物肃清队长"
cn_40329,"召唤地灵"
cn_40330,"召唤水灵"
cn_40331,"召唤风灵"
cn_40332,"召唤火灵"
cn_40333,"强力召唤地灵"
cn_40334,"强力召唤水灵"
cn_40335,"强力召唤风灵"
cn_40336,"强力召唤火灵"
cn_40337,"吉姆"
cn_40338,"马克"
cn_40339,"海贼岛杂货商人"
cn_40340,"精灵公主"
cn_40341,"元素使"
cn_40342,"诺玛尔达"
cn_40343,"迪丽娅"
cn_40344,"卡尔"
cn_40345,"兽人士兵"
cn_40346,"摆摊管理员"
cn_40347,"伍德 [仓库]"
cn_40348,"强化商人"
cn_40349,"杂货商人"
cn_40350,"装备商人"
cn_40351,"神父 [重置属性点与赎罪券]"
cn_40352,"希尔德"
cn_40353,"萨拉斯"
cn_40354,"黑暗蜘蛛"
cn_40355,"千年史莱姆"
cn_40356,"万年史莱姆"
cn_40357,"神职人员 [生命圣泉]"
cn_40358,"萨拉斯之罪"
cn_40359,"奇特的石头戈仑"
cn_40360,"卡米莉娅[魔法商人]"
cn_40361,"伊莉安娜[晶石商人]"
cn_40362,"勒夫"
cn_40363,"蚁洞调查员"
cn_40364,"怨灵"
cn_40365,"调查员"
cn_40366,"卢卡"
cn_40367,"麦基"
cn_40368,"斯温长老"
cn_40369,"布莱克"
cn_40370,"怀特"
cn_40371,"莱恩"
cn_40372,"伊俐丝"
cn_40373,"罗杰"
cn_40374,"梅尔"
cn_40375,"汉森"
cn_40376,"艾瑞克"
cn_40377,"斯蒂芬"
cn_40378,"卢娜"
cn_40379,"索尔"
cn_40380,"【警卫】"
cn_40381,"劳华古代铂金币商人"
cn_40382,"性别转换专员"
cn_40383,"卡尔的仆从"
cn_40384,"死亡骑士的仆从"
cn_40385,"巴风特的虚影"
cn_40386,"劳华小恶魔"
cn_40387,"克罗 [饰品分解]"
cn_40996,"随从导师"
cn_40997,"属性点导师"
cn_40998,"快捷键导师"
cn_40999,"装备导师"
cn_41000,"被封印的远古誓约书[30天]"
cn_41001,"被封印的远古誓约书[45天]"
cn_41002,"被封印的远古誓约书[60天]"
cn_41003,"被封印的远古誓约书[360天]"
cn_41004,"女王大人-魅魔"
cn_41005,"战场中立怪"
cn_41006,"阵营战司令官"
cn_41007,"蒂安币"
cn_41008,"南瓜灯"
cn_41009,"万圣节糖果"
cn_41010,"杀戮使者"
cn_41011,"NULL"
cn_41012,"高等魔物结晶"
cn_41013,"高等魔化结晶"
cn_41014,"变形结晶盒子"
cn_41015,"变形结晶大盒子"
cn_41016,"角色改名凭证"
cn_41017,"蓝色晶石"
cn_41018,"红色晶石"
cn_41019,"山脉通行证石盒"
cn_41020,"山脉通行证"
cn_41021,"雪地通行证石盒"
cn_41022,"雪地通行证"
cn_41023,"山脉入场资格证"
cn_41024,"雪地入场资格证"
cn_41025,"一级魔化结晶"
cn_41026,"二级魔化结晶"
cn_41027,"三级魔化结晶"
cn_41028,"草饼"
cn_41029,"牛扒"
cn_41030,"葡萄酒"
cn_41031,"烈酒"
cn_41032,"空白的羊皮纸"
cn_41033,"神奇的魔法墨水"
cn_41034,"隐藏之谷石盒（活动）"
cn_41035,"隐藏之谷通行证（活动）"
cn_41036,"战神的金币"
cn_41037,"战神的金币（祝福）"
cn_41038,"高级暗夜礼盒"
cn_41039,"角色成长礼盒"
cn_41040,"暗夜装备礼盒兑换券"
cn_41041,"隐藏之谷的小蘑菇"
cn_41042,"近战装备礼盒兑换券"
cn_41043,"高级近战礼盒"
cn_41044,"高级法师礼盒"
cn_41045,"高级精灵礼盒"
cn_41046,"中秋礼盒"
cn_41047,"法师装备礼盒兑换券"
cn_41048,"精灵装备礼盒兑换券"
cn_41049,"暗夜装备礼盒兑换券"
cn_41050,"[普通]"
cn_41051,"[特殊]"
cn_41052,"祝福强化卷轴兑换券"
cn_41053,"强化卷轴活动凭证"
cn_41054,"山脉额外入场资格证"
cn_41055,"雪地额外入场资格证"
cn_41056,"山脉额外通行盒子[5次]"
cn_41057,"山脉额外通行盒子[10次]"
cn_41058,"雪地额外通行盒子[5次]"
cn_41059,"雪地额外通行盒子[10次]"
cn_41060,"骰子匕首盒子"
cn_41061,"项链兑换凭证"
cn_41062,"项链兑换凭证（暗）"
cn_41063,"活动使者（山脉与雪地）"
cn_41064,"拐杖糖（活动道具）"
cn_41065,"圣诞抽奖奖券"
cn_41066,"经验魔方抽奖奖券"
cn_41067,"补给品礼盒"
cn_41068,"材料礼盒"
cn_41069,"藏宝图礼盒"
cn_41070,"惊喜圣诞袜"
cn_41071,"圣诞礼盒"
cn_41072,"超级冰雪棒棒糖"
cn_41073,"（限时24小时）（绑定）"
cn_41074,"（限时6小时）（绑定）"
cn_41075,"疯魔长剑"
cn_41076,"疯魔双刀"
cn_41077,"变形匕首（昂哥蜘蛛）"
cn_41078,"吸血匕首"
cn_41079,"淬毒匕首"
cn_41080,"冰冻匕首"
cn_41081,"传送石礼盒"
cn_41082,"游历商人的宝藏"
cn_41083,"布伦丹的宝藏"
cn_41084,"巴风特的宝藏"
cn_41085,"死亡骑士的宝藏"
cn_41086,"诗蔻蒂的宝藏"
cn_41087,"施伟丹的宝藏"
cn_41088,"索罗纳的宝藏"
cn_41089,"恩多的宝藏"
cn_41090,"沙漠毒蝎的宝藏"
cn_41091,"暗魂骑士队长的宝藏"
cn_41092,"德雷克的宝藏"
cn_41093,"斧钳巨蚁的宝藏"
cn_41094,"安特昂的宝藏"
cn_41095,"泥龙的宝藏"
cn_41096,"荒龙的宝藏"
cn_41097,"海王的宝藏"
cn_41098,"反王军的宝藏"
cn_41099,"被黑暗笼罩的宝藏"
cn_41100,"魔物的宝藏"
cn_41101,"魔物的珍稀宝藏"
cn_41102,"疯魔巨剑"
cn_41103,"银双手剑"
cn_41104,"补给货物"
cn_41105,"Scroll of Polymorph [Event - DK]"
cn_41106,"Scroll of Polymorph [Event - FH]"
cn_41107,"Scroll of Polymorph [Event - DS]"
cn_41108,"Scroll of Polymorph [Event - DA]"
cn_41109,"Scroll of Polymorph [Event - SQ]"
cn_41110,"Scroll of Polymorph [Event - DH]"
cn_41111,"NULL"
cn_41112,"NULL"
cn_41113,"NULL"
cn_41114,"NULL"
cn_41115,"NULL"
cn_41116,"NULL"
cn_41117,"NULL"
cn_41118,"NULL"
cn_41119,"NULL"
cn_41120,"NULL"
cn_41121,"NULL"
cn_41122,"NULL"
cn_41123,"NULL"
cn_41124,"NULL"
cn_41125,"NULL"
cn_41126,"NULL"
cn_41127,"NULL"
cn_41128,"NULL"
cn_41129,"NULL"
cn_41130,"NULL"
cn_41131,"NULL"
cn_41132,"NULL"
cn_41133,"NULL"
cn_41134,"NULL"
cn_41135,"NULL"
cn_41136,"NULL"
cn_41137,"NULL"
cn_41138,"NULL"
cn_41139,"NULL"
cn_41140,"NULL"
cn_41141,"NULL"
cn_41142,"NULL"
cn_41143,"NULL"
cn_41144,"熔岩箭矢（任务道具）"
cn_41145,"熔岩战士的腰带（任务道具）"
cn_41146,"灼热宝石（任务道具）"
cn_41147,"火狼牙（任务道具）"
cn_41148,"熔岩族的魂石（任务道具）"
cn_41149,"熔岩宝珠（任务道具）"
cn_41150,"金羊毛挖掘工具（任务道具）"
cn_41151,"金羊毛（任务道具）"
cn_41152,"天启者的信（任务道具）"
cn_41153,"地底矿石（任务道具）"
cn_41154,"火狼的毛皮（任务道具）"
cn_41155,"熔岩族的信物（任务道具）"
cn_41156,"黑暗蜘蛛的甲壳（任务道具）"
cn_41157,"兽人萨满的长袍（任务道具）"
cn_41158,"受诅咒的头盔（任务道具）"
cn_41159,"暗魂秘药（任务道具）"
cn_41160,"邪恶地狱犬的皮（任务道具）"
cn_41161,"暗魂骑士的剑（任务道具）"
cn_41162,"达特小蘑菇"
cn_41163,"隐藏之谷的古老石盒·誓（转生后）"
cn_41164,"隐藏之谷通行证·誓（转生后）"
cn_41165,"圣灵武器强化保护卷轴兑换卷"
cn_41166,"冰晶石（任务物品）"
cn_41167,"圣灵矿石（任务物品）"
cn_41168,"冰晶石护送准许证"
cn_42001,"天选专属"
cn_42003,"（体验）"
cn_42004,"水晶短剑"
cn_42005,"混沌之刺"
cn_42006,"血红欲望短剑"
cn_42007,"(诅咒)"
cn_42008,"(任务道具)"
cn_42009,"受祝福的树皮"
cn_42010,"NULL"
cn_42011,"NULL"
cn_42012,"NULL"
cn_42013,"NULL"
cn_42014,"NULL"
cn_42015,"NULL"
cn_42016,"变身卷轴-恶魔弓箭手"
cn_42017,"强力解毒药水（绑定）"
cn_42018,"解毒药水（任务道具）"
cn_42019,"阿提拉王的追随者铭牌（任务道具）"
cn_42020,"远古王之权杖（任务道具）"
cn_42021,"魔力源石（任务道具）"
cn_42022,"异变者的魂晶（任务道具）"
cn_42023,"毒牙（任务道具）"
cn_42024,"被夺的货物（任务道具）"
cn_42025,"复合矿石（任务道具）"
cn_42026,"NULL"
cn_42027,"秽石（任务道具）"
cn_42028,"影石（任务道具）"
cn_42029,"力量石（任务道具）"
cn_42030,"食人魔的心脏（任务道具）"
cn_42031,"材料（任务道具）"
cn_42032,"蚁茸（任务道具）"
cn_42033,"毒素结晶（任务道具）"
cn_42034,"NULL"
cn_42035,"蜥蜴人铭牌（任务道具）"
cn_42036,"冰之魔核（任务道具）"
cn_42037,"精灵之晶（任务道具）"
cn_42038,"精灵之晶（任务道具）"
cn_42039,"精灵之晶（任务道具）"
cn_42040,"珍珠铲Ⅰ（任务道具）"
cn_42041,"珍珠铲Ⅱ（任务道具）"
cn_42042,"珍珠铲Ⅲ（任务道具）"
cn_42043,"珍珠铲Ⅳ（任务道具）"
cn_42044,"珍珠粉（任务道具）"
cn_42045,"魔力能量宝石（任务道具）"
cn_42046,"卫兵令牌（任务道具）"
cn_42047,"羊肉（任务道具）"
cn_42048,"兽人军团名单（任务道具）"
cn_42049,"兽人军事布防图（任务道具）"
cn_42050,"黑暗之晶（任务道具）"
cn_42051,"图腾（任务道具）"
cn_42052,"珍珠（任务道具）"
cn_42053,"元素石（任务道具）"
cn_42054,"法师的玉（任务道具）"
cn_42055,"腐烂的肉（任务道具）"
cn_42056,"兽人的血（任务道具）"
cn_42057,"暗黑精灵的箭（任务道具）"
cn_42058,"古老的地图（任务道具）"
cn_42059,"英雄凭证"
cn_42060,"动物的毛皮"
cn_42061,"皮革"
cn_42062,"暗魂骑士之剑（任务道具）"
cn_42063,"贝雷特影子的法杖（任务道具）"
cn_42064,"地牢屠戮者的长矛（任务道具）"
cn_42065,"古道屠戮者的长矛（任务道具）"
cn_42066,"骑士的证明（任务道具）"
cn_42067,"精灵的证明（任务道具）"
cn_42068,"法师的证明（任务道具）"
cn_42069,"王族的证明（任务道具）"
cn_42070,"骑士的证明"
cn_42071,"精灵的证明"
cn_42072,"法师的证明"
cn_42073,"王族的证明"
cn_42074,"装备魔晶石"
cn_42075,"介绍信（任务道具）"
cn_42076,"初级狩猎凭证"
cn_42077,"中级狩猎凭证"
cn_42078,"高级狩猎凭证"
cn_42079,"动物材料收集凭证"
cn_42080,"金属材料收集凭证"
cn_42081,"宝石材料收集凭证"
cn_42082,"马洛斯地监深处魔物的信息（任务道具）"
cn_42083,"妖魔地区兽人的信息（任务道具）"
cn_42084,"稀有魔物的信息（任务道具）"
cn_42085,"特殊魔物的信息（任务道具）"
cn_42086,"马洛斯地监魔物的信息（任务道具）"
cn_42087,"贵金属材料收集凭证"
cn_42088,"巴塔[道具店]的情报（任务道具）"
cn_42089,"新手辅助师的情报（任务道具）"
cn_42090,"塔卡[仓库]的情报（任务道具）"
cn_42091,"服务生[旅店]的情报（任务道具）"
cn_42092,"路西[晶石嘉奖]的情报（任务道具）"
cn_42093,"天启者的情报（任务道具）"
cn_42094,"间谍的报告书（任务道具）"
cn_42095,"神秘法师的书信（任务道具）"
cn_42096,"神秘法师的书信"
cn_42097,"装着情报的盒子（任务道具）"
cn_42098,"情报汇总（任务道具）"
cn_42099,"给斯温的阔剑（任务道具）"
cn_42100,"斯温用旧的长剑（任务道具）"
cn_42101,"破碎的红色晶石（任务道具）"
cn_42102,"暗魂骑士团的情报（任务道具）"
cn_42103,"间谍的报告书（任务道具）"
cn_42104,"异变者的魂晶（任务道具）"
cn_42105,"特殊二级暗夜魔石（任务道具）"
cn_42106,"精英侏儒的信物（任务道具）"
cn_42107,"树人的枝叶（任务道具）"
cn_42108,"被夺的货物（任务道具）"
cn_42109,"指引地图（任务道具）"
cn_42110,"火魂核心（任务道具）"
cn_42111,"火山草（任务道具）"
cn_42112,"极奥的厚皮（任务道具）"
cn_42113,"火山蘑菇（任务道具）"
cn_42114,"火山矿石（任务道具）"
cn_42115,"火山灰（任务道具）"
cn_42116,"坚实之种（任务道具）"
cn_42117,"黑魔法的碎片（任务道具）"
cn_42118,"炎珀原石（任务道具）"
cn_42119,"魔法铲子（任务道具）"
cn_42120,"灵草（任务道具）"
cn_42121,"支援物资（任务道具）"
cn_42122,"支援凭证（任务道具）"
cn_42123,"劳华骑士委托凭证1（任务道具）"
cn_42124,"空白卡片"
cn_42125,"记录着奇怪信息的卷轴（任务道具）"
cn_42126,"狮鹫的利爪（任务道具）"
cn_42127,"劳华骑士委托凭证2（任务道具）"
cn_42128,"劳华骑士委托凭证3（任务道具）"
cn_42129,"泡点奖章盒子"
cn_42130,"泡点奖章"
cn_42131,"魔法碎片"
cn_42132,"海蛞蝓的黏液（任务道具）"
cn_42133,"库普鲁水怪的触须（任务道具）"
cn_42134,"美人鱼的鳞片（任务道具）"
cn_42135,"龙龟的甲壳碎块（任务道具）"
cn_42136,"树人的果实（任务道具）"
cn_42137,"极奥的獠牙（任务道具）"
cn_42138,"冷却了的熔岩石（任务道具）"
cn_42139,"熔岩巨人之心（任务道具）"
cn_42140,"梦魇的利爪（任务道具）"
cn_42141,"亚龙的鳞片（任务道具）"
cn_42142,"独眼巨人之心（任务道具）"
cn_42143,"豺狼人的毛皮（任务道具）"
cn_42144,"恶魔长者的法杖（任务道具）"
cn_42145,"怨念之核（任务道具）"
cn_42146,"变形卷轴"
cn_42147,"变形卷轴（绑定）"
cn_42148,"变身卷轴-死亡骑士"
cn_42149,"变身卷轴-冰霜猎手"
cn_42150,"银钉皮套装"
cn_42151,"银钉皮背心"
cn_42152,"银钉皮帽"
cn_42153,"银钉皮盾"
cn_42154,"银钉皮凉鞋"
cn_42155,"钢铁金属铠甲"
cn_42156,"钢铁金属头盔"
cn_42157,"钢铁金属手套"
cn_42158,"钢铁金属长靴"
cn_42159,"钢铁金属盾牌"
cn_42160,"法师套装"
cn_42162,"精灵长剑"
cn_42163,NULL
cn_42164,"被诅咒的魔法书"
cn_42165,"紫炎之剑"
cn_42166,"赤炎之刃"
cn_42167,"王权"
cn_42168,"青炎之弓"
cn_42169,"骷髅盔甲【赛季】"
cn_42170,"骷髅头盔【赛季】"
cn_42171,"骷髅盾牌【赛季】"
cn_42172,NULL
cn_42173,NULL
cn_42174,"精灵金属铠甲"
cn_43000,"初心者防具强化卷轴"
cn_43001,"初心者武器强化卷轴"
cn_43002,"初心者装备强化魔矿石"
cn_43003,"强力邪恶者魂晶"
cn_43004,"昆虫的唾液（任务道具）"
cn_43005,"戈伦的碎片"
cn_43006,"强力邪恶者魂晶"
cn_43007,"古战场遗物"
cn_43008,"狼牙"
cn_43009,"破损的图腾"
cn_43010,"图腾"
cn_43011,"古老的图腾（任务道具）"
cn_43012,"奥钢"
cn_43013,"水之贤者的衣物"
cn_43014,"风之贤者的衣物"
cn_43015,"土之贤者的衣物"
cn_43016,"绯红布匹"
cn_43017,"巨蝎的毒液"
cn_43018,"玛娜魔石"
cn_43019,"龙鳞"
cn_43020,"骑士徽章"
cn_43021,"失去魔力的布伦丹之剑"
cn_43022,"月牙之枝"
cn_43023,"失去魔力的巴风特之杖"
cn_43024,"损坏的巨人棍棒"
cn_43025,"防御耳饰兑换券1（限时）"
cn_43026,"防御耳饰兑换券2（限时）"
cn_43027,"防御耳饰兑换券3（限时）"
cn_43029,"免费住宿券"
cn_43030,"友谊积分"
cn_43031,"1级火之源晶"
cn_43032,"2级火之源晶"
cn_43033,"3级火之源晶"
cn_43034,"4级火之源晶"
cn_43035,"5级火之源晶"
cn_43036,"1级水之源晶"
cn_43037,"2级水之源晶"
cn_43038,"3级水之源晶"
cn_43039,"4级水之源晶"
cn_43040,"5级水之源晶"
cn_43041,"1级风之源晶"
cn_43042,"2级风之源晶"
cn_43043,"3级风之源晶"
cn_43044,"4级风之源晶"
cn_43045,"5级风之源晶"
cn_43046,"1级土之源晶"
cn_43047,"2级土之源晶"
cn_43048,"3级土之源晶"
cn_43049,"4级土之源晶"
cn_43050,"5级土之源晶"
cn_43051,"火属性矿石"
cn_43052,"水属性矿石"
cn_43053,"风属性矿石"
cn_43054,"土属性矿石"
cn_43055,"阿普顿的制作证书"
cn_43056,"损坏的暗魂骑士弯刀"
cn_43057,"加拉哈德的圣物"
cn_43058,"泥龙的鳞片"
cn_43059,"深色布匹"
cn_43060,"武卷礼盒（10张）"
cn_43061,"防卷礼盒（10张）"
cn_43062,"饰卷礼盒（10张）"
cn_43063,"荒龙的鳞片"
cn_43064,"海王的鳞片"
cn_43065,"武卷礼盒（5张）"
cn_43066,"防卷礼盒（5张）"
cn_43067,"饰卷礼盒（5张）"
cn_43068,"装保卷礼盒（金币）"
cn_43069,"装保卷礼盒（英雄纹章）"
cn_43070,"祝福武卷礼盒（金币）"
cn_43071,"祝福武卷礼盒（英雄纹章）"
cn_43072,"祝福防卷礼盒（金币）"
cn_43073,"祝福防卷礼盒（英雄纹章）"
cn_43074,"横扫千军"
cn_43075,"耐热的铁链（任务道具）"
cn_43076,"侏儒补给物资（任务道具）"
cn_43077,"侏儒补给凭证（任务道具）"
cn_43078,"伏尔坎的祝福"
cn_43079,"毛发"
cn_43080,"植物的汁液"
cn_43081,"秘银矿石"
cn_43082,"恶魔之痕"
cn_43083,"摆摊许可证"
cn_43084,"精灵之泪"
cn_43085,"浓缩的史莱姆胃液"
cn_43086,"欧吉之血"
cn_44000,"匕首"
cn_44001,"初心者长剑"
cn_44002,"银制长剑"
cn_44003,"骑士之剑"
cn_44004,"精灵细剑"
cn_44005,"精钢大剑"
cn_44006,"骑士长之剑"
cn_44007,"亚瑟王的圣剑（赝品）"
cn_44008,"反王统帅之剑"
cn_44009,"龙鳞剑"
cn_44010,"弓"
cn_44011,"初心者之弓"
cn_44012,"精灵弓"
cn_44013,"精灵长弓"
cn_44014,"朽木之弓"
cn_44015,"月牙"
cn_44016,"樊迪之弓"
cn_44017,"法杖"
cn_44018,"初心者魔杖"
cn_44019,"法力魔杖"
cn_44020,"银制法力魔杖"
cn_44021,"黄金权杖"
cn_44022,"NULL"
cn_44023,"伊娃之杖"
cn_44024,"巴风特的诅咒"
cn_44025,"王家匕首"
cn_44026,"初心者流星锤"
cn_44027,"战锤"
cn_44028,"巨人棍棒"
cn_44029,"钨钢巨斧"
cn_44030,"斩矛"
cn_44031,"兽人之矛"
cn_44032,"精灵匕首"
cn_44033,"精灵秘银匕首"
cn_44034,"短剑"
cn_44035,"初心者双刀"
cn_44036,"妖魔双刀"
cn_44037,"红月双刀"
cn_44038,"暗影无双（限时）"
cn_44039,"暗影无双"
cn_44040,"爪"
cn_44041,"精钢利爪"
cn_44042,"深渊利爪"
cn_44043,"初心者手甲"
cn_44044,"精钢手甲"
cn_44045,"黄金手甲"
cn_44046,"深渊手甲（限时）"
cn_44047,"深渊手甲"
cn_44048,"NULL"
cn_44049,"手甲"
cn_44050,"冥想魔杖"
cn_44051,"巫术魔法杖"
cn_44052,"深红长矛"
cn_44053,"毁灭巨剑"
cn_44054,"放牧人之角"
cn_44055,"秘银之角"
cn_44056,"奥钢之角"
cn_44057,"NULL"
cn_45000,"老旧的皮甲"
cn_45001,"初心者皮甲"
cn_45002,"初心者法袍"
cn_45003,"初心者盔甲"
cn_45004,"骨甲"
cn_45005,"亚瑟王的铠甲（赝品）"
cn_45006,"精钢铠甲"
cn_45007,"骑士长铠甲"
cn_45008,"死亡骑士盔甲"
cn_45009,"精灵秘银链甲"
cn_45010,"精灵秘银战铠"
cn_45011,"索罗纳的法袍"
cn_45012,"初心者尖刺皮甲"
cn_45013,"潜行者刺甲"
cn_45014,"龙鳞甲"
cn_45015,"蓝海贼皮盔甲"
cn_45500,"老旧的皮帽"
cn_45501,"初心者皮帽"
cn_45502,"骨盔"
cn_45503,"体质头盔"
cn_45504,"精钢头盔"
cn_45505,"骑士长头盔"
cn_45506,"死亡骑士之盔"
cn_45507,"敏捷头盔"
cn_45508,"精灵长老之盔"
cn_45509,"精灵游侠头盔"
cn_45510,"斯韦丹之帽"
cn_45511,"恩多之帽"
cn_45512,"破损的治愈之盔"
cn_45513,"治愈之盔"
cn_45514,"破损的力量之盔"
cn_45515,"力量之盔"
cn_45516,"巫师帽"
cn_45517,"潜行者头巾"
cn_45518,"蓝海贼头巾"
cn_45519,"黑长者长袍"
cn_45520,"武官头盔"
cn_45521,"卡尔的盔甲"
cn_45522,"卡尔的头盔"
cn_45523,"卡尔的手套"
cn_45524,"卡尔的长靴"
cn_45525,"武官手套"
cn_45526,"神官手套"
cn_45527,"神官头盔"
cn_45528,"瓦尔妲的祝福"
cn_46000,"老旧的披风"
cn_46001,"初心者披风"
cn_46002,"王者之风"
cn_46003,"反抗军披风"
cn_46004,"法力披风"
cn_46005,"守护者披风"
cn_46006,"游历者披风"
cn_46007,"骑士长披风"
cn_46008,"游侠披风"
cn_46009,"智者披风"
cn_46010,"初心者单肩披风"
cn_46011,"秘银披风"
cn_46012,"初心者暗影披風"
cn_46013,"潜行者披风"
cn_46014,"火之斗篷"
cn_46500,"老旧的衬衫"
cn_46501,"初心者衬衫"
cn_46502,"魔法抗性衬衫"
cn_46503,"潜行服"
cn_46504,"精灵秘银衬衫"
cn_47000,"老旧的手套"
cn_47001,"初心者皮手套"
cn_47002,"高级皮手套"
cn_47003,"精钢手套"
cn_47004,"敏捷手套"
cn_47005,"精灵游侠手套"
cn_47006,"骑士长护手"
cn_47007,"无畏骑士手套"
cn_47008,"巫师手套"
cn_47009,"潜行者护手"
cn_47010,"风灵手套"
cn_47011,"蓝海贼手套"
cn_47500,"老旧的皮靴"
cn_47501,"初心者皮靴"
cn_47502,"防御长靴"
cn_47503,"抵抗长靴"
cn_47504,"精钢长靴"
cn_47505,"骑士长护腿"
cn_47506,"精灵游侠护腿"
cn_47507,"巫师长靴"
cn_47508,"潜行者护腿"
cn_47509,"深海长靴"
cn_47510,"蓝海贼长靴"
cn_47511,"精灵衬衫"
cn_48000,"初心者圆盾"
cn_48001,"初心者大盾"
cn_48002,"骨盾"
cn_48003,"反抗军之盾"
cn_48004,"精钢盾牌"
cn_48005,"魔法抵御之盾"
cn_48006,"骑士长大盾"
cn_48007,"力量之盾"
cn_48501,"英雄项链Lv.1"
cn_48502,"英雄项链Lv.2"
cn_48503,"英雄项链Lv.3"
cn_48504,"力·英雄项链Lv.4"
cn_48505,"魔·英雄项链Lv.4"
cn_48506,"敏·英雄项链Lv.4"
cn_48507,"力·英雄项链Lv.5"
cn_48508,"魔·英雄项链Lv.5"
cn_48509,"敏·英雄项链Lv.5"
cn_48510,"力·英雄项链Lv.6"
cn_48511,"魔·英雄项链Lv.6"
cn_48512,"敏·英雄项链Lv.6"
cn_48513,"巴西利斯克之眼"
cn_48514,"毅·英雄项链Lv.4"
cn_48515,"暗·英雄项链Lv.4"
cn_48516,"毅·英雄项链Lv.5"
cn_48517,"暗·英雄项链Lv.5"
cn_48518,"毅·英雄项链Lv.6"
cn_48519,"暗·英雄项链Lv.6"
cn_48520,"力·英雄项链Lv.7"
cn_48521,"魔·英雄项链Lv.7"
cn_48522,"敏·英雄项链Lv.7"
cn_48523,"毅·英雄项链Lv.7"
cn_48524,"暗·英雄项链Lv.7"
cn_48600,"封测纪念强者腰带[限定]"
cn_48601,"巨人腰帶"
cn_48602,"游侠腰带"
cn_48603,"强袭腰带"
cn_48604,"奥钢腰带"
cn_48700,"封测纪念强者戒指[限定]"
cn_48701,"传送控制戒指"
cn_48702,"守护者戒指"
cn_48703,"封测纪念戒指"
cn_48704,"玛娜魔戒"
cn_48705,"英雄指环"
cn_48706,"英雄指环Lv.2"
cn_48707,"英雄指环Lv.3"
cn_48708,"力·英雄指环Lv.4"
cn_48709,"魔·英雄指环Lv.4"
cn_48710,"敏·英雄指环Lv.4"
cn_48711,"毅·英雄指环Lv.4"
cn_48800,"封测纪念强者耳环[限定]"
cn_48801,"星之耳饰"
cn_48802,"月之耳饰"
cn_48803,"日之耳饰"
cn_48804,"玛娜耳饰"
cn_48805,"新手防御耳饰（限时）"
cn_48806,"防御耳饰"
cn_48807,"黄金耳饰"
cn_48808,"生命耳饰（牛年限定）"
cn_48850,"绿宝石耳环"
cn_48851,"蓝宝石耳环"
cn_48852,"红宝石耳环"
cn_49001,"初心者敏捷套装"
cn_49002,"初心者防御套装"
cn_49003,"骨头套装"
cn_49004,"初心者魔力套装"
cn_49005,"精钢套装"
cn_49006,"精灵游侠套装"
cn_49007,"亚瑟王的后裔"
cn_49008,"骑士长套装"
cn_49009,"巫师套装"
cn_49010,"屠龙套装"
cn_49011,"牛年限定套装Lv.4"
cn_49012,"牛年限定套装Lv.7"
cn_49013,"蓝海贼套装"
cn_49014,"力·英雄指环Lv.5"
cn_49015,"魔·英雄指环Lv.5"
cn_49016,"敏·英雄指环Lv.5"
cn_49017,"毅·英雄指环Lv.5"
cn_49018,"保护者手套"
cn_50000,"红宝石"
cn_50001,"蓝宝石"
cn_50002,"绿宝石"
cn_50003,"鱼人的魂晶（任务道具）"
cn_50004,"兽人召唤者的法杖（任务道具）"
cn_50005,"致命之莲的花瓣（任务道具）"
cn_50006,"致命之莲的花籽（任务道具）"
cn_50007,"德雷克的力量结晶（任务道具）"
cn_50008,"致命之莲的枝叶（任务道具）"
cn_50009,"梅林写给高文的信。"
cn_50010,"水镜蜥蜴王的肉，营养丰富，口感劲道。"
cn_50011,"字迹潦草的信，看不清楚写了什么。"
cn_50012,"蛇女的毒素凝结而成的结晶体。"
cn_50013,"巨眼怪的体液，有特殊的药用价值。"
cn_50014,"变形怪体内控制变形的核心。"
cn_50015,"特殊的解毒药剂，能解除蛇女的毒素。"
cn_50016,"只镜子森林的怪物体内生成的特殊结晶体。"
cn_50017,"很旧的雕像，是为了纪念守护水淩林而牺牲的骑士而制作的。"
cn_50018,"鱼人身上的鳞片，很结实。"
cn_50019,"用于表彰为水淩林作出贡献之人的勋章。"
cn_50020,"美人鱼体内的结晶体，传说是美人鱼的泪水凝结而成的。"
cn_50021,"海蛞蝓体内的膏状物体，有很多用途。"
cn_50022,"在海底魔物体内聚合的带有魔力的矿石。"
cn_50023,"伊娃守护者试炼的指示地图。"
cn_50024,"用于支援海底探险者的物资。"
cn_50025,"受支援的海底探险者表达感谢的凭证。"
cn_50026,"用于制作特殊解毒药剂的材料。"
cn_50027,"用于修理铸剑炉的材料。"
cn_50028,"伊娃守护者出售的支援准许证。\n进行海底支援任务时，需要提交一个支援准许证才能继续进行任务。"
cn_50029,"皮革"
cn_50030,"高级皮革"
cn_50999,"NULL"
cn_51000,"不死者的魂石（任务道具）"
cn_51001,"腐肉（任务道具）"
cn_51002,"食人魔的心脏（任务道具）"
cn_51003,"骷髅骨头（任务道具）"
cn_51004,"库洛碎片"
cn_51005,"库洛精华"
cn_51006,"灵魂结晶"
cn_51007,"强力解毒药水"
cn_51008,"线"
cn_51009,"动物的骨头"
cn_51010,"树皮"
cn_51999,"NULL"
cn_52000,"邪恶魂石（任务道具）"
cn_52001,"破皮革（任务道具）"
cn_52002,"欧吉的心脏（任务道具）"
cn_52003,"弱化邪恶魂晶（任务道具）"
cn_52004,"动物的骨头"
cn_52005,"骨粉"
cn_52006,"邪恶结晶（任务道具）"
cn_52007,"强力解毒药水"
cn_52008,"魔鬼的契约"
cn_52009,"守护证明"
cn_53000,"木头人的残骸（任务道具）"
cn_53001,"木头人的残骸（任务道具）"
cn_53002,"新鲜的沙拉（限时·任务道具）"
cn_53003,"斯温的绿宝石（任务道具）"
cn_53004,"棍棒（任务道具）"
cn_53005,"棍棒（任务道具）"
cn_53006,"暗魂骑士徽章（任务道具）"
cn_53007,"暗魂骑士徽章（任务道具）"
cn_53008,"上好的魔眼之肉（任务道具）"
cn_53009,"上好的魔眼之肉（任务道具）"
cn_53010,"火藤（任务道具）"
cn_53011,"火藤（任务道具）"
cn_53016,"木头人的残骸（任务道具）"
cn_53017,"木头人的残骸（任务道具）"
cn_53018,"木头人的残骸（任务道具）"
cn_53019,"木头人的残骸（任务道具）"
cn_53020,"粮食（任务道具）"
cn_53021,"邪恶结晶（任务道具）"
cn_53022,"邪恶结晶（任务道具）"
cn_53023,"魔戒（任务道具）"
cn_53024,"棍棒（任务道具）"
cn_53025,"棍棒（任务道具）"
cn_53026,"魔晶碎片（任务道具）"
cn_53027,"魔晶碎片（任务道具）"
cn_53028,"破碎的图腾（任务道具）"
cn_53029,"破碎的图腾（任务道具）"
cn_53030,"污染植物组织（任务道具）"
cn_53031,"污染植物组织（任务道具）"
cn_53032,"破烂的皮革（任务道具）"
cn_53033,"破烂的皮革（任务道具）"
cn_53034,"蜥蜴人铭牌（任务道具）"
cn_53035,"毒箭（任务道具）"
cn_53036,"蜥蜴人铭牌（任务道具）"
cn_53037,"侏儒的信物（任务道具）"
cn_53038,"侏儒的信物（任务道具）"
cn_53039,"侏儒的皮革（任务道具）"
cn_53040,"侏儒的皮革（任务道具）"
cn_53041,"蜥蜴皮（任务道具）"
cn_53042,"蜥蜴皮（任务道具）"
cn_53043,"兽人法师的信物（任务道具）"
cn_53044,"魔化兽人战士的信物（任务道具）"
cn_53045,"兽人重弩手的信物（任务道具）"
cn_53046,"兽人卫兵的信物（任务道具）"
cn_53047,"暗魂骑士的情报（任务道具）"
cn_53048,"暗魂骑士的情报（任务道具）"
cn_53049,"生命卷轴（任务道具）"
cn_53050,"带有奇怪符号的卷轴（任务道具）"
cn_53051,"奇怪的石头（任务道具）"
cn_53052,"毒箭（任务道具）"
cn_53053,"见习暗魂骑士的情报（任务道具）"
cn_53054,"魔戒（任务道具）"
cn_53055,"兽人图腾"
cn_53056,"暗魂骑士之剑"
cn_53057,"暗魂骑士之剑"
cn_53058,"褐色结晶"
cn_53059,"褐色结晶"
cn_53060,"熊皮"
cn_53061,"熊皮"
cn_53062,"被封印的卷轴"
cn_53063,"蜘蛛丝"
cn_53064,"欧吉的血液"
cn_53065,"解咒药水"
cn_53066,"吉姆的感谢信"
cn_53067,"精灵的宝物"
cn_53068,"指定传送卷轴（密室）"
cn_53069,"不稳定的卷轴"
cn_53070,"指定传送卷轴（密室）"
cn_53071,"指定传送卷轴（密室）"
cn_53072,"指定传送卷轴（密室）"
cn_53073,"指定传送卷轴（密室）"
cn_53074,"神秘的水晶球"
cn_53075,"昆虫的唾液"
cn_53076,"残缺的魔杖"
cn_53077,"蕴含魔力的碎片"
cn_53078,"熊皮"
cn_53079,"乔治将军的信物（任务道具）"
cn_53080,"瓦尔妲的信物（任务道具）"
cn_53081,"斯温的信物（任务道具）"
cn_53082,"希尔德的长笛"
cn_53083,"注入魔力的长笛"
cn_53084,"怨念之核"
cn_53085,"变形怪的血液"
cn_53086,"古代魔物志"
cn_53087,"暗魂骑士的情报"
cn_53088,"残缺的调查簿"
cn_53089,"调查簿的缺页"
cn_53090,"完整的调查簿"
cn_53091,"魔法师的长袍"
cn_53092,"线索图1"
cn_53093,"线索图2"
cn_53094,"线索图3"
cn_53095,"卢卡的宝藏"
cn_53096,"王族徽章"
cn_53097,"蝎子皮"
cn_53098,"王族徽章的相关记载"
cn_53099,"王族徽章"
cn_53100,"王族徽章"
cn_53101,"点券"
cn_54000,"治愈药水（绑定）"
cn_54001,"强力治愈药水（绑定）"
cn_54002,"终极治愈药水（绑定）"
cn_54003,"治愈药水"
cn_54004,"强力治愈药水"
cn_54005,"终极治愈药水"
cn_54006,"勇敢药水"
cn_54008,"魔眼之肉"
cn_54009,"奥钢"
cn_54010,"世界树的树枝"
cn_54011,"恶魔气息"
cn_54012,"勇敢果实"
cn_54013,"慎重药水"
cn_54014,"摆摊许可证"
cn_54015,"精灵羽翼"
cn_54016,"世界树之果"
cn_54017,"放牧人之笛"
cn_54018,"一级空白魔法卷轴"
cn_54019,"二级空白魔法卷轴"
cn_54020,"三级空白魔法卷轴"
cn_54021,"四级空白魔法卷轴"
cn_54022,"五级空白魔法卷轴"
cn_54023,"潜能激活药水"
cn_54024,"六级空白魔法卷轴"
cn_54025,"变身卷轴"
cn_54026,"变身卷轴（绑定）"
cn_54027,"马洛斯至劳华城镇传送卷轴"
cn_54028,"劳华地区至劳华城镇传送卷轴"
cn_54029,"赎罪券"
cn_54030,"浓缩治愈药水（绑定）"
cn_54031,"浓缩强力治愈药水（绑定）"
cn_54032,"浓缩终极治愈药水（绑定）"
cn_54033,"浓缩治愈药水"
cn_54034,"浓缩强力治愈药水"
cn_54035,"浓缩终极治愈药水"
cn_54036,"浓缩治愈药水礼盒（绑定）"
cn_54037,"浓缩强力治愈药水礼盒（绑定）"
cn_54038,"浓缩终极治愈药水礼盒（绑定）"
cn_54039,"点燃"
cn_54040,"英雄药水（绑定）"
cn_54041,"NULL"
cn_54042,"NULL"
cn_54043,"NULL"
cn_54044,"NULL"
cn_54045,"NULL"
cn_54046,"NULL"
cn_54047,"NULL"
cn_54048,"NULL"
cn_54049,"经验魔方（绑定）"
cn_54050,"精灵饼干"
cn_54051,"魔力残渣"
cn_54052,"充满魔力的碎片"
cn_54999,"NULL"
cn_55000,"亡灵剑士"
cn_55001,"亡灵斧手"
cn_55002,"亡灵弓箭手"
cn_55003,"亡灵长矛手"
cn_55004,"亡灵法师"
cn_55005,"弱化骷髅剑士"
cn_55006,"弱化骷髅斧手"
cn_55007,"弱化骷髅长矛手"
cn_55008,"弱化骷髅弓箭手"
cn_55009,"弱化骷髅法师"
cn_55010,"骷髅剑士"
cn_55011,"骷髅斧手"
cn_55012,"骷髅长矛手"
cn_55013,"骷髅弓箭手"
cn_55014,"骷髅法师"
cn_55015,"不死剑士"
cn_55016,"不死战士"
cn_55017,"不死守卫"
cn_55018,"不死射手"
cn_55019,"不死巫师"
cn_55020,"远古将军"
cn_55021,"远古斧手"
cn_55022,"远古长矛手"
cn_55023,"远古弓箭手"
cn_55024,"远古法师"
cn_55025,"受诅咒的剑士"
cn_55026,"受诅咒的长矛手"
cn_55027,"受诅咒的弓箭手"
cn_55028,"人形僵尸"
cn_55029,"食人魔"
cn_55030,"嗜血食人魔"
cn_55031,"食尸鬼"
cn_55032,"食腐魔"
cn_55033,"食腐魔之王"
cn_55034,"被召唤的亡者"
cn_55035,"无法安息的村民"
cn_55036,"受诅咒的食尸鬼"
cn_55037,"狂暴食人魔"
cn_55038,"黑暗骷髅剑士"
cn_55039,"黑暗骷髅射手"
cn_55040,"黑暗骷髅法师"
cn_55041,"黑暗骷髅将军"
cn_55042,"狂暴食人魔长老"
cn_55043,"兽人僵尸"
cn_55044,"黑暗骷髅信徒"
cn_55045,"深渊骷髅剑士"
cn_55046,"深渊骷髅弓箭手"
cn_55047,"深渊骷髅法师"
cn_55048,"弱化魅魔"
cn_55049,"弱化魅魔妖后"
cn_55499,"NULL"
cn_55500,"腐肉（任务道具）"
cn_55999,"NULL"
cn_56000,"见习邪恶剑士"
cn_56001,"见习邪恶斧手"
cn_56002,"见习邪恶弓箭手"
cn_56003,"见习邪恶长矛兵"
cn_56004,"见习邪恶法师"
cn_56005,"弱化邪恶剑士"
cn_56006,"弱化邪恶斧手"
cn_56007,"弱化邪恶长矛手"
cn_56008,"弱化邪恶弓箭手"
cn_56009,"弱化邪恶法师"
cn_56010,"邪恶剑士"
cn_56011,"邪恶斧手"
cn_56012,"邪恶长矛手"
cn_56013,"邪恶弓箭手"
cn_56014,"邪恶法师"
cn_56015,"精英邪恶剑士"
cn_56016,"精英邪恶战士"
cn_56017,"精英邪恶守卫"
cn_56018,"精英邪恶射手"
cn_56019,"精英邪恶巫师"
cn_56020,"远古邪恶将军"
cn_56021,"远古邪恶斧手"
cn_56022,"远古邪恶长矛手"
cn_56023,"远古邪恶弓箭手"
cn_56024,"远古邪恶法师"
cn_56025,"受诅咒的邪恶剑士"
cn_56026,"受诅咒的邪恶长矛手"
cn_56027,"受诅咒的邪恶弓箭手"
cn_56028,"邪恶堕落者"
cn_56029,"欧吉"
cn_56030,"嗜血欧吉"
cn_56031,"邪恶暴徒"
cn_56032,"邪恶异变者"
cn_56033,"邪恶异变者之王"
cn_56034,"弱化的邪恶暴徒"
cn_56035,"弱化的邪恶堕落者"
cn_56036,"受诅咒的邪恶暴徒"
cn_56037,"狂暴欧吉"
cn_56038,"黑暗邪恶剑士"
cn_56039,"黑暗邪恶射手"
cn_56040,"黑暗邪恶法师"
cn_56041,"黑暗邪恶将军"
cn_56042,"狂暴欧吉长老"
cn_56043,"邪恶兽人堕落者"
cn_56044,"黑暗邪恶信徒"
cn_56045,"深渊邪恶剑士"
cn_56046,"深渊邪恶弓箭手"
cn_56047,"深渊邪恶法师"
cn_56048,"死亡之镰"
cn_56049,"渣渣死亡骑士"
cn_56050,"渣渣巴风特"
cn_56051,"渣渣沙漠毒蠍"
cn_56052,"渣渣德雷克"
cn_56053,"暗黑长枪手"
cn_56054,"火龙女"
cn_56055,"巨型侏儒侍卫"
cn_56056,"牛头人"
cn_56057,"暗黑弓箭手"
cn_56058,"泡点小姐姐"
cn_56059,"伊莎贝拉[元素矿石]"
cn_56060,"进阶职业试炼"
cn_56061,"Death Knight Classic"
cn_56062,"Illusion of Death Knight Classic"
cn_56063,"Messenger of Death Knight"
cn_56064,"Frost Hunter"
cn_56065,"Illusion of Frost Hunter"
cn_56066,"Messenger of Frost Hunter"
cn_56067,"Dark Sage"
cn_56068,"Illusion of Dark Sage"
cn_56069,"Messenger of Dark Sage"
cn_56070,"Demonic Aribter"
cn_56071,"Illusion of Demonic Aribter"
cn_56072,"Messenger of Demonic Aribter"
cn_56073,"Succubus Queen Classic"
cn_56074,"Illusion of Succubus Queen Classic"
cn_56075,"Messenger of Succubus Queen Classic"
cn_56076,"Succubus Queen Classic"
cn_56077,"Illusion of Succubus Queen Classic"
cn_56078,"Messenger of Succubus Queen Classic"
cn_56079,"弱化蜥蜴人弓箭手"
cn_56080,"弱化邪恶兽人堕落者"
cn_56081,"弱化史莱姆"
cn_56082,"见习暗魂骑士长枪手"
cn_56083,"弱化人狼"
cn_56084,"弱化石头戈仑"
cn_56085,"弱化蜥蜴人"
cn_56086,"魔化兽人战士"
cn_56087,"魔化兽人弓箭手"
cn_56088,"魔化螳螂人"
cn_56089,"魔化兽人法师"
cn_56090,"树人守卫"
cn_56091,"白羽狮鹫"
cn_56092,"魔化昂哥蜘蛛"
cn_56093,"熊地精之王"
cn_56094,"山岳蜥蜴"
cn_56095,"弱化独眼巨人"
cn_56096,"魔化兽人步兵"
cn_56097,"魔化兽人卫兵"
cn_56098,"魔化兽人重弩手"
cn_56099,"劳华变种昂哥蜘蛛"
cn_56100,"劳华异种戈仑"
cn_56101,"邪恶海贼"
cn_56102,"邪恶海贼弓箭手"
cn_56103,"高等蜥蜴人弓箭手"
cn_56104,"高等蜥蜴人"
cn_56105,"海贼"
cn_56106,"海贼火枪手"
cn_56107,"邪恶海贼船长"
cn_56108,"变异大副"
cn_56109,"新手导师"
cn_56110,"武器导师"
cn_56111,"防具导师"
cn_56112,"魔法导师"
cn_56113,"变形导师"
cn_56114,"传送师"
cn_56115,"战斗导师"
cn_56116,"巨大欧吉"
cn_56117,"高等巨魔"
cn_56118,"石头戈仑"
cn_56119,"邪恶傀儡"
cn_56120,"操作导师"
cn_56121,"抽奖机"
cn_56122,"点券兑换"
cn_56123,"深渊地狱指定传送卷轴"
cn_56124,"NULL"
cn_56125,"NULL"
cn_57001,"阿福娃娃"
cn_57002,"飞天娃娃"
cn_57003,"石头戈伦娃娃"
cn_57004,"雪人娃娃"
cn_57005,"肥肥娃娃"
cn_57006,"红长者娃娃"
cn_57007,"绿长老娃娃"
cn_57008,"蓝雪怪娃娃"
cn_57009,"冰戈伦娃娃"
cn_57010,"蜂女娃娃"
cn_57011,"八戒娃娃"
cn_57012,"艾安娃娃"
cn_57013,"火戈伦娃娃"
cn_57014,"虚鲲娃娃"
cn_57015,"木灵娃娃"
cn_57016,"火爆娃娃"
cn_57017,"阿土娃娃"
cn_57018,"比卡娃娃"
cn_57019,"死神娃娃"
cn_57020,"风神娃娃"
cn_57021,"独眼娃娃"
cn_57022,"冰女王娃娃"
cn_57023,"牛头人娃娃"
cn_57024,"小魔怪娃娃"
cn_57025,"NULL"
cn_57026,"NULL"
cn_57027,"地底熔岩戈伦"
cn_57028,"侏儒矿工"
cn_57029,"Allison (Novice Assitant)"
cn_57030,"告示牌"
cn_57031,"死亡之镰[转生]"
cn_57032,"地底小恶魔"
cn_57033,"劳华小恶魔"
cn_57034,"黑暗祭司·托斯塔纳"
cn_57035,"蛇妖女王·美杜莎"
cn_57036,"熔岩裁决者"
cn_57037,"万圣捣乱使者"
cn_58000,"戈仑之心"
cn_58001,"永结之冰晶"
cn_58002,"不死鸟之羽"
cn_58003,"德雷克之心"
cn_58004,"蒂安之石"
cn_58005,"加拉哈德的圣物"
cn_58006,"暗魂骑士之证"
cn_58007,"木头人偶"
cn_58008,"蒂安教圣物"
cn_58009,"免费住宿券"
cn_58010,"应许头像框碎片"
cn_58011,"马洛斯像框碎片"
cn_58012,"精灵园林头像框碎片"
cn_58013,"妖魔村头像框碎片"
cn_58014,"骑特拉头像框碎片"
cn_58015,"沙棘木头像框碎片"
cn_58016,"达特福德头像框碎片"
cn_58017,"劳华头像框碎片"
cn_58018,"水凌林头像框碎片"
cn_58019,"海贼岛头像框碎片"
cn_58020,"表情包兑换券（7天）"
cn_58021,"表情包兑换券（30天）"
cn_58022,"聊天颜色兑换券（7天）"
cn_58023,"聊天颜色兑换券（30天）"
cn_58024,"星座头像框兑换券"
cn_58025,"50级珍稀头像框兑换券"
cn_58026,"王族职业头像框兑换券"
cn_58027,"法师职业头像框兑换券"
cn_58028,"骑士职业头像框兑换券"
cn_58029,"精灵职业头像框兑换券"
cn_58030,"黑妖职业头像框兑换券"
cn_58031,"幸运抽奖券"
cn_60001,"银箭"
cn_60002,"秘银箭"
cn_60003,"黑色秘银箭"
cn_60004,"奥钢箭"
cn_60006,"天选专属月辉之泪"
cn_60007,"天选专属强化自我加速药水"
cn_60008,"天选专属治愈药水"
cn_60009,"天选专属强力治愈药水"
cn_60010,"天选专属终极治愈药水"
cn_60011,"龙鳞箭"
cn_60012,"1.1倍经验魔方（绑定限时）"
cn_60013,"1.2倍经验魔方"
cn_60014,"1.5倍经验魔方（绑定限时）"
cn_60015,"1.5倍经验魔方（绑定限时）"
cn_60021,"隐谷印记礼盒"
cn_60022,"力敏智万能药礼盒"
cn_60023,"力智毅万能药礼盒"
cn_60024,"敏智毅万能药礼盒"
cn_60025,"四合一万能药礼盒"
cn_60026,"力量万能药礼盒"
cn_60027,"敏捷万能药礼盒"
cn_60028,"智力万能药礼盒"
cn_60029,"毅力万能药礼盒"
cn_60031,"1.5倍经验魔方"
cn_60032,"10倍经验魔方"
cn_60033,"英雄药水"
cn_60034,"英雄礼包"
cn_60035,"破碎的英雄项链"
cn_60036,"精准饼干"
cn_60037,"1.1倍经验魔方"
cn_60038,"1.5倍经验魔方"
cn_60039,"2倍经验魔方"
cn_60040,"3倍经验魔方"
cn_60041,"黄金箭"
cn_60042,"高级英雄药水"
cn_60043,"英雄指环的残渣"
cn_60044,"元素盒子"
cn_60045,"特殊素材盒子"
cn_60046,"复明药水"
cn_60047,"勇敢果实"
cn_60048,"勇敢果实（绑定）"
cn_60049,"苦无"
cn_60050,"奥钢飞刀"
cn_60051,"手里剑"
cn_60052,"苦无"
cn_60053,"殷海萨守护塔"
cn_60054,"格兰肯守护塔"
cn_60055,"高文"
cn_60056,"海底探险者"
cn_60057,"梅林的书信（任务道具）"
cn_60058,"蜥蜴的肉（任务道具）"
cn_60059,"费思的推荐信（任务道具）"
cn_60060,"蛇毒结晶（任务道具）"
cn_60061,"巨眼浆液（任务道具）"
cn_60062,"变形核心（任务道具）"
cn_60063,"特殊解毒药剂（任务道具）"
cn_60064,"水镜结晶（任务道具）"
cn_60065,"古旧的守护骑士雕像（任务道具）"
cn_60066,"鱼人鳞片（任务道具）"
cn_60067,"伊娃守护者勋章"
cn_60068,"美人鱼之泪（任务道具）"
cn_60069,"海蛞蝓的脂膏（任务道具）"
cn_60070,"海底矿石（任务道具）"
cn_60071,"试炼地图（任务道具）"
cn_60072,"支援物资（任务道具）"
cn_60073,"支援证明（任务道具）"
cn_60074,"解毒药剂材料（任务道具）"
cn_60075,"铸剑炉材料（任务道具）"
cn_60076,"支援准许证"
cn_60077,"伊娃守护者办事员"
cn_60078,"2倍经验魔方（绑定限时）"
cn_60079,"2倍经验魔方礼盒"
cn_60080,"对武器强化的卷轴（祝福）[限时](绑定)"
cn_60081,"兰马洛克"
cn_60082,"首充礼包"
cn_60083,"10级角色成长礼盒"
cn_60084,"20级角色成长礼盒"
cn_60085,"30级角色成长礼盒"
cn_60086,"40级角色成长礼盒"
cn_60087,"50级角色成长礼盒"
cn_60088,"练功宝箱"
cn_60089,"练级礼包"
cn_60090,"新手戒指"
cn_60091,"Premium徽章"
cn_60092,"纪念腰带"
cn_60093,"转生礼包1-50"
cn_60094,"转生礼包51-55"
cn_60095,"转生礼包56-60"
cn_60096,"转生礼包61-65"
cn_60097,"转生礼包66-70"
cn_60098,"先锋盔甲"
cn_60099,"先锋头盔"
cn_60100,"先锋T恤"
cn_60101,"先锋披风"
cn_60102,"先锋手套"
cn_60103,"先锋长靴"
cn_60104,"先锋套装礼包"
cn_60105,"泡点福袋"
cn_60106,"高级泡点福袋"
cn_60107,"泡点笔记"
cn_60108,"高级泡点笔记"
cn_60109,"娃娃体力泉水"
cn_60110,"洗炼圣水"
cn_60111,"一阶魔力球"
cn_60112,"二阶魔力球"
cn_60113,"三阶魔力球"
cn_60114,"四阶魔力球"
cn_60115,"五阶魔力球"
cn_60116,"瑕疵的魔力球"
cn_60117,"魔力球兑换券"
cn_60118,"终极治愈药水礼包"
cn_60119,"体验高变礼包"
cn_60120,"海螺礼包"
cn_60121,"轮回奥术礼包"
cn_60122,"回忆心泉礼包"
cn_60123,"近战初心者礼包"
cn_60124,"精灵战士初心者礼包"
cn_60125,"精灵射手初心者礼包"
cn_60126,"法师吸血初心者礼包"
cn_60127,"法师装备初心者礼包"
cn_60128,"暗夜精灵双刀初心者礼包"
cn_60129,"暗夜精灵手甲初心者礼包"
cn_60130,"55级角色成长礼包"
cn_60131,"57级角色成长礼包"
cn_60132,"60级角色成长礼包"
cn_60133,"二级空白魔法卷轴"
cn_60134,"三级空白魔法卷轴"
cn_60135,"四级空白魔法卷轴"
cn_60136,"五级空白魔法卷轴"
cn_60137,"六级空白魔法卷轴"
cn_60138,"魔法卷轴（初级治愈术）"
cn_60139,"魔法卷轴（日光术）"
cn_60140,"魔法卷轴（保护罩）"
cn_60141,"魔法卷轴（光箭）"
cn_60142,"魔法卷轴（冰箭）"
cn_60143,"魔法卷轴（风刃）"
cn_60144,"魔法卷轴（神圣武器）"
cn_60145,"魔法卷轴（解毒术）"
cn_60146,"魔法卷轴（寒冷战憟）"
cn_60147,"魔法卷轴（毒咒）"
cn_60148,"魔法卷轴（附魔武器）"
cn_60149,"魔法卷轴（破匿之眼）"
cn_60150,"魔法卷轴（负重强化）"
cn_60151,"魔法卷轴（火箭）"
cn_60152,"魔法卷轴（地狱之牙）"
cn_60153,"魔法卷轴（极光雷电）"
cn_60154,"魔法卷轴（超度术）"
cn_60155,"魔法卷轴（中级治愈术）"
cn_60156,"魔法卷轴（暗盲咒术）"
cn_60157,"魔法卷轴（护持）"
cn_60158,"魔法卷轴（寒冰气息）"
cn_60159,"魔法卷轴（弱性感测）"
cn_60160,"魔法卷轴（燃烧的火球）"
cn_60161,"魔法卷轴（通畅气脉术）"
cn_60162,"魔法卷轴（坏物术）"
cn_60163,"魔法卷轴（体力夺取）"
cn_60164,"魔法卷轴（缓速术）"
cn_60165,"魔法卷轴（岩牢）"
cn_60166,"魔法卷轴（魔法屏障）"
cn_60167,"魔法卷轴（冥想术）"
cn_60168,"魔法卷轴（缚身术）"
cn_60169,"魔法卷轴（极道落雷）"
cn_60170,"魔法卷轴（高级治愈术）"
cn_60171,"魔法卷轴（迷魅术）"
cn_60172,"魔法卷轴（圣洁之光）"
cn_60173,"魔法卷轴（冰锥）"
cn_60174,"魔法卷轴（魔力夺取）"
cn_60175,"魔法卷轴（黑暗之影）"
cn_60176,"魔法卷轴（傀儡术）"
cn_60177,"魔法卷轴（体魄强健术）"
cn_60178,"魔法卷轴（加速术）"
cn_60179,"魔法卷轴（魔法相消术）"
cn_60180,"魔法卷轴（地裂术）"
cn_60181,"魔法卷轴（烈炎术）"
cn_60182,"魔法卷轴（弱化术）"
cn_60183,"魔法卷轴（神佑武器）"
cn_60184,"贺年烟花"
cn_60185,"红灯笼"
cn_60186,"红灯笼"
cn_60187,"红灯笼"
cn_60188,"红灯笼"
cn_60189,"红灯笼"
cn_60190,"红灯笼"
cn_60191,"红灯笼"
cn_60192,"红灯笼"
cn_60193,"红灯笼"
cn_60194,"红灯笼"
cn_60195,"吉祥结"
cn_60196,"惊喜贺年福袋"
cn_60197,"惊喜贺年福袋（倒计时）"
cn_60198,"平安贺年福袋"
cn_60199,"平安贺年福袋（倒计时）"
cn_60200,"魔法书礼盒"
cn_60201,"变形匕首礼盒"
cn_60202,"强力防具强化卷轴"
cn_60203,"强力武器强化卷轴"
cn_60204,"EXP Cube (500% EXP Buff)"
cn_60205,"Gold Pocket"
cn_60206,"Unknown Trophy"
cn_60207,"普通魔法宝箱"
cn_60208,"高级魔法宝箱"
cn_60209,"Bag of 1k Gold Coins"
cn_60210,"瑕疵的深红长矛"
cn_60211,"瑕疵的毁灭巨剑"
cn_60212,"不死鸟的羽毛"
cn_60213,"勇者勋章"
cn_60214,"杀戮通行证"
cn_60215,"一阶魔力球（祝福）"
cn_60216,"死神契约"
cn_60217,"Novice's Long Sword"
cn_60218,"Novice's Bow"
cn_60219,"Novice's Staff"
cn_60220,"Novice's Dual Blades"
cn_60221,"Novice's Gauntlet"
cn_60222,"Novice's Leather Armor"
cn_60223,"Novice's Cape"
cn_60224,"Novice's Plate Armor"
cn_60225,"Novice's Spike Leather Armor"
cn_60226,"Novice's Leather Cap"
cn_60227,"Novice's Cloak"
cn_60228,"Novice's Mantle"
cn_60229,"Novice's Cloak of Stealth"
cn_60230,"Novice's Shirt"
cn_60231,"Novice's Leather Gloves"
cn_60232,"Novice's Leather Boosts"
cn_60233,"Novice's Round Shield"
cn_60234,"Novice's Tower Shield"
cn_60235,"TP Advanced Permit"
cn_60236,"TP Basic Permit"
cn_60237,"TP Daily Quest Permit (Quest)"
cn_60238,"Lv.1 TP Point Note"
cn_60239,"Lv.2 TP Point Note"
cn_60240,"Lv.3 TP Point Note"
cn_60241,"TP Advanced Daily Quest Permit (Quest)"
cn_60242,"TP Redeem Ticket"
cn_60243,"Orianna's Emergency Message(Quest)"
cn_60244,"Alchemist's Emergency Message(Quest)"
cn_60245,"Xfeng's Emergency Message(Quest)"
cn_60246,"Karguk's Emergency Message(Quest)"
cn_60247,"Scout Info of Undead's Movement(Quest)"
cn_60248,"Orianna [Teon Pass]"
cn_60249,"TP Lv.35 Rewards Pack"
cn_60250,"TP Lv.45 Rewards Pack"
cn_60251,"Wild Magic Epistles"
cn_60252,"Arcane Magic Epistles"
cn_60253,"TP Treasure Pack"
cn_60254,"Vina [Advanced Teon Pass]"
cn_60255,"Scout Info of Undead's Invading(Quest)"
cn_60256,"Villagers' goods"
cn_60257,"Maros Market's goods"
cn_60258,"Dwarf's armors"
cn_60259,"Dwarf's weapons"
cn_60260,"Lycanthrope's Pelt"
cn_60261,"Werewolf's Pelt"
cn_60262,"Friar's cope"
cn_60263,"Friar's staff"
cn_60264,"Stone Golem's Skin"
cn_60265,"Stone Golem's Core"
cn_60266,"Ungoliant's Thread"
cn_60267,"Ungoliant's Fang"
cn_60268,"Elder's Draft Note Bag"
cn_60269,"Elder's Advanced Draft Note Bag"
cn_60270,"Advanced TP Point Note"
cn_60271,"圣灵武器强化卷轴"
cn_60272,"Scout Info of MirrorForest (Quest)"
cn_60273,"Token of MirrorForest's Monster (Quest)"
cn_60274,"Token of Eva Castle's Monster (Quest)"
cn_60275,"Information of MirrorForest's Monsters (Quest)"
cn_60276,"Information of Eva Castle's Monsters (Quest)"
cn_60277,"Information of Sea Bed's Unique Monsters (Quest)"
cn_60278,"Token of Monster Leader (Quest)"
cn_60279,"Lv.1 Scout Quest Delegator"
cn_60280,"Lv.2 Scout Quest Delegator"
cn_60281,"Lv.3 Scout Quest Delegator"
cn_60282,"Adv. Scout Quest Delegator"
cn_60283,"Lv.1 Scout Permit Vendor"
cn_60284,"Lv.2 Scout Permit Vendor"
cn_60285,"Lv.3 Scout Permit Vendor"
cn_60286,"Adv. Scout Permit Vendor"
cn_60287,"Lv.1 Scout Permit"
cn_60288,"Lv.2 Scout Permit"
cn_60289,"Lv.3 Scout Permit"
cn_60290,"Adv. Scout Permit"
cn_60291,"高级圣灵石"
cn_60292,"Eva Guardian Badge"
cn_60293,"Cerberus's Core"
cn_60294,"Proof of Adv. Trial"
cn_60295,"圣灵武器强化卷轴兑换卷"
cn_60296,"圣灵武器强化保护卷轴"
cn_60297,"Null"
cn_60298,"Null"
cn_60299,"Null"
cn_60300,"Null"
cn_60301,"Null"
cn_60302,"Wong"
cn_60303,"Null"
cn_60304,"Null"
cn_60305,"Null"
cn_60306,"Null"
cn_60307,"Null"
cn_60308,"Null"
cn_60309,"Null"
cn_60310,"Null"
cn_60311,"Null"
cn_60312,"Null"
cn_60313,"Null"
cn_60314,"Null"
cn_60315,"Null"
cn_60316,"Null"
cn_60317,"Null"
cn_60318,"Null"
cn_60319,"Null"
cn_60320,"Null"
cn_60321,"Null"
cn_60322,"Null"
cn_60323,"Null"
cn_60324,"Null"
cn_60325,"Null"
cn_60326,"Null"
cn_60327,"Null"
cn_60328,"Null"
cn_60329,"Battle Medal"
cn_60330,"Monsters' Token"
cn_60331,"Reward Ticket"
cn_60332,"Null"
cn_60333,"Null"
cn_60334,"Null"
cn_60335,"Null"
cn_60336,"Null"
cn_60337,"Null"
cn_60338,"Null"
cn_60339,"Null"
cn_60340,"Null"
cn_60341,"Null"
cn_60342,"Null"
cn_60343,"Null"
cn_60344,"Null"
cn_60345,"Null"
cn_60346,"圣诞铃铛"
cn_60347,"圣诞星"
cn_60348,"闪耀圣诞星"
cn_60349,"a的愿望"
cn_60350,"b的愿望"
cn_60351,"c的愿望"
cn_60352,"d的愿望"
cn_60353,"e的愿望"
cn_60354,"f的愿望"
cn_60355,"圣诞雪花"
cn_60356,"雪人"
cn_60357,"圣诞使者"
cn_60358,"雪人的礼物"
cn_60359,"拐杖糖"
cn_60360,"姜饼人"
cn_60361,"a的愿望"
cn_60362,"b的愿望"
cn_60363,"c的愿望"
cn_60364,"d的愿望"
cn_60365,"e的愿望"
cn_60366,"Janet"
cn_60367,"Billy"
cn_60368,"Mike"
cn_60369,"Daisy"
cn_60370,"Scroll of Snow Fes Polymorph"
cn_60371,"???"
cn_60372,"Magic Hourglass Pack"
cn_60373,"ConcentratedMagic Hourglass Pack S"
cn_60374,"ConcentratedMagic Hourglass Pack M"
cn_60375,"ConcentratedMagic Hourglass Pack L"